Rk,Player,Nation,Pos,Squad,Age,Born,90s,Gls,Sh,SoT,SoT%,Sh/90,SoT/90,G/Sh,G/SoT,Dist,FK,PK,PKatt,xG,npxG,npxG/Sh,G-xG,np:G-xG,Matches
1,Max Aarons,eng ENG,DF,Bournemouth,25-126,2000,1.0,0,0,0,,0.00,0.00,,,,0,0,0,0.0,0.0,,0.0,0.0,Matches
2,Joshua Acheampong,eng ENG,DF,Chelsea,19-005,2006,1.9,0,2,0,0.0,1.06,0.00,0.00,,8.9,0,0,0,0.2,0.2,0.11,-0.2,-0.2,Matches
3,Tyler Adams,us USA,MF,Bournemouth,26-085,1999,19.0,0,8,2,25.0,0.42,0.11,0.00,0.00,16.1,0,0,0,1.6,1.6,0.19,-1.6,-1.6,Matches
4,Tosin Adarabioyo,eng ENG,DF,Chelsea,27-228,1997,13.7,1,12,2,16.7,0.88,0.15,0.08,0.50,12.5,0,0,0,0.9,0.9,0.08,+0.1,+0.1,Matches
5,Simon Adingra,ci CIV,"FW,MF",Brighton,23-129,2002,10.6,2,25,7,28.0,2.35,0.66,0.08,0.29,16.2,0,0,0,2.2,2.2,0.09,-0.2,-0.2,Matches
6,Emmanuel Agbadou,ci CIV,DF,Wolves,27-327,1997,12.7,0,6,1,16.7,0.47,0.08,0.00,0.00,31.8,1,0,0,0.3,0.3,0.05,-0.3,-0.3,Matches
7,Asher Agbinone,eng ENG,MF,Crystal Palace,19-224,2005,0.1,0,1,0,0.0,15.00,0.00,0.00,,26.3,0,0,0,0.0,0.0,0.02,0.0,0.0,Matches
8,Ola Aina,ng NGA,DF,Nott'ham Forest,28-214,1996,30.4,2,10,2,20.0,0.33,0.07,0.20,1.00,25.9,0,0,0,0.6,0.6,0.06,+1.4,+1.4,Matches
9,Rayan Aït-Nouri,dz ALG,DF,Wolves,23-338,2001,31.8,4,34,8,23.5,1.07,0.25,0.12,0.50,14.9,0,0,0,2.6,2.6,0.08,+1.4,+1.4,Matches
10,Kristoffer Ajer,no NOR,DF,Brentford,27-023,1998,15.6,0,8,3,37.5,0.51,0.19,0.00,0.00,10.2,0,0,0,0.8,0.8,0.10,-0.8,-0.8,Matches
11,Manuel Akanji,ch SUI,DF,Manchester City,29-295,1995,19.4,0,10,1,10.0,0.52,0.05,0.00,0.00,16.3,0,0,0,0.7,0.7,0.07,-0.7,-0.7,Matches
12,Nathan Aké,nl NED,DF,Manchester City,30-081,1995,7.5,0,3,0,0.0,0.40,0.00,0.00,,10.0,0,0,0,0.2,0.2,0.07,-0.2,-0.2,Matches
13,Carlos Alcaraz,ar ARG,MF,Southampton,22-161,2002,0.1,0,1,1,100.0,9.00,9.00,0.00,0.00,9.7,0,0,0,0.1,0.1,0.07,-0.1,-0.1,Matches
14,Carlos Alcaraz,ar ARG,"FW,MF",Everton,22-161,2002,6.4,1,19,6,31.6,2.95,0.93,0.05,0.17,20.4,0,0,0,1.3,1.3,0.07,-0.3,-0.3,Matches
15,Trent Alexander-Arnold,eng ENG,DF,Liverpool,26-215,1998,25.5,3,43,8,18.6,1.69,0.31,0.07,0.38,23.3,2,0,0,1.8,1.8,0.04,+1.2,+1.2,Matches
16,Alisson,br BRA,GK,Liverpool,32-220,1992,24.9,0,0,0,,0.00,0.00,,,,0,0,0,0.0,0.0,,0.0,0.0,Matches
17,Miguel Almirón,py PAR,FW,Newcastle Utd,31-089,1994,1.7,0,6,2,33.3,3.44,1.15,0.00,0.00,14.2,0,0,0,0.5,0.5,0.09,-0.5,-0.5,Matches
18,Edson Álvarez,mx MEX,MF,West Ham,27-198,1997,18.1,0,11,1,9.1,0.61,0.06,0.00,0.00,26.7,0,0,0,0.3,0.3,0.03,-0.3,-0.3,Matches
19,Will Alves,eng ENG,FW,Leicester City,20-096,2005,0.0,0,0,0,,0.00,0.00,,,,0,0,0,0.0,0.0,,0.0,0.0,Matches
20,Harry Amass,eng ENG,DF,Manchester Utd,18-055,2007,2.8,0,2,0,0.0,0.70,0.00,0.00,,20.9,0,0,0,0.0,0.0,0.02,0.0,0.0,Matches
21,Samuel Amo-Ameyaw,eng ENG,"FW,DF",Southampton,18-296,2006,0.3,0,1,0,0.0,3.21,0.00,0.00,,20.7,0,0,0,0.0,0.0,0.02,0.0,0.0,Matches
22,Mathis Amougou,fr FRA,MF,Chelsea,19-112,2006,0.1,0,0,0,,0.00,0.00,,,,0,0,0,0.0,0.0,,0.0,0.0,Matches
23,Joachim Andersen,dk DEN,DF,Crystal Palace,28-344,1996,1.0,0,1,1,100.0,1.00,1.00,0.00,0.00,25.2,0,0,0,0.0,0.0,0.04,0.0,0.0,Matches
24,Joachim Andersen,dk DEN,DF,Fulham,28-344,1996,25.7,0,17,4,23.5,0.66,0.16,0.00,0.00,15.2,0,0,0,1.0,1.0,0.06,-1.0,-1.0,Matches
25,Elliot Anderson,eng ENG,MF,Nott'ham Forest,22-185,2002,27.4,2,37,7,18.9,1.35,0.26,0.05,0.29,19.4,0,0,0,1.9,1.9,0.05,+0.1,+0.1,Matches
Rk,Player,Nation,Pos,Squad,Age,Born,90s,Gls,Sh,SoT,SoT%,Sh/90,SoT/90,G/Sh,G/SoT,Dist,FK,PK,PKatt,xG,npxG,npxG/Sh,G-xG,np:G-xG,Matches
26,André,br BRA,MF,Wolves,23-298,2001,25.0,0,9,1,11.1,0.36,0.04,0.00,0.00,25.3,0,0,0,0.4,0.4,0.04,-0.4,-0.4,Matches
27,Michail Antonio,jm JAM,FW,West Ham,35-043,1990,9.3,1,19,4,21.1,2.05,0.43,0.05,0.25,12.6,0,0,0,2.2,2.2,0.12,-1.2,-1.2,Matches
28,Antony,br BRA,"DF,MF",Manchester Utd,25-075,2000,1.6,0,6,3,50.0,3.83,1.91,0.00,0.00,15.8,0,0,0,1.0,1.0,0.17,-1.0,-1.0,Matches
29,Julian Araujo,mx MEX,DF,Bournemouth,23-270,2001,4.7,0,0,0,,0.00,0.00,,,,0,0,0,0.0,0.0,,0.0,0.0,Matches
30,Cameron Archer,eng ENG,FW,Southampton,23-293,2001,15.3,2,27,9,33.3,1.77,0.59,0.07,0.22,13.1,0,0,1,5.1,4.3,0.16,-3.1,-2.3,Matches
31,Alphonse Areola,fr FRA,GK,West Ham,32-072,1993,23.1,0,0,0,,0.00,0.00,,,,0,0,0,0.0,0.0,,0.0,0.0,Matches
32,Joe Aribo,ng NGA,"MF,DF",Southampton,28-293,1996,21.2,3,17,7,41.2,0.80,0.33,0.18,0.43,14.0,0,0,0,2.7,2.7,0.16,+0.3,+0.3,Matches
33,Adam Armstrong,eng ENG,"FW,MF",Southampton,28-089,1997,13.9,2,25,7,28.0,1.80,0.50,0.08,0.29,16.6,0,0,1,3.3,2.3,0.09,-1.3,-0.3,Matches
34,Harrison Armstrong,eng ENG,MF,Everton,18-111,2007,0.5,0,1,0,0.0,1.87,0.00,0.00,,5.8,0,0,0,0.4,0.4,0.37,-0.4,-0.4,Matches
35,Kepa Arrizabalaga,es ESP,GK,Bournemouth,30-219,1994,28.0,0,1,0,0.0,0.04,0.00,0.00,,9.7,0,0,0,0.1,0.1,0.06,-0.1,-0.1,Matches
36,Marco Asensio,es ESP,"MF,FW",Aston Villa,29-109,1996,6.0,3,17,8,47.1,2.83,1.33,0.18,0.38,18.9,1,0,2,4.2,2.6,0.15,-1.2,+0.4,Matches
37,Brandon Austin,eng ENG,GK,Tottenham,26-122,1999,1.0,0,0,0,,0.00,0.00,,,,0,0,0,0.0,0.0,,0.0,0.0,Matches
38,Taiwo Awoniyi,ng NGA,FW,Nott'ham Forest,27-271,1997,4.5,1,10,4,40.0,2.21,0.88,0.10,0.25,12.6,0,0,0,2.1,2.1,0.21,-1.1,-1.1,Matches
39,Yasin Ayari,se SWE,MF,Brighton,21-216,2003,19.5,1,25,7,28.0,1.28,0.36,0.04,0.14,19.0,2,0,0,2.2,2.2,0.09,-1.2,-1.2,Matches
40,Jordan Ayew,gh GHA,"FW,MF",Crystal Palace,33-241,1991,0.2,0,1,0,0.0,4.29,0.00,0.00,,5.5,0,0,0,0.5,0.5,0.46,-0.5,-0.5,Matches
41,Jordan Ayew,gh GHA,"FW,MF",Leicester City,33-241,1991,15.8,5,28,8,28.6,1.77,0.51,0.14,0.50,18.8,4,1,1,3.0,2.2,0.08,+2.0,+1.8,Matches
42,Benoît Badiashile,fr FRA,DF,Chelsea,24-045,2001,3.7,0,0,0,,0.00,0.00,,,,0,0,0,0.0,0.0,,0.0,0.0,Matches
43,Leon Bailey,jm JAM,"FW,MF",Aston Villa,27-274,1997,12.6,1,28,6,21.4,2.21,0.47,0.04,0.17,17.3,2,0,0,1.7,1.7,0.06,-0.7,-0.7,Matches
44,Carlos Baleba,cm CMR,MF,Brighton,21-127,2004,26.7,3,41,11,26.8,1.54,0.41,0.07,0.27,25.3,1,0,0,3.0,3.0,0.07,0.0,0.0,Matches
45,Ross Barkley,eng ENG,MF,Aston Villa,31-156,1993,6.3,3,15,5,33.3,2.36,0.79,0.20,0.60,14.0,0,0,0,1.7,1.7,0.11,+1.3,+1.3,Matches
46,Harvey Barnes,eng ENG,FW,Newcastle Utd,27-152,1997,16.7,9,55,18,32.7,3.29,1.08,0.16,0.50,15.0,0,0,0,6.6,6.6,0.12,+2.4,+2.4,Matches
47,Calvin Bassey,ng NGA,DF,Fulham,25-130,1999,32.2,1,14,4,28.6,0.44,0.12,0.07,0.25,15.3,0,0,0,1.0,1.0,0.07,0.0,0.0,Matches
48,Altay Bayındır,tr TUR,GK,Manchester Utd,27-026,1998,2.0,0,0,0,,0.00,0.00,,,,0,0,0,0.0,0.0,,0.0,0.0,Matches
49,Jan Bednarek,pl POL,DF,Southampton,29-028,1996,27.1,2,5,2,40.0,0.18,0.07,0.40,1.00,16.0,0,0,0,0.7,0.7,0.13,+1.3,+1.3,Matches
50,Armel Bella Kotchap,de GER,DF,Southampton,23-150,2001,3.7,0,1,0,0.0,0.27,0.00,0.00,,9.1,0,0,0,0.3,0.3,0.32,-0.3,-0.3,Matches
Rk,Player,Nation,Pos,Squad,Age,Born,90s,Gls,Sh,SoT,SoT%,Sh/90,SoT/90,G/Sh,G/SoT,Dist,FK,PK,PKatt,xG,npxG,npxG/Sh,G-xG,np:G-xG,Matches
51,Jean-Ricner Bellegarde,fr FRA,"MF,FW",Wolves,26-317,1998,17.2,2,20,5,25.0,1.16,0.29,0.10,0.40,21.7,2,0,0,1.3,1.3,0.07,+0.7,+0.7,Matches
52,Rodrigo Bentancur,uy URU,MF,Tottenham,27-319,1997,16.9,2,22,5,22.7,1.30,0.30,0.09,0.40,17.4,0,0,0,1.3,1.3,0.06,+0.7,+0.7,Matches
53,Daniel Bentley,eng ENG,GK,Wolves,31-301,1993,1.0,0,0,0,,0.00,0.00,,,,0,0,0,0.0,0.0,,0.0,0.0,Matches
54,Sander Berge,no NOR,MF,Fulham,27-085,1998,23.2,0,2,0,0.0,0.09,0.00,0.00,,7.6,0,0,0,0.2,0.2,0.08,-0.2,-0.2,Matches
55,Lucas Bergvall,se SWE,MF,Tottenham,19-097,2006,13.5,0,12,2,16.7,0.89,0.15,0.00,0.00,19.9,0,0,0,0.7,0.7,0.06,-0.7,-0.7,Matches
56,Victor Bernth Kristiansen,dk DEN,DF,Leicester City,22-145,2002,26.4,0,3,0,0.0,0.11,0.00,0.00,,17.7,0,0,0,0.3,0.3,0.11,-0.3,-0.3,Matches
57,Beto,gw GNB,FW,Everton,27-099,1998,14.1,7,40,20,50.0,2.84,1.42,0.18,0.35,13.2,0,0,0,6.6,6.6,0.16,+0.4,+0.4,Matches
58,Philip Billing,dk DEN,MF,Bournemouth,28-333,1996,2.0,0,5,1,20.0,2.45,0.49,0.00,0.00,17.9,0,0,0,0.6,0.6,0.11,-0.6,-0.6,Matches
59,Yves Bissouma,ml MLI,MF,Tottenham,28-253,1996,14.4,2,11,4,36.4,0.76,0.28,0.18,0.50,23.4,0,0,0,0.6,0.6,0.06,+1.4,+1.4,Matches
60,Oscar Bobb,no NOR,FW,Manchester City,21-302,2003,0.2,0,0,0,,0.00,0.00,,,,0,0,0,0.0,0.0,,0.0,0.0,Matches
61,Lamare Bogarde,nl NED,"DF,MF",Aston Villa,21-125,2004,5.3,0,1,1,100.0,0.19,0.19,0.00,0.00,20.2,0,0,0,0.0,0.0,0.04,0.0,0.0,Matches
62,Willy Boly,ci CIV,DF,Nott'ham Forest,34-096,1991,1.7,0,1,1,100.0,0.60,0.60,0.00,0.00,10.2,0,0,0,0.1,0.1,0.07,-0.1,-0.1,Matches
63,Sven Botman,nl NED,DF,Newcastle Utd,25-118,2000,2.6,0,1,0,0.0,0.39,0.00,0.00,,11.7,0,0,0,0.0,0.0,0.03,0.0,0.0,Matches
64,Jarrod Bowen,eng ENG,"FW,MF",West Ham,28-141,1996,30.2,10,78,32,41.0,2.58,1.06,0.12,0.28,17.4,1,1,1,8.0,7.3,0.09,+2.0,+1.7,Matches
65,Conor Bradley,nir NIR,DF,Liverpool,21-305,2003,6.3,0,9,3,33.3,1.43,0.48,0.00,0.00,14.3,0,0,0,0.6,0.6,0.07,-0.6,-0.6,Matches
66,Jarrad Branthwaite,eng ENG,DF,Everton,22-317,2002,26.1,0,8,3,37.5,0.31,0.11,0.00,0.00,8.2,0,0,0,1.1,1.1,0.14,-1.1,-1.1,Matches
67,James Bree,eng ENG,DF,Southampton,27-211,1997,9.9,0,4,1,25.0,0.40,0.10,0.00,0.00,22.7,0,0,0,0.1,0.1,0.03,-0.1,-0.1,Matches
68,Ben Brereton,cl CHI,FW,Southampton,26-022,1999,5.0,0,11,1,9.1,2.20,0.20,0.00,0.00,17.3,0,0,0,0.9,0.9,0.08,-0.9,-0.9,Matches
69,Nathan Broadhead,wls WAL,"MF,FW",Ipswich Town,27-035,1998,6.7,1,10,6,60.0,1.49,0.89,0.10,0.17,15.4,0,0,0,1.5,1.5,0.15,-0.5,-0.5,Matches
70,Armando Broja,al ALB,FW,Everton,23-242,2001,3.7,0,4,0,0.0,1.08,0.00,0.00,,17.3,0,0,0,0.1,0.1,0.03,-0.1,-0.1,Matches
71,David Brooks,wls WAL,"FW,MF",Bournemouth,27-306,1997,9.2,2,22,10,45.5,2.38,1.08,0.09,0.20,16.8,0,0,0,2.2,2.2,0.10,-0.2,-0.2,Matches
72,Emi Buendía,ar ARG,"MF,FW",Aston Villa,28-136,1996,1.1,0,5,0,0.0,4.59,0.00,0.00,,19.1,1,0,0,0.7,0.7,0.13,-0.7,-0.7,Matches
73,Santiago Bueno,uy URU,DF,Wolves,26-182,1998,18.7,0,6,3,50.0,0.32,0.16,0.00,0.00,14.0,0,0,0,0.4,0.4,0.07,-0.4,-0.4,Matches
74,Facundo Buonanotte,ar ARG,"FW,MF",Leicester City,20-138,2004,16.4,4,34,10,29.4,2.08,0.61,0.12,0.40,17.8,0,0,0,3.8,3.8,0.11,+0.2,+0.2,Matches
75,Cameron Burgess,au AUS,DF,Ipswich Town,29-201,1995,16.1,0,9,1,11.1,0.56,0.06,0.00,0.00,9.7,0,0,0,0.7,0.7,0.08,-0.7,-0.7,Matches
Rk,Player,Nation,Pos,Squad,Age,Born,90s,Gls,Sh,SoT,SoT%,Sh/90,SoT/90,G/Sh,G/SoT,Dist,FK,PK,PKatt,xG,npxG,npxG/Sh,G-xG,np:G-xG,Matches
76,Dan Burn,eng ENG,DF,Newcastle Utd,33-001,1992,34.0,1,20,5,25.0,0.59,0.15,0.05,0.20,9.9,0,0,0,1.7,1.7,0.09,-0.7,-0.7,Matches
77,Wes Burns,wls WAL,"FW,DF",Ipswich Town,30-168,1994,10.3,0,7,1,14.3,0.68,0.10,0.00,0.00,18.3,0,0,0,0.5,0.5,0.07,-0.5,-0.5,Matches
78,Nathan Butler-Oyedeji,eng ENG,FW,Arsenal,22-126,2003,0.1,0,1,1,100.0,12.86,12.86,0.00,0.00,15.6,0,0,0,0.1,0.1,0.07,-0.1,-0.1,Matches
79,Moisés Caicedo,ec ECU,"MF,DF",Chelsea,23-189,2001,34.2,1,18,3,16.7,0.53,0.09,0.06,0.33,25.1,0,0,0,0.8,0.8,0.04,+0.2,+0.2,Matches
80,Tom Cairney,sct SCO,MF,Fulham,34-110,1991,5.5,1,5,2,40.0,0.91,0.36,0.20,0.50,23.3,1,0,0,0.2,0.2,0.04,+0.8,+0.8,Matches
81,Jens Cajuste,se SWE,MF,Ipswich Town,25-273,1999,19.8,1,10,1,10.0,0.50,0.05,0.10,1.00,21.3,0,0,0,0.5,0.5,0.05,+0.5,+0.5,Matches
82,Riccardo Calafiori,it ITA,DF,Arsenal,22-356,2002,10.3,2,10,6,60.0,0.97,0.58,0.20,0.33,14.1,0,0,0,0.9,0.9,0.09,+1.1,+1.1,Matches
83,Dominic Calvert-Lewin,eng ENG,FW,Everton,28-055,1997,17.6,3,47,17,36.2,2.66,0.96,0.06,0.18,12.3,0,0,0,6.2,6.2,0.13,-3.2,-3.2,Matches
84,Diego Carlos,br BRA,DF,Aston Villa,32-056,1993,9.2,0,4,1,25.0,0.43,0.11,0.00,0.00,6.7,0,0,0,0.6,0.6,0.16,-0.6,-0.6,Matches
85,Fabio Carvalho,pt POR,"FW,MF",Brentford,22-253,2002,5.1,2,12,5,41.7,2.37,0.99,0.17,0.40,14.7,0,0,0,2.5,2.5,0.21,-0.5,-0.5,Matches
86,Casemiro,br BRA,MF,Manchester Utd,33-076,1992,14.8,1,28,8,28.6,1.89,0.54,0.04,0.13,18.8,0,0,0,1.7,1.7,0.06,-0.7,-0.7,Matches
87,Kaelan Casey,eng ENG,DF,West Ham,20-194,2004,0.0,0,0,0,,0.00,0.00,,,,0,0,0,0.0,0.0,,0.0,0.0,Matches
88,Matty Cash,pl POL,DF,Aston Villa,27-276,1997,20.0,1,10,4,40.0,0.50,0.20,0.10,0.25,19.0,0,0,0,0.3,0.3,0.03,+0.7,+0.7,Matches
89,Eiran Cashin,ie IRL,DF,Brighton,23-182,2001,0.2,0,0,0,,0.00,0.00,,,,0,0,0,0.0,0.0,,0.0,0.0,Matches
90,Timothy Castagne,be BEL,DF,Fulham,29-156,1995,18.3,0,8,3,37.5,0.44,0.16,0.00,0.00,14.0,0,0,0,0.4,0.4,0.05,-0.4,-0.4,Matches
91,Trevoh Chalobah,eng ENG,DF,Crystal Palace,25-309,1999,11.8,3,11,4,36.4,0.93,0.34,0.27,0.75,15.1,0,0,0,1.2,1.2,0.11,+1.8,+1.8,Matches
92,Trevoh Chalobah,eng ENG,DF,Chelsea,25-309,1999,9.3,0,6,2,33.3,0.65,0.22,0.00,0.00,10.8,0,0,0,0.7,0.7,0.12,-0.7,-0.7,Matches
93,Conor Chaplin,eng ENG,"MF,FW",Ipswich Town,28-083,1997,7.9,1,12,3,25.0,1.52,0.38,0.08,0.33,18.3,0,0,0,1.2,1.2,0.10,-0.2,-0.2,Matches
94,Youssef Chermiti,pt POR,"FW,MF",Everton,20-351,2004,0.5,0,3,1,33.3,6.00,2.00,0.00,0.00,13.2,0,0,0,0.1,0.1,0.04,-0.1,-0.1,Matches
95,Federico Chiesa,it ITA,FW,Liverpool,27-197,1997,0.5,0,4,2,50.0,7.83,3.91,0.00,0.00,20.1,0,0,0,0.2,0.2,0.06,-0.2,-0.2,Matches
96,Ben Chilwell,eng ENG,DF,Crystal Palace,28-140,1996,1.5,0,2,1,50.0,1.29,0.65,0.00,0.00,27.6,1,0,0,0.1,0.1,0.04,-0.1,-0.1,Matches
97,Chiquinho,pt POR,MF,Wolves,25-094,2000,0.1,0,0,0,,0.00,0.00,,,,0,0,0,0.0,0.0,,0.0,0.0,Matches
98,Hamza Choudhury,bd BAN,"MF,DF",Leicester City,27-221,1997,1.5,0,0,0,,0.00,0.00,,,,0,0,0,0.0,0.0,,0.0,0.0,Matches
99,Ryan Christie,sct SCO,MF,Bournemouth,30-077,1995,23.5,2,33,12,36.4,1.40,0.51,0.06,0.17,19.6,0,0,0,1.8,1.8,0.06,+0.2,+0.2,Matches
100,Harry Clarke,eng ENG,DF,Ipswich Town,24-069,2001,4.2,0,1,1,100.0,0.24,0.24,0.00,0.00,4.5,0,0,0,0.1,0.1,0.08,-0.1,-0.1,Matches
Rk,Player,Nation,Pos,Squad,Age,Born,90s,Gls,Sh,SoT,SoT%,Sh/90,SoT/90,G/Sh,G/SoT,Dist,FK,PK,PKatt,xG,npxG,npxG/Sh,G-xG,np:G-xG,Matches
101,Jack Clarke,eng ENG,"FW,MF",Ipswich Town,24-168,2000,11.7,0,14,2,14.3,1.19,0.17,0.00,0.00,19.4,0,0,0,1.0,1.0,0.07,-1.0,-1.0,Matches
102,Nathaniel Clyne,eng ENG,"DF,MF",Crystal Palace,34-035,1991,5.4,0,2,0,0.0,0.37,0.00,0.00,,31.4,0,0,0,0.0,0.0,0.01,0.0,0.0,Matches
103,Conor Coady,eng ENG,DF,Leicester City,32-074,1993,16.0,0,1,1,100.0,0.06,0.06,0.00,0.00,9.2,0,0,0,0.1,0.1,0.11,-0.1,-0.1,Matches
104,Séamus Coleman,ie IRL,DF,Everton,36-211,1988,2.2,0,1,1,100.0,0.46,0.46,0.00,0.00,10.5,0,0,0,0.6,0.6,0.57,-0.6,-0.6,Matches
105,Nathan Collins,ie IRL,DF,Brentford,24-010,2001,35.0,2,17,6,35.3,0.49,0.17,0.12,0.33,10.7,0,0,0,2.5,2.5,0.15,-0.5,-0.5,Matches
106,Toby Collyer,eng ENG,MF,Manchester Utd,21-127,2004,2.0,0,1,0,0.0,0.50,0.00,0.00,,6.2,0,0,0,0.2,0.2,0.17,-0.2,-0.2,Matches
107,Levi Colwill,eng ENG,DF,Chelsea,22-073,2003,32.0,1,16,3,18.8,0.50,0.09,0.06,0.33,9.9,0,0,0,1.3,1.3,0.08,-0.3,-0.3,Matches
108,Lewis Cook,eng ENG,"MF,DF",Bournemouth,28-096,1997,31.3,1,14,4,28.6,0.45,0.13,0.07,0.25,23.4,1,0,0,0.9,0.9,0.07,+0.1,+0.1,Matches
109,Maxwel Cornet,ci CIV,FW,Southampton,28-225,1996,0.8,0,1,0,0.0,1.25,0.00,0.00,,18.8,0,0,0,0.2,0.2,0.16,-0.2,-0.2,Matches
110,Vladimír Coufal,cz CZE,DF,West Ham,32-261,1992,9.7,0,4,1,25.0,0.41,0.10,0.00,0.00,16.7,0,0,0,0.2,0.2,0.05,-0.2,-0.2,Matches
111,Woyo Coulibaly,fr FRA,DF,Leicester City,25-355,1999,1.2,0,2,1,50.0,1.65,0.83,0.00,0.00,19.4,0,0,0,0.0,0.0,0.02,0.0,0.0,Matches
112,Aaron Cresswell,eng ENG,DF,West Ham,35-146,1989,7.5,0,3,0,0.0,0.40,0.00,0.00,,29.8,2,0,0,0.1,0.1,0.04,-0.1,-0.1,Matches
113,Marc Cucurella,es ESP,DF,Chelsea,26-292,1998,30.2,4,22,9,40.9,0.73,0.30,0.18,0.44,16.5,0,0,0,2.6,2.6,0.12,+1.4,+1.4,Matches
114,Jorge Cuenca,es ESP,DF,Fulham,25-174,1999,2.9,0,1,0,0.0,0.35,0.00,0.00,,13.1,0,0,0,0.0,0.0,0.02,0.0,0.0,Matches
115,Matheus Cunha,br BRA,"MF,FW",Wolves,25-348,1999,26.9,15,97,40,41.2,3.60,1.48,0.15,0.38,20.6,12,0,0,7.9,7.9,0.08,+7.1,+7.1,Matches
116,Patson Daka,zm ZAM,"FW,MF",Leicester City,26-213,1998,7.3,1,15,4,26.7,2.07,0.55,0.07,0.25,14.8,0,0,0,1.3,1.3,0.08,-0.3,-0.3,Matches
117,Diogo Dalot,pt POR,DF,Manchester Utd,26-053,1999,31.0,0,23,5,21.7,0.74,0.16,0.00,0.00,15.6,0,0,0,2.0,2.0,0.09,-2.0,-2.0,Matches
118,Mikkel Damsgaard,dk DEN,"MF,FW",Brentford,24-311,2000,29.5,2,32,7,21.9,1.08,0.24,0.06,0.29,17.5,3,0,0,2.6,2.6,0.08,-0.6,-0.6,Matches
119,Danilo,br BRA,"MF,FW",Nott'ham Forest,24-011,2001,3.0,0,0,0,,0.00,0.00,,,,0,0,0,0.0,0.0,,0.0,0.0,Matches
120,Jayden Danns,eng ENG,MF,Liverpool,19-114,2006,0.1,0,0,0,,0.00,0.00,,,,0,0,0,0.0,0.0,,0.0,0.0,Matches
121,Kevin Danso,at AUT,DF,Tottenham,26-233,1998,6.4,0,6,2,33.3,0.94,0.31,0.00,0.00,17.5,0,0,0,0.4,0.4,0.07,-0.4,-0.4,Matches
122,Ben Davies,wls WAL,DF,Tottenham,32-016,1993,12.5,0,5,1,20.0,0.40,0.08,0.00,0.00,17.0,0,0,0,0.3,0.3,0.06,-0.3,-0.3,Matches
123,Leif Davis,eng ENG,DF,Ipswich Town,25-118,2000,28.5,1,14,2,14.3,0.49,0.07,0.07,0.50,20.4,2,0,0,0.9,0.9,0.06,+0.1,+0.1,Matches
124,Craig Dawson,eng ENG,DF,Wolves,35-004,1990,10.8,0,5,1,20.0,0.46,0.09,0.00,0.00,8.5,0,0,0,0.5,0.5,0.10,-0.5,-0.5,Matches
125,Kevin De Bruyne,be BEL,"MF,FW",Manchester City,33-316,1991,17.1,4,49,14,28.6,2.87,0.82,0.08,0.29,21.7,6,0,0,3.8,3.8,0.08,+0.2,+0.2,Matches
Rk,Player,Nation,Pos,Squad,Age,Born,90s,Gls,Sh,SoT,SoT%,Sh/90,SoT/90,G/Sh,G/SoT,Dist,FK,PK,PKatt,xG,npxG,npxG/Sh,G-xG,np:G-xG,Matches
126,Bobby De Cordova-Reid,jm JAM,FW,Leicester City,32-097,1993,8.3,1,7,3,42.9,0.85,0.36,0.14,0.33,25.1,0,0,0,0.8,0.8,0.11,+0.2,+0.2,Matches
127,Liam Delap,eng ENG,FW,Ipswich Town,22-091,2003,27.7,12,64,28,43.8,2.31,1.01,0.16,0.36,16.0,0,2,2,9.3,7.7,0.12,+2.7,+2.3,Matches
128,Sepp van den Berg,nl NED,DF,Brentford,23-141,2001,25.7,0,16,5,31.3,0.62,0.19,0.00,0.00,10.6,0,0,0,1.7,1.7,0.11,-1.7,-1.7,Matches
129,Justin Devenny,nir NIR,MF,Crystal Palace,21-211,2003,4.8,1,8,4,50.0,1.68,0.84,0.13,0.25,21.2,1,0,0,0.7,0.7,0.08,+0.3,+0.3,Matches
130,Kiernan Dewsbury-Hall,eng ENG,"MF,FW",Chelsea,26-246,1998,2.9,0,1,0,0.0,0.35,0.00,0.00,,7.8,0,0,0,0.2,0.2,0.22,-0.2,-0.2,Matches
131,Amad Diallo,ci CIV,"FW,MF",Manchester Utd,22-303,2002,18.2,7,43,14,32.6,2.36,0.77,0.16,0.50,18.0,0,0,0,4.2,4.2,0.10,+2.8,+2.8,Matches
132,Rúben Dias,pt POR,DF,Manchester City,27-361,1997,22.2,0,18,5,27.8,0.81,0.22,0.00,0.00,19.2,0,0,0,1.4,1.4,0.08,-1.4,-1.4,Matches
133,Luis Díaz,co COL,FW,Liverpool,28-117,1997,24.7,12,65,27,41.5,2.63,1.09,0.18,0.44,13.5,0,0,0,10.0,10.0,0.15,+2.0,+2.0,Matches
134,Tyler Dibling,eng ENG,"FW,MF",Southampton,19-059,2006,19.4,2,28,9,32.1,1.45,0.46,0.07,0.22,19.3,0,0,0,2.5,2.5,0.09,-0.5,-0.5,Matches
135,Lucas Digne,fr FRA,DF,Aston Villa,31-294,1993,25.1,0,13,3,23.1,0.52,0.12,0.00,0.00,22.7,5,0,0,0.8,0.8,0.06,-0.8,-0.8,Matches
136,Issa Diop,fr FRA,DF,Fulham,28-121,1997,14.9,0,5,2,40.0,0.34,0.13,0.00,0.00,10.7,0,0,0,0.5,0.5,0.11,-0.5,-0.5,Matches
137,Axel Disasi,fr FRA,DF,Aston Villa,27-060,1998,5.4,0,2,0,0.0,0.37,0.00,0.00,,19.5,0,0,0,0.1,0.1,0.04,-0.1,-0.1,Matches
138,Axel Disasi,fr FRA,DF,Chelsea,27-060,1998,4.0,1,2,1,50.0,0.49,0.25,0.50,1.00,12.3,0,0,0,0.3,0.3,0.14,+0.7,+0.7,Matches
139,Roman Dixon,eng ENG,DF,Everton,20-135,2004,1.0,0,0,0,,0.00,0.00,,,,0,0,0,0.0,0.0,,0.0,0.0,Matches
140,Nasser Djiga,bf BFA,"DF,FW",Wolves,22-176,2002,0.2,0,0,0,,0.00,0.00,,,,0,0,0,0.0,0.0,,0.0,0.0,Matches
141,Matt Doherty,ie IRL,DF,Wolves,33-114,1992,21.8,2,10,3,30.0,0.46,0.14,0.20,0.67,11.4,0,0,0,1.0,1.0,0.10,+1.0,+1.0,Matches
142,Jeremy Doku,be BEL,"FW,MF",Manchester City,22-348,2002,15.5,3,24,9,37.5,1.55,0.58,0.13,0.33,18.2,0,0,0,1.0,1.0,0.04,+2.0,+2.0,Matches
143,Nicolás Domínguez,ar ARG,"MF,FW",Nott'ham Forest,26-316,1998,19.3,0,18,7,38.9,0.93,0.36,0.00,0.00,19.0,0,0,0,1.4,1.4,0.08,-1.4,-1.4,Matches
144,Patrick Dorgu,dk DEN,DF,Manchester Utd,20-196,2004,7.0,0,9,2,22.2,1.29,0.29,0.00,0.00,16.2,0,0,0,0.4,0.4,0.04,-0.4,-0.4,Matches
145,Alfie Dorrington,eng ENG,DF,Tottenham,20-020,2005,0.2,0,0,0,,0.00,0.00,,,,0,0,0,0.0,0.0,,0.0,0.0,Matches
146,Abdoulaye Doucouré,ml MLI,MF,Everton,32-129,1993,26.9,3,29,9,31.0,1.08,0.33,0.10,0.33,13.8,0,0,0,3.9,3.9,0.13,-0.9,-0.9,Matches
147,Cheick Doucouré,ml MLI,MF,Crystal Palace,25-122,2000,5.0,0,7,0,0.0,1.39,0.00,0.00,,20.6,0,0,0,0.4,0.4,0.06,-0.4,-0.4,Matches
148,Flynn Downes,eng ENG,MF,Southampton,26-110,1999,20.9,1,10,3,30.0,0.48,0.14,0.10,0.33,18.7,0,0,0,0.6,0.6,0.06,+0.4,+0.4,Matches
149,Tommy Doyle,eng ENG,MF,Wolves,23-205,2001,5.4,0,9,2,22.2,1.66,0.37,0.00,0.00,24.5,1,0,0,0.6,0.6,0.06,-0.6,-0.6,Matches
150,Radu Drăgușin,ro ROU,DF,Tottenham,23-096,2002,13.9,0,5,1,20.0,0.36,0.07,0.00,0.00,12.7,0,0,0,0.1,0.1,0.02,-0.1,-0.1,Matches
Rk,Player,Nation,Pos,Squad,Age,Born,90s,Gls,Sh,SoT,SoT%,Sh/90,SoT/90,G/Sh,G/SoT,Dist,FK,PK,PKatt,xG,npxG,npxG/Sh,G-xG,np:G-xG,Matches
151,Martin Dúbravka,sk SVK,GK,Newcastle Utd,36-115,1989,10.0,0,0,0,,0.00,0.00,,,,0,0,0,0.0,0.0,,0.0,0.0,Matches
152,Lewis Dunk,eng ENG,DF,Brighton,33-170,1991,23.1,0,12,3,25.0,0.52,0.13,0.00,0.00,12.1,1,0,0,0.8,0.8,0.07,-0.8,-0.8,Matches
153,Jáder Durán,co COL,FW,Aston Villa,21-148,2003,7.1,7,31,15,48.4,4.37,2.12,0.23,0.47,15.6,0,0,0,4.9,4.9,0.16,+2.1,+2.1,Matches
154,Ederson,br BRA,GK,Manchester City,31-266,1993,22.8,0,0,0,,0.00,0.00,,,,0,0,0,0.0,0.0,,0.0,0.0,Matches
155,George Edmundson,eng ENG,DF,Ipswich Town,27-252,1997,0.0,0,0,0,,0.00,0.00,,,,0,0,0,0.0,0.0,,0.0,0.0,Matches
156,Odsonne Édouard,fr FRA,"MF,FW",Crystal Palace,27-114,1998,1.3,0,5,1,20.0,3.91,0.78,0.00,0.00,20.9,0,0,0,0.4,0.4,0.08,-0.4,-0.4,Matches
157,Odsonne Édouard,fr FRA,FW,Leicester City,27-114,1998,0.3,0,0,0,,0.00,0.00,,,,0,0,0,0.0,0.0,,0.0,0.0,Matches
158,Samuel Edozie,eng ENG,"DF,FW",Southampton,22-102,2003,0.7,0,0,0,,0.00,0.00,,,,0,0,0,0.0,0.0,,0.0,0.0,Matches
159,Ronnie Edwards,eng ENG,DF,Southampton,22-043,2003,0.1,0,0,0,,0.00,0.00,,,,0,0,0,0.0,0.0,,0.0,0.0,Matches
160,Anthony Elanga,se SWE,"FW,MF",Nott'ham Forest,23-013,2002,24.8,6,40,21,52.5,1.61,0.85,0.15,0.29,17.3,5,0,0,4.2,4.2,0.11,+1.8,+1.8,Matches
161,Harvey Elliott,eng ENG,"MF,FW",Liverpool,22-036,2003,3.0,0,13,2,15.4,4.38,0.67,0.00,0.00,18.0,1,0,0,0.8,0.8,0.06,-0.8,-0.8,Matches
162,Yunus Emre Konak,tr TUR,"FW,MF",Brentford,19-120,2006,0.5,0,1,0,0.0,2.20,0.00,0.00,,21.4,0,0,0,0.2,0.2,0.15,-0.2,-0.2,Matches
163,Julio Enciso,py PAR,"FW,MF",Ipswich Town,21-107,2004,7.9,2,26,10,38.5,3.30,1.27,0.08,0.20,22.7,1,0,0,1.5,1.5,0.06,+0.5,+0.5,Matches
164,Julio Enciso,py PAR,"MF,FW",Brighton,21-107,2004,3.3,0,20,11,55.0,6.12,3.37,0.00,0.00,21.3,1,0,0,1.0,1.0,0.05,-1.0,-1.0,Matches
165,Wataru Endo,jp JPN,MF,Liverpool,32-090,1993,2.6,0,0,0,,0.00,0.00,,,,0,0,0,0.0,0.0,,0.0,0.0,Matches
166,Christian Eriksen,dk DEN,MF,Manchester Utd,33-085,1992,11.4,0,11,1,9.1,0.96,0.09,0.00,0.00,24.9,2,0,0,0.4,0.4,0.03,-0.4,-0.4,Matches
167,Romain Esse,eng ENG,MF,Crystal Palace,19-362,2005,0.4,1,1,1,100.0,2.65,2.65,1.00,1.00,2.8,0,0,0,0.3,0.3,0.32,+0.7,+0.7,Matches
168,Pervis Estupiñán,ec ECU,DF,Brighton,27-109,1998,24.7,1,23,7,30.4,0.93,0.28,0.04,0.14,24.5,3,0,0,1.1,1.1,0.05,-0.1,-0.1,Matches
169,Evanilson,br BRA,FW,Bournemouth,25-216,1999,22.9,10,66,29,43.9,2.89,1.27,0.15,0.34,13.0,0,0,1,11.6,10.8,0.16,-1.6,-0.8,Matches
170,Jake Evans,,FW,Leicester City,,,0.1,0,0,0,,0.00,0.00,,,,0,0,0,0.0,0.0,,0.0,0.0,Matches
171,Jonny Evans,nir NIR,DF,Manchester Utd,37-127,1988,3.2,0,1,0,0.0,0.31,0.00,0.00,,8.4,0,0,0,0.1,0.1,0.10,-0.1,-0.1,Matches
172,Eberechi Eze,eng ENG,"MF,FW",Crystal Palace,26-315,1998,27.0,5,95,24,25.3,3.52,0.89,0.04,0.17,21.6,16,1,2,9.1,7.5,0.08,-4.1,-3.5,Matches
173,Łukasz Fabiański,pl POL,GK,West Ham,40-022,1985,11.9,0,0,0,,0.00,0.00,,,,0,0,0,0.0,0.0,,0.0,0.0,Matches
174,Wout Faes,be BEL,DF,Leicester City,27-037,1998,28.3,1,11,1,9.1,0.39,0.04,0.09,1.00,10.0,0,0,0,1.4,1.4,0.12,-0.4,-0.4,Matches
175,Abdul Fatawu Issahaku,gh GHA,FW,Leicester City,21-063,2004,6.4,0,13,5,38.5,2.02,0.78,0.00,0.00,31.2,0,0,0,0.4,0.4,0.03,-0.4,-0.4,Matches
Rk,Player,Nation,Pos,Squad,Age,Born,90s,Gls,Sh,SoT,SoT%,Sh/90,SoT/90,G/Sh,G/SoT,Dist,FK,PK,PKatt,xG,npxG,npxG/Sh,G-xG,np:G-xG,Matches
176,João Félix,pt POR,"FW,MF",Chelsea,25-181,1999,4.1,1,20,5,25.0,4.88,1.22,0.05,0.20,15.9,0,0,0,2.2,2.2,0.11,-1.2,-1.2,Matches
177,Evan Ferguson,ie IRL,FW,West Ham,20-203,2004,1.7,0,5,1,20.0,2.88,0.58,0.00,0.00,17.2,0,0,0,0.6,0.6,0.11,-0.6,-0.6,Matches
178,Evan Ferguson,ie IRL,FW,Brighton,20-203,2004,2.7,1,7,2,28.6,2.56,0.73,0.14,0.50,19.2,1,0,0,0.5,0.5,0.08,+0.5,+0.5,Matches
179,Bruno Fernandes,pt POR,MF,Manchester Utd,30-244,1994,30.6,8,83,25,30.1,2.71,0.82,0.06,0.20,21.9,12,3,3,9.5,7.1,0.09,-1.5,-2.1,Matches
180,Mateus Fernandes,pt POR,MF,Southampton,20-304,2004,29.3,2,39,14,35.9,1.33,0.48,0.05,0.14,18.5,3,0,0,3.8,3.8,0.10,-1.8,-1.8,Matches
181,Enzo Fernández,ar ARG,MF,Chelsea,24-113,2001,29.7,6,51,19,37.3,1.71,0.64,0.12,0.32,18.2,2,0,0,6.0,6.0,0.12,0.0,0.0,Matches
182,Mark Flekken,nl NED,GK,Brentford,31-331,1993,33.4,0,0,0,,0.00,0.00,,,,0,0,0,0.0,0.0,,0.0,0.0,Matches
183,Phil Foden,eng ENG,"MF,FW",Manchester City,24-347,2000,18.8,7,52,16,30.8,2.76,0.85,0.13,0.44,18.5,2,0,0,5.1,5.1,0.10,+1.9,+1.9,Matches
184,Wesley Fofana,fr FRA,DF,Chelsea,24-144,2000,13.0,0,3,0,0.0,0.23,0.00,0.00,,10.6,0,0,0,0.4,0.4,0.13,-0.4,-0.4,Matches
185,Carlos Forbs,pt POR,"MF,FW",Wolves,21-052,2004,2.7,0,2,0,0.0,0.75,0.00,0.00,,19.1,0,0,0,0.1,0.1,0.07,-0.1,-0.1,Matches
186,Fraser Forster,eng ENG,GK,Tottenham,37-054,1988,7.0,0,0,0,,0.00,0.00,,,,0,0,0,0.0,0.0,,0.0,0.0,Matches
187,Matheus França,br BRA,"FW,MF",Crystal Palace,21-039,2004,0.3,1,3,2,66.7,10.38,6.92,0.33,0.50,12.8,0,0,0,0.1,0.1,0.04,+0.9,+0.9,Matches
188,Ryan Fraser,sct SCO,"FW,DF",Southampton,31-075,1994,3.4,0,1,1,100.0,0.29,0.29,0.00,0.00,31.6,0,0,0,0.0,0.0,0.03,0.0,0.0,Matches
189,Tyler Fredricson,eng ENG,DF,Manchester Utd,20-076,2005,1.8,0,0,0,,0.00,0.00,,,,0,0,0,0.0,0.0,,0.0,0.0,Matches
190,Niclas Füllkrug,de GER,FW,West Ham,32-090,1993,7.4,3,14,5,35.7,1.89,0.67,0.21,0.60,10.2,0,0,0,2.0,2.0,0.14,+1.0,+1.0,Matches
191,Cody Gakpo,nl NED,FW,Liverpool,26-003,1999,19.1,9,51,21,41.2,2.67,1.10,0.18,0.43,15.2,0,0,0,6.5,6.5,0.13,+2.5,+2.5,Matches
192,Idrissa Gana Gueye,sn SEN,MF,Everton,35-226,1989,31.0,0,27,5,18.5,0.87,0.16,0.00,0.00,25.2,0,0,0,1.1,1.1,0.04,-1.1,-1.1,Matches
193,Andrés García,es ESP,"DF,MF",Aston Villa,22-092,2003,3.5,0,2,0,0.0,0.57,0.00,0.00,,26.6,0,0,0,0.0,0.0,0.02,0.0,0.0,Matches
194,Alejandro Garnacho,ar ARG,"MF,FW",Manchester Utd,20-313,2004,23.8,6,83,29,34.9,3.48,1.22,0.07,0.21,17.2,0,0,0,7.2,7.2,0.09,-1.2,-1.2,Matches
195,James Garner,eng ENG,"MF,DF",Everton,24-058,2001,14.7,0,7,2,28.6,0.48,0.14,0.00,0.00,24.1,1,0,0,0.3,0.3,0.04,-0.3,-0.3,Matches
196,Tyrique George,eng ENG,FW,Chelsea,19-095,2006,1.1,1,3,1,33.3,2.62,0.87,0.33,1.00,15.0,0,0,0,0.2,0.2,0.07,+0.8,+0.8,Matches
197,Morgan Gibbs-White,eng ENG,MF,Nott'ham Forest,25-103,2000,28.2,5,53,18,34.0,1.88,0.64,0.09,0.28,17.0,3,0,0,4.7,4.7,0.09,+0.3,+0.3,Matches
198,Billy Gilmour,sct SCO,MF,Brighton,23-333,2001,1.1,0,1,0,0.0,0.92,0.00,0.00,,25.5,1,0,0,0.1,0.1,0.08,-0.1,-0.1,Matches
199,Ben Godfrey,eng ENG,DF,Ipswich Town,27-115,1998,1.8,0,0,0,,0.00,0.00,,,,0,0,0,0.0,0.0,,0.0,0.0,Matches
200,Martial Godo,eng ENG,FW,Fulham,22-057,2003,0.2,0,0,0,,0.00,0.00,,,,0,0,0,0.0,0.0,,0.0,0.0,Matches
Rk,Player,Nation,Pos,Squad,Age,Born,90s,Gls,Sh,SoT,SoT%,Sh/90,SoT/90,G/Sh,G/SoT,Dist,FK,PK,PKatt,xG,npxG,npxG/Sh,G-xG,np:G-xG,Matches
201,Michael Golding,eng ENG,MF,Leicester City,18-352,2006,0.0,0,0,0,,0.00,0.00,,,,0,0,0,0.0,0.0,,0.0,0.0,Matches
202,João Gomes,br BRA,MF,Wolves,24-087,2001,30.9,3,33,7,21.2,1.07,0.23,0.09,0.43,18.1,0,0,0,2.7,2.7,0.08,+0.3,+0.3,Matches
203,Rodrigo Gomes,pt POR,"DF,FW",Wolves,21-307,2003,7.5,2,6,3,50.0,0.80,0.40,0.33,0.67,17.3,0,0,0,0.6,0.6,0.09,+1.4,+1.4,Matches
204,Toti Gomes,pt POR,DF,Wolves,26-114,1999,26.0,0,7,2,28.6,0.27,0.08,0.00,0.00,11.6,0,0,0,0.7,0.7,0.10,-0.7,-0.7,Matches
205,Diego Gómez,py PAR,MF,Brighton,22-044,2003,4.9,0,6,0,0.0,1.22,0.00,0.00,,19.4,2,0,0,0.7,0.7,0.12,-0.7,-0.7,Matches
206,Joe Gomez,eng ENG,DF,Liverpool,27-352,1997,5.8,0,3,2,66.7,0.52,0.35,0.00,0.00,11.9,0,0,0,0.3,0.3,0.11,-0.3,-0.3,Matches
207,Nicolás González,es ESP,MF,Manchester City,23-127,2002,7.2,0,7,0,0.0,0.97,0.00,0.00,,19.3,0,0,0,0.3,0.3,0.04,-0.3,-0.3,Matches
208,Anthony Gordon,eng ENG,FW,Newcastle Utd,24-075,2001,24.8,6,56,16,28.6,2.26,0.64,0.09,0.31,16.8,1,1,2,8.0,6.4,0.11,-2.0,-1.4,Matches
209,Ryan Gravenberch,nl NED,MF,Liverpool,22-359,2002,32.5,0,18,5,27.8,0.55,0.15,0.00,0.00,24.7,0,0,0,1.0,1.0,0.06,-1.0,-1.0,Matches
210,Archie Gray,eng ENG,"DF,MF",Tottenham,19-059,2006,16.5,0,1,1,100.0,0.06,0.06,0.00,0.00,24.6,0,0,0,0.0,0.0,0.02,0.0,0.0,Matches
211,Jack Grealish,eng ENG,"FW,MF",Manchester City,29-242,1995,8.0,1,15,5,33.3,1.87,0.62,0.07,0.20,16.3,0,0,0,1.1,1.1,0.08,-0.1,-0.1,Matches
212,Jacob Greaves,eng ENG,DF,Ipswich Town,24-240,2000,21.5,1,8,4,50.0,0.37,0.19,0.13,0.25,8.3,0,0,0,1.2,1.2,0.16,-0.2,-0.2,Matches
213,Brajan Gruda,de GER,"FW,MF",Brighton,20-344,2004,5.6,0,4,2,50.0,0.71,0.35,0.00,0.00,16.8,2,0,0,0.4,0.4,0.10,-0.4,-0.4,Matches
214,Albert Grønbaek,dk DEN,"FW,MF",Southampton,23-352,2001,1.6,0,2,0,0.0,1.26,0.00,0.00,,22.4,0,0,0,0.1,0.1,0.06,-0.1,-0.1,Matches
215,Gonçalo Guedes,pt POR,"MF,FW",Wolves,28-162,1996,8.7,2,19,7,36.8,2.18,0.80,0.11,0.29,20.0,0,0,0,2.2,2.2,0.12,-0.2,-0.2,Matches
216,Marc Guéhi,eng ENG,DF,Crystal Palace,24-301,2000,33.0,3,15,7,46.7,0.45,0.21,0.20,0.43,10.7,0,0,0,2.0,2.0,0.13,+1.0,+1.0,Matches
217,Luis Guilherme,br BRA,"MF,FW",West Ham,19-090,2006,1.5,0,3,1,33.3,1.96,0.65,0.00,0.00,14.9,0,0,0,0.3,0.3,0.10,-0.3,-0.3,Matches
218,Bruno Guimarães,br BRA,MF,Newcastle Utd,27-175,1997,33.4,4,39,10,25.6,1.17,0.30,0.10,0.40,16.3,0,0,0,3.9,3.9,0.10,+0.1,+0.1,Matches
219,Marc Guiu,es ESP,FW,Chelsea,19-126,2006,0.8,0,0,0,,0.00,0.00,,,,0,0,0,0.0,0.0,,0.0,0.0,Matches
220,İlkay Gündoğan,de GER,MF,Manchester City,34-198,1990,22.8,0,25,5,20.0,1.10,0.22,0.00,0.00,18.3,2,0,0,2.7,2.7,0.11,-2.7,-2.7,Matches
221,Malo Gusto,fr FRA,DF,Chelsea,21-356,2003,20.4,0,22,4,18.2,1.08,0.20,0.00,0.00,21.3,0,0,0,1.7,1.7,0.08,-1.7,-1.7,Matches
222,Joško Gvardiol,hr CRO,DF,Manchester City,23-107,2002,33.4,5,37,11,29.7,1.11,0.33,0.14,0.45,13.0,0,0,0,4.4,4.0,0.11,+0.6,+1.0,Matches
223,Erling Haaland,no NOR,FW,Manchester City,24-293,2000,27.6,21,99,54,54.5,3.59,1.96,0.19,0.35,12.2,1,2,3,20.8,18.4,0.19,+0.2,+0.6,Matches
224,Lewis Hall,eng ENG,DF,Newcastle Utd,20-244,2004,24.3,0,11,1,9.1,0.45,0.04,0.00,0.00,18.8,0,0,0,0.4,0.4,0.04,-0.4,-0.4,Matches
225,Ali Al Hamadi,iq IRQ,FW,Ipswich Town,23-070,2002,1.5,0,4,0,0.0,2.69,0.00,0.00,,15.7,0,0,0,0.4,0.4,0.09,-0.4,-0.4,Matches
Rk,Player,Nation,Pos,Squad,Age,Born,90s,Gls,Sh,SoT,SoT%,Sh/90,SoT/90,G/Sh,G/SoT,Dist,FK,PK,PKatt,xG,npxG,npxG/Sh,G-xG,np:G-xG,Matches
226,Marcus Harness,eng ENG,MF,Ipswich Town,29-075,1996,0.5,0,0,0,,0.00,0.00,,,,0,0,0,0.0,0.0,,0.0,0.0,Matches
227,Jack Harrison,eng ENG,FW,Everton,28-171,1996,21.1,1,27,6,22.2,1.28,0.28,0.04,0.17,16.3,0,0,0,3.3,3.3,0.12,-2.3,-2.3,Matches
228,Taylor Harwood-Bellis,eng ENG,DF,Southampton,23-100,2002,29.5,1,20,8,40.0,0.68,0.27,0.05,0.13,10.6,0,0,0,1.8,1.8,0.09,-0.8,-0.8,Matches
229,Kai Havertz,de GER,"FW,MF",Arsenal,25-333,1999,20.4,9,52,21,40.4,2.54,1.03,0.17,0.43,11.7,0,0,0,9.4,9.4,0.18,-0.4,-0.4,Matches
230,Ayden Heaven,eng ENG,DF,Manchester Utd,18-230,2006,1.1,0,0,0,,0.00,0.00,,,,0,0,0,0.0,0.0,,0.0,0.0,Matches
231,Jan Paul van Hecke,nl NED,DF,Brighton,24-336,2000,29.9,1,16,5,31.3,0.54,0.17,0.06,0.20,14.1,0,0,0,1.3,1.3,0.08,-0.3,-0.3,Matches
232,Hwang Hee-chan,kr KOR,"MF,FW",Wolves,29-104,1996,7.2,2,5,3,60.0,0.69,0.41,0.40,0.67,17.4,0,0,0,0.8,0.8,0.16,+1.2,+1.2,Matches
233,Dean Henderson,eng ENG,GK,Crystal Palace,28-059,1997,35.0,0,1,0,0.0,0.03,0.00,0.00,,14.9,0,0,0,0.0,0.0,0.01,0.0,0.0,Matches
234,Rico Henry,eng ENG,DF,Brentford,27-306,1997,0.9,0,0,0,,0.00,0.00,,,,0,0,0,0.0,0.0,,0.0,0.0,Matches
235,Mads Hermansen,dk DEN,GK,Leicester City,24-303,2000,26.5,0,0,0,,0.00,0.00,,,,0,0,0,0.0,0.0,,0.0,0.0,Matches
236,Son Heung-min,kr KOR,FW,Tottenham,32-306,1992,22.3,7,53,24,45.3,2.38,1.08,0.11,0.25,17.0,1,1,2,7.0,5.4,0.10,0.0,+0.6,Matches
237,James Hill,eng ENG,DF,Bournemouth,23-120,2002,5.0,0,6,0,0.0,1.21,0.00,0.00,,13.9,0,0,0,0.3,0.3,0.05,-0.3,-0.3,Matches
238,Jack Hinshelwood,eng ENG,"DF,MF",Brighton,20-029,2005,19.4,2,14,6,42.9,0.72,0.31,0.14,0.33,14.3,0,0,0,1.5,1.5,0.10,+0.5,+0.5,Matches
239,George Hirst,sct SCO,FW,Ipswich Town,26-084,1999,5.5,3,10,5,50.0,1.83,0.91,0.30,0.60,11.1,0,0,0,1.6,1.6,0.16,+1.4,+1.4,Matches
240,Mason Holgate,eng ENG,"FW,DF",Everton,28-200,1996,0.1,0,0,0,,0.00,0.00,,,,0,0,0,0.0,0.0,,0.0,0.0,Matches
241,Callum Hudson-Odoi,eng ENG,"FW,MF",Nott'ham Forest,24-184,2000,23.9,5,37,17,45.9,1.55,0.71,0.14,0.29,18.3,0,0,0,2.5,2.5,0.07,+2.5,+2.5,Matches
242,Will Hughes,eng ENG,MF,Crystal Palace,30-023,1995,21.1,0,20,1,5.0,0.95,0.05,0.00,0.00,22.5,0,0,0,1.0,1.0,0.05,-1.0,-1.0,Matches
243,Dean Huijsen,es ESP,DF,Bournemouth,20-026,2005,24.8,3,18,3,16.7,0.73,0.12,0.17,1.00,11.9,0,0,0,1.9,1.9,0.10,+1.1,+1.1,Matches
244,Omari Hutchinson,eng ENG,"MF,FW",Ipswich Town,21-192,2003,25.7,3,37,16,43.2,1.44,0.62,0.08,0.19,21.0,4,0,0,2.4,2.4,0.06,+0.6,+0.6,Matches
245,Rasmus Højlund,dk DEN,FW,Manchester Utd,22-095,2003,19.4,4,25,10,40.0,1.29,0.52,0.16,0.40,12.8,0,0,0,3.8,3.8,0.15,+0.2,+0.2,Matches
246,Igor,br BRA,DF,Brighton,27-092,1998,10.0,0,1,0,0.0,0.10,0.00,0.00,,14.1,0,0,0,0.0,0.0,0.05,0.0,0.0,Matches
247,Danny Ings,eng ENG,"FW,MF",West Ham,32-291,1992,3.2,1,14,5,35.7,4.44,1.58,0.07,0.20,15.5,0,0,0,2.3,2.3,0.16,-1.3,-1.3,Matches
248,Tim Iroegbunam,eng ENG,MF,Everton,21-314,2003,6.3,0,5,0,0.0,0.79,0.00,0.00,,22.5,0,0,0,0.2,0.2,0.05,-0.2,-0.2,Matches
249,Andy Irving,sct SCO,MF,West Ham,24-362,2000,1.8,0,4,2,50.0,2.17,1.08,0.00,0.00,26.2,0,0,0,0.1,0.1,0.03,-0.1,-0.1,Matches
250,Alexander Isak,se SWE,FW,Newcastle Utd,25-231,1999,28.6,23,88,37,42.0,3.07,1.29,0.22,0.51,14.6,3,4,4,19.9,16.8,0.19,+3.1,+2.2,Matches
Rk,Player,Nation,Pos,Squad,Age,Born,90s,Gls,Sh,SoT,SoT%,Sh/90,SoT/90,G/Sh,G/SoT,Dist,FK,PK,PKatt,xG,npxG,npxG/Sh,G-xG,np:G-xG,Matches
251,Alex Iwobi,ng NGA,"FW,MF",Fulham,29-007,1996,31.1,9,63,28,44.4,2.03,0.90,0.14,0.32,18.2,0,0,0,4.6,4.6,0.07,+4.4,+4.4,Matches
252,Nicolas Jackson,sn SEN,FW,Chelsea,23-324,2001,24.3,10,76,34,44.7,3.13,1.40,0.13,0.29,12.9,0,0,0,12.3,12.3,0.16,-2.3,-2.3,Matches
253,Reece James,eng ENG,"DF,MF",Chelsea,25-153,1999,9.3,1,8,3,37.5,0.86,0.32,0.13,0.33,23.2,2,0,0,0.3,0.3,0.03,+0.7,+0.7,Matches
254,Vitaly Janelt,de GER,MF,Brentford,27-000,1998,25.0,1,14,4,28.6,0.56,0.16,0.07,0.25,17.7,0,0,0,0.8,0.8,0.06,+0.2,+0.2,Matches
255,Vitezslav Jaros,cz CZE,GK,Liverpool,23-291,2001,0.1,0,0,0,,0.00,0.00,,,,0,0,0,0.0,0.0,,0.0,0.0,Matches
256,Daniel Jebbison,eng ENG,FW,Bournemouth,21-270,2003,0.9,0,2,1,50.0,2.25,1.13,0.00,0.00,12.3,0,0,0,0.2,0.2,0.10,-0.2,-0.2,Matches
257,Mathias Jensen,dk DEN,MF,Brentford,29-129,1996,9.1,0,6,1,16.7,0.66,0.11,0.00,0.00,23.1,0,0,0,0.2,0.2,0.04,-0.2,-0.2,Matches
258,Gabriel Jesus,br BRA,FW,Arsenal,28-037,1997,6.8,3,20,7,35.0,2.96,1.04,0.15,0.43,11.1,0,0,0,3.0,3.0,0.15,0.0,0.0,Matches
259,Raúl Jiménez,mx MEX,FW,Fulham,34-005,1991,24.7,10,84,27,32.1,3.40,1.09,0.08,0.26,14.4,0,3,3,11.2,8.8,0.11,-1.2,-1.8,Matches
260,Kim Jisoo,kr KOR,DF,Brentford,20-137,2004,0.3,0,0,0,,0.00,0.00,,,,0,0,0,0.0,0.0,,0.0,0.0,Matches
261,João Pedro,br BRA,"FW,MF",Brighton,23-226,2001,21.6,10,42,15,35.7,1.94,0.69,0.12,0.33,17.2,0,5,5,8.9,5.0,0.12,+1.1,0.0,Matches
262,Joelinton,br BRA,"MF,FW",Newcastle Utd,28-269,1996,26.6,4,45,13,28.9,1.69,0.49,0.09,0.31,14.0,0,0,0,3.9,3.9,0.09,+0.1,+0.1,Matches
263,Ben Johnson,eng ENG,"DF,FW",Ipswich Town,25-106,2000,15.0,1,7,3,42.9,0.47,0.20,0.14,0.33,12.6,0,0,0,1.1,1.1,0.15,-0.1,-0.1,Matches
264,Brennan Johnson,wls WAL,FW,Tottenham,23-352,2001,23.1,11,53,20,37.7,2.29,0.86,0.21,0.55,11.4,0,0,0,9.8,9.8,0.19,+1.2,+1.2,Matches
265,Sam Johnstone,eng ENG,GK,Wolves,32-046,1993,7.0,0,0,0,,0.00,0.00,,,,0,0,0,0.0,0.0,,0.0,0.0,Matches
266,Curtis Jones,eng ENG,"MF,DF",Liverpool,24-100,2001,17.0,3,31,12,38.7,1.83,0.71,0.10,0.25,16.9,0,0,0,4.1,4.1,0.13,-1.1,-1.1,Matches
267,Jorginho,it ITA,MF,Arsenal,33-141,1991,7.8,0,2,0,0.0,0.26,0.00,0.00,,23.2,0,0,0,0.1,0.1,0.03,-0.1,-0.1,Matches
268,Diogo Jota,pt POR,FW,Liverpool,28-157,1996,12.8,6,48,13,27.1,3.74,1.01,0.13,0.46,12.3,0,0,0,7.5,7.5,0.16,-1.5,-1.5,Matches
269,James Justin,eng ENG,DF,Leicester City,27-076,1998,29.7,2,24,6,25.0,0.81,0.20,0.08,0.33,16.0,2,0,0,1.5,1.5,0.06,+0.5,+0.5,Matches
270,Filip Jørgensen,dk DEN,GK,Chelsea,23-024,2002,6.0,0,0,0,,0.00,0.00,,,,0,0,0,0.0,0.0,,0.0,0.0,Matches
271,Ferdi Kadioglu,tr TUR,"DF,MF",Brighton,25-215,1999,4.3,1,4,1,25.0,0.94,0.23,0.25,1.00,15.1,0,0,0,0.4,0.4,0.11,+0.6,+0.6,Matches
272,Daichi Kamada,jp JPN,MF,Crystal Palace,28-278,1996,15.8,0,20,4,20.0,1.26,0.25,0.00,0.00,20.3,0,0,0,1.1,1.1,0.05,-1.1,-1.1,Matches
273,Boubacar Kamara,fr FRA,MF,Aston Villa,25-168,1999,16.3,0,7,1,14.3,0.43,0.06,0.00,0.00,21.1,0,0,0,0.4,0.4,0.05,-0.4,-0.4,Matches
274,Michael Kayode,it ITA,DF,Brentford,20-304,2004,3.2,0,1,0,0.0,0.31,0.00,0.00,,18.5,0,0,0,0.1,0.1,0.08,-0.1,-0.1,Matches
275,Michael Keane,eng ENG,DF,Everton,32-119,1993,9.5,2,8,3,37.5,0.85,0.32,0.25,0.67,14.8,0,0,0,0.4,0.4,0.05,+1.6,+1.6,Matches
Rk,Player,Nation,Pos,Squad,Age,Born,90s,Gls,Sh,SoT,SoT%,Sh/90,SoT/90,G/Sh,G/SoT,Dist,FK,PK,PKatt,xG,npxG,npxG/Sh,G-xG,np:G-xG,Matches
276,Caoimhín Kelleher,ie IRL,GK,Liverpool,26-168,1998,10.0,0,0,0,,0.00,0.00,,,,0,0,0,0.0,0.0,,0.0,0.0,Matches
277,Lloyd Kelly,eng ENG,DF,Newcastle Utd,26-216,1998,3.4,0,3,0,0.0,0.89,0.00,0.00,,7.3,0,0,0,0.4,0.4,0.14,-0.4,-0.4,Matches
278,Milos Kerkez,hu HUN,DF,Bournemouth,21-184,2003,34.2,2,17,5,29.4,0.50,0.15,0.12,0.40,20.4,0,0,0,0.5,0.5,0.03,+1.5,+1.5,Matches
279,Bilal El Khannouss,ma MAR,MF,Leicester City,21-000,2004,22.3,2,28,6,21.4,1.26,0.27,0.07,0.33,22.3,0,0,0,1.1,1.1,0.04,+0.9,+0.9,Matches
280,Abdukodir Khusanov,uz UZB,DF,Manchester City,21-070,2004,5.6,0,1,0,0.0,0.18,0.00,0.00,,23.9,0,0,0,0.0,0.0,0.02,0.0,0.0,Matches
281,Max Kilman,eng ENG,DF,West Ham,27-352,1997,34.2,0,12,2,16.7,0.35,0.06,0.00,0.00,8.8,0,0,0,1.4,1.4,0.12,-1.4,-1.4,Matches
282,Joshua King,eng ENG,"MF,FW",Fulham,18-127,2007,0.9,0,1,0,0.0,1.13,0.00,0.00,,5.3,0,0,0,0.2,0.2,0.20,-0.2,-0.2,Matches
283,Antonín Kinský,cz CZE,GK,Tottenham,22-058,2003,4.0,0,0,0,,0.00,0.00,,,,0,0,0,0.0,0.0,,0.0,0.0,Matches
284,Jakub Kiwior,pl POL,DF,Arsenal,25-084,2000,9.5,1,3,1,33.3,0.32,0.11,0.33,1.00,18.5,0,0,0,0.2,0.2,0.06,+0.8,+0.8,Matches
285,Justin Kluivert,nl NED,"MF,FW",Bournemouth,26-005,1999,24.0,12,53,22,41.5,2.21,0.92,0.11,0.27,20.4,0,6,6,10.0,5.3,0.10,+2.0,+0.7,Matches
286,Ibrahima Konaté,fr FRA,DF,Liverpool,25-350,1999,25.8,1,18,3,16.7,0.70,0.12,0.06,0.33,10.5,0,0,0,1.7,1.7,0.10,-0.7,-0.7,Matches
287,Ezri Konsa,eng ENG,DF,Aston Villa,27-199,1997,29.6,1,9,3,33.3,0.30,0.10,0.11,0.33,9.1,0,0,0,0.9,0.9,0.10,+0.1,+0.1,Matches
288,Mateo Kovačić,hr CRO,MF,Manchester City,31-004,1994,22.8,6,41,12,29.3,1.80,0.53,0.15,0.50,22.5,0,0,0,1.7,1.7,0.04,+4.3,+4.3,Matches
289,Caleb Kporha,eng ENG,DF,Crystal Palace,18-299,2006,0.1,0,0,0,,0.00,0.00,,,,0,0,0,0.0,0.0,,0.0,0.0,Matches
290,Emil Krafth,se SWE,DF,Newcastle Utd,30-281,1994,3.2,0,1,0,0.0,0.31,0.00,0.00,,14.6,0,0,0,0.0,0.0,0.03,0.0,0.0,Matches
291,Mohammed Kudus,gh GHA,"FW,MF",West Ham,24-281,2000,26.9,4,68,20,29.4,2.53,0.74,0.06,0.20,15.7,0,0,0,6.6,6.6,0.10,-2.6,-2.6,Matches
292,Dejan Kulusevski,se SWE,"MF,FW",Tottenham,25-015,2000,26.3,7,46,17,37.0,1.75,0.65,0.15,0.41,14.8,0,0,0,4.2,4.2,0.09,+2.8,+2.8,Matches
293,Maxence Lacroix,fr FRA,DF,Crystal Palace,25-034,2000,31.6,1,29,5,17.2,0.92,0.16,0.03,0.20,11.1,0,0,0,3.1,3.1,0.11,-2.1,-2.1,Matches
294,Adam Lallana,eng ENG,MF,Southampton,37-000,1988,4.0,0,3,0,0.0,0.75,0.00,0.00,,18.1,0,0,0,0.2,0.2,0.06,-0.2,-0.2,Matches
295,Tariq Lamptey,gh GHA,DF,Brighton,24-222,2000,8.9,2,6,2,33.3,0.67,0.22,0.33,1.00,18.5,0,0,0,0.4,0.4,0.06,+1.6,+1.6,Matches
296,Will Lankshear,eng ENG,"FW,MF",Tottenham,20-020,2005,0.1,0,0,0,,0.00,0.00,,,,0,0,0,0.0,0.0,,0.0,0.0,Matches
297,Roméo Lavia,be BEL,MF,Chelsea,21-124,2004,7.6,0,1,0,0.0,0.13,0.00,0.00,,16.0,0,0,0,0.2,0.2,0.18,-0.2,-0.2,Matches
298,Mario Lemina,ga GAB,"MF,DF",Wolves,31-251,1993,15.2,1,18,5,27.8,1.19,0.33,0.06,0.20,21.9,0,0,0,1.4,1.4,0.08,-0.4,-0.4,Matches
299,Bernd Leno,de GER,GK,Fulham,33-067,1992,35.0,0,0,0,,0.00,0.00,,,,0,0,0,0.0,0.0,,0.0,0.0,Matches
300,Jefferson Lerma,co COL,"MF,DF",Crystal Palace,30-197,1994,22.6,0,24,7,29.2,1.06,0.31,0.00,0.00,19.4,0,0,0,1.0,1.0,0.04,-1.0,-1.0,Matches
Rk,Player,Nation,Pos,Squad,Age,Born,90s,Gls,Sh,SoT,SoT%,Sh/90,SoT/90,G/Sh,G/SoT,Dist,FK,PK,PKatt,xG,npxG,npxG/Sh,G-xG,np:G-xG,Matches
301,Rico Lewis,eng ENG,"DF,MF",Manchester City,20-170,2004,20.2,1,10,2,20.0,0.50,0.10,0.10,0.50,15.8,0,0,0,1.4,1.4,0.14,-0.4,-0.4,Matches
302,Keane Lewis-Potter,eng ENG,"DF,FW",Brentford,24-077,2001,31.5,1,27,14,51.9,0.86,0.44,0.04,0.07,20.5,1,0,0,2.6,2.6,0.09,-1.6,-1.6,Matches
303,Myles Lewis-Skelly,eng ENG,DF,Arsenal,18-226,2006,13.0,1,2,1,50.0,0.15,0.08,0.50,1.00,14.3,0,0,0,0.1,0.1,0.06,+0.9,+0.9,Matches
304,Matthijs de Ligt,nl NED,DF,Manchester Utd,25-271,1999,23.6,2,18,9,50.0,0.76,0.38,0.11,0.22,7.9,0,0,0,2.5,2.5,0.14,-0.5,-0.5,Matches
305,Pedro Lima,br BRA,DF,Wolves,18-313,2006,0.8,0,1,1,100.0,1.29,1.29,0.00,0.00,22.5,0,0,0,0.1,0.1,0.06,-0.1,-0.1,Matches
306,Victor Lindelöf,se SWE,DF,Manchester Utd,30-297,1994,5.4,0,0,0,,0.00,0.00,,,,0,0,0,0.0,0.0,,0.0,0.0,Matches
307,Jesper Lindstrøm,dk DEN,FW,Everton,25-070,2000,13.8,0,28,10,35.7,2.03,0.73,0.00,0.00,21.0,6,0,0,2.1,2.1,0.08,-2.1,-2.1,Matches
308,Valentino Livramento,eng ENG,DF,Newcastle Utd,22-179,2002,28.6,0,5,1,20.0,0.18,0.04,0.00,0.00,20.6,0,0,0,0.2,0.2,0.05,-0.2,-0.2,Matches
309,Sean Longstaff,eng ENG,MF,Newcastle Utd,27-192,1997,8.9,0,6,1,16.7,0.68,0.11,0.00,0.00,13.5,0,0,0,0.6,0.6,0.10,-0.6,-0.6,Matches
310,Saša Lukić,rs SRB,MF,Fulham,28-270,1996,24.1,0,17,2,11.8,0.71,0.08,0.00,0.00,20.1,0,0,0,1.2,1.2,0.07,-1.2,-1.2,Matches
311,Joe Lumley,eng ENG,GK,Southampton,30-084,1995,3.0,0,0,0,,0.00,0.00,,,,0,0,0,0.0,0.0,,0.0,0.0,Matches
312,Massimo Luongo,au AUS,MF,Ipswich Town,32-227,1992,2.2,0,0,0,,0.00,0.00,,,,0,0,0,0.0,0.0,,0.0,0.0,Matches
313,Ian Maatsen,nl NED,DF,Aston Villa,23-061,2002,10.6,1,17,5,29.4,1.60,0.47,0.06,0.20,22.3,0,0,0,0.8,0.8,0.05,+0.2,+0.2,Matches
314,Alexis Mac Allister,ar ARG,MF,Liverpool,26-137,1998,28.6,5,38,13,34.2,1.33,0.45,0.13,0.38,18.1,1,0,0,2.8,2.8,0.07,+2.2,+2.2,Matches
315,James Maddison,eng ENG,MF,Tottenham,28-168,1996,20.1,9,39,17,43.6,1.94,0.85,0.23,0.53,16.7,6,0,0,5.8,5.8,0.15,+3.2,+3.2,Matches
316,Noni Madueke,eng ENG,FW,Chelsea,23-061,2002,20.1,7,77,30,39.0,3.82,1.49,0.09,0.23,14.4,0,0,0,9.1,9.1,0.12,-2.1,-2.1,Matches
317,Gabriel Magalhães,br BRA,DF,Arsenal,27-142,1997,26.3,3,22,5,22.7,0.84,0.19,0.14,0.60,9.5,0,0,0,2.6,2.6,0.12,+0.4,+0.4,Matches
318,Edmond-Paris Maghoma,eng ENG,"MF,FW",Brentford,24-002,2001,1.3,0,1,0,0.0,0.76,0.00,0.00,,23.8,0,0,0,0.1,0.1,0.12,-0.1,-0.1,Matches
319,Harry Maguire,eng ENG,DF,Manchester Utd,32-066,1993,17.1,1,12,5,41.7,0.70,0.29,0.08,0.20,7.9,0,0,0,1.4,1.4,0.12,-0.4,-0.4,Matches
320,Kobbie Mainoo,eng ENG,MF,Manchester Utd,20-021,2005,16.7,0,13,2,15.4,0.78,0.12,0.00,0.00,20.8,0,0,0,0.6,0.6,0.04,-0.6,-0.6,Matches
321,Tyrell Malacia,nl NED,DF,Manchester Utd,25-266,1999,1.1,0,0,0,,0.00,0.00,,,,0,0,0,0.0,0.0,,0.0,0.0,Matches
322,Donyell Malen,nl NED,FW,Aston Villa,26-121,1999,3.3,3,15,9,60.0,4.61,2.76,0.20,0.33,15.2,0,0,0,2.2,2.2,0.14,+0.8,+0.8,Matches
323,Orel Mangala,be BEL,MF,Everton,27-053,1998,14.0,1,16,6,37.5,1.14,0.43,0.06,0.17,22.1,0,0,0,1.1,1.1,0.07,-0.1,-0.1,Matches
324,Ryan Manning,ie IRL,"DF,MF",Southampton,28-330,1996,16.2,0,8,1,12.5,0.49,0.06,0.00,0.00,22.0,1,0,0,0.3,0.3,0.04,-0.3,-0.3,Matches
325,Solly March,eng ENG,"FW,MF",Brighton,30-294,1994,1.9,0,2,0,0.0,1.07,0.00,0.00,,22.5,0,0,0,0.1,0.1,0.04,-0.1,-0.1,Matches
Rk,Player,Nation,Pos,Squad,Age,Born,90s,Gls,Sh,SoT,SoT%,Sh/90,SoT/90,G/Sh,G/SoT,Dist,FK,PK,PKatt,xG,npxG,npxG/Sh,G-xG,np:G-xG,Matches
326,Omar Marmoush,eg EGY,"FW,MF",Manchester City,26-092,1999,11.1,6,38,16,42.1,3.43,1.44,0.16,0.38,18.0,5,0,0,4.8,4.8,0.13,+1.2,+1.2,Matches
327,Gabriel Martinelli,br BRA,"FW,MF",Arsenal,23-326,2001,22.7,7,47,20,42.6,2.07,0.88,0.15,0.35,13.3,0,0,0,5.9,5.9,0.13,+1.1,+1.1,Matches
328,Emiliano Martínez,ar ARG,GK,Aston Villa,32-250,1992,33.0,0,0,0,,0.00,0.00,,,,0,0,0,0.0,0.0,,0.0,0.0,Matches
329,Lisandro Martínez,ar ARG,DF,Manchester Utd,27-112,1998,19.5,2,17,6,35.3,0.87,0.31,0.12,0.33,15.9,0,0,0,1.3,1.3,0.08,+0.7,+0.7,Matches
330,Pape Matar Sarr,sn SEN,MF,Tottenham,22-238,2002,19.2,3,32,13,40.6,1.67,0.68,0.09,0.23,21.8,0,0,0,3.3,3.3,0.10,-0.3,-0.3,Matches
331,Jean-Philippe Mateta,fr FRA,FW,Crystal Palace,27-316,1997,28.0,14,61,25,41.0,2.18,0.89,0.20,0.48,15.7,0,2,2,12.1,10.6,0.17,+1.9,+1.4,Matches
332,Stephy Mavididi,eng ENG,FW,Leicester City,26-344,1998,17.9,4,26,7,26.9,1.45,0.39,0.15,0.57,16.1,1,0,0,1.8,1.8,0.07,+2.2,+2.2,Matches
333,Konstantinos Mavropanos,gr GRE,DF,West Ham,27-150,1997,21.6,0,18,5,27.8,0.83,0.23,0.00,0.00,14.8,0,0,0,1.5,1.5,0.09,-1.5,-1.5,Matches
334,Noussair Mazraoui,ma MAR,DF,Manchester Utd,27-177,1997,29.3,0,13,3,23.1,0.44,0.10,0.00,0.00,20.6,0,0,0,0.7,0.7,0.05,-0.7,-0.7,Matches
335,Bryan Mbeumo,cm CMR,FW,Brentford,25-276,1999,34.9,18,71,30,42.3,2.03,0.86,0.18,0.43,17.7,6,5,5,10.8,6.9,0.10,+7.2,+6.1,Matches
336,James Mcatee,eng ENG,"MF,FW",Manchester City,22-204,2002,3.4,3,12,4,33.3,3.55,1.18,0.25,0.75,14.3,0,0,0,2.8,2.8,0.23,+0.2,+0.2,Matches
337,Kasey McAteer,ie IRL,"FW,MF",Leicester City,23-169,2001,6.8,0,9,4,44.4,1.32,0.59,0.00,0.00,16.5,0,0,0,0.7,0.7,0.08,-0.7,-0.7,Matches
338,Alex McCarthy,eng ENG,GK,Southampton,35-158,1989,5.0,0,0,0,,0.00,0.00,,,,0,0,0,0.0,0.0,,0.0,0.0,Matches
339,John McGinn,sct SCO,"MF,FW",Aston Villa,30-204,1994,22.8,1,26,5,19.2,1.14,0.22,0.04,0.20,16.2,1,0,0,2.9,2.6,0.10,-1.9,-1.6,Matches
340,Dwight McNeil,eng ENG,"MF,FW",Everton,25-169,1999,14.0,4,25,10,40.0,1.78,0.71,0.16,0.40,21.9,0,0,0,1.1,1.1,0.04,+2.9,+2.9,Matches
341,Scott McTominay,sct SCO,MF,Manchester Utd,28-153,1996,0.2,0,1,0,0.0,4.74,0.00,0.00,,10.7,0,0,0,0.1,0.1,0.07,-0.1,-0.1,Matches
342,Ben Mee,eng ENG,DF,Brentford,35-231,1989,2.0,0,0,0,,0.00,0.00,,,,0,0,0,0.0,0.0,,0.0,0.0,Matches
343,Jayden Meghoma,eng ENG,DF,Brentford,18-316,2006,0.1,0,0,0,,0.00,0.00,,,,0,0,0,0.0,0.0,,0.0,0.0,Matches
344,Mikel Merino,es ESP,"MF,FW",Arsenal,28-322,1996,15.8,6,32,12,37.5,2.03,0.76,0.19,0.50,10.5,0,0,0,4.4,4.4,0.14,+1.6,+1.6,Matches
345,Shumaira Mheuka,eng ENG,MF,Chelsea,17-202,2007,0.0,0,1,1,100.0,90.00,90.00,0.00,0.00,7.2,0,0,0,0.1,0.1,0.06,-0.1,-0.1,Matches
346,Nikola Milenković,rs SRB,DF,Nott'ham Forest,27-210,1997,34.0,4,26,7,26.9,0.76,0.21,0.15,0.57,12.1,0,0,0,3.6,3.6,0.14,+0.4,+0.4,Matches
347,Lewis Miley,eng ENG,MF,Newcastle Utd,19-009,2006,2.8,1,3,2,66.7,1.08,0.72,0.33,0.50,14.6,0,0,0,0.5,0.5,0.18,+0.5,+0.5,Matches
348,James Milner,eng ENG,MF,Brighton,39-126,1986,1.9,0,2,0,0.0,1.07,0.00,0.00,,16.0,0,0,0,0.2,0.2,0.08,-0.2,-0.2,Matches
349,Tyrone Mings,eng ENG,DF,Aston Villa,32-058,1993,11.7,0,9,1,11.1,0.77,0.09,0.00,0.00,11.8,0,0,0,0.8,0.8,0.09,-0.8,-0.8,Matches
350,Yankuba Minteh,gm GAM,"FW,MF",Brighton,20-292,2004,17.6,6,30,15,50.0,1.70,0.85,0.20,0.40,13.5,0,0,0,4.0,4.0,0.13,+2.0,+2.0,Matches
Rk,Player,Nation,Pos,Squad,Age,Born,90s,Gls,Sh,SoT,SoT%,Sh/90,SoT/90,G/Sh,G/SoT,Dist,FK,PK,PKatt,xG,npxG,npxG/Sh,G-xG,np:G-xG,Matches
351,Tyrick Mitchell,eng ENG,DF,Crystal Palace,25-251,1999,32.7,0,11,2,18.2,0.34,0.06,0.00,0.00,13.4,0,0,0,1.2,1.2,0.11,-1.2,-1.2,Matches
352,Kaoru Mitoma,jp JPN,"FW,MF",Brighton,27-355,1997,28.0,9,54,25,46.3,1.93,0.89,0.17,0.36,13.9,0,0,0,8.8,8.8,0.16,+0.2,+0.2,Matches
353,Jakub Moder,pl POL,MF,Brighton,26-033,1999,0.1,0,0,0,,0.00,0.00,,,,0,0,0,0.0,0.0,,0.0,0.0,Matches
354,Jeremy Monga,,"FW,MF",Leicester City,,,0.6,0,0,0,,0.00,0.00,,,,0,0,0,0.0,0.0,,0.0,0.0,Matches
355,Mikey Moore,eng ENG,FW,Tottenham,17-272,2007,2.3,0,3,0,0.0,1.30,0.00,0.00,,19.5,0,0,0,0.2,0.2,0.07,-0.2,-0.2,Matches
356,Morato,br BRA,DF,Nott'ham Forest,23-314,2001,9.0,0,2,1,50.0,0.22,0.11,0.00,0.00,8.6,0,0,0,0.2,0.2,0.09,-0.2,-0.2,Matches
357,Álex Moreno,es ESP,"DF,MF",Nott'ham Forest,31-336,1993,10.6,0,6,0,0.0,0.57,0.00,0.00,,23.7,0,0,0,0.2,0.2,0.03,-0.2,-0.2,Matches
358,Sam Morsy,eg EGY,MF,Ipswich Town,33-242,1991,27.6,1,9,2,22.2,0.33,0.07,0.11,0.50,26.3,0,0,0,0.3,0.3,0.04,+0.7,+0.7,Matches
359,Yerson Mosquera,co COL,DF,Wolves,24-008,2001,4.9,0,2,0,0.0,0.41,0.00,0.00,,12.4,0,0,0,0.3,0.3,0.17,-0.3,-0.3,Matches
360,Mason Mount,eng ENG,"MF,FW",Manchester Utd,26-120,1999,4.8,1,13,5,38.5,2.72,1.05,0.08,0.20,15.7,0,0,0,2.3,2.3,0.18,-1.3,-1.3,Matches
361,Divin Mubama,eng ENG,FW,Manchester City,20-197,2004,0.3,0,1,0,0.0,3.21,0.00,0.00,,17.2,0,0,0,0.0,0.0,0.04,0.0,0.0,Matches
362,Mykhailo Mudryk,ua UKR,FW,Chelsea,24-125,2001,1.7,0,1,1,100.0,0.60,0.60,0.00,0.00,11.6,0,0,0,0.3,0.3,0.25,-0.3,-0.3,Matches
363,Marshall Munetsi,zw ZIM,"MF,FW",Wolves,28-322,1996,9.8,1,15,5,33.3,1.54,0.51,0.07,0.20,14.8,0,0,0,3.0,3.0,0.20,-2.0,-2.0,Matches
364,Rodrigo Muniz,br BRA,FW,Fulham,24-006,2001,10.7,8,39,19,48.7,3.64,1.77,0.21,0.42,12.0,0,0,0,5.8,5.8,0.15,+2.2,+2.2,Matches
365,Daniel Muñoz,co COL,DF,Crystal Palace,28-349,1996,32.9,4,33,13,39.4,1.00,0.40,0.12,0.31,12.3,0,0,0,4.7,4.7,0.14,-0.7,-0.7,Matches
366,Arijanet Muric,xk KVX,GK,Ipswich Town,26-184,1998,18.0,0,0,0,,0.00,0.00,,,,0,0,0,0.0,0.0,,0.0,0.0,Matches
367,Murillo,br BRA,DF,Nott'ham Forest,22-310,2002,33.4,2,24,6,25.0,0.72,0.18,0.08,0.33,22.2,3,0,0,1.4,1.4,0.06,+0.6,+0.6,Matches
368,Jacob Murphy,eng ENG,FW,Newcastle Utd,30-075,1995,23.8,8,42,15,35.7,1.77,0.63,0.19,0.53,18.2,0,0,0,5.7,5.7,0.14,+2.3,+2.3,Matches
369,Vitaliy Mykolenko,ua UKR,DF,Everton,25-346,1999,31.2,0,12,0,0.0,0.38,0.00,0.00,,20.5,0,0,0,0.4,0.4,0.04,-0.4,-0.4,Matches
370,Iliman Ndiaye,sn SEN,FW,Everton,25-065,2000,25.0,7,32,13,40.6,1.28,0.52,0.16,0.38,17.4,0,2,2,5.2,3.6,0.11,+1.8,+1.4,Matches
371,Wilfred Ndidi,ng NGA,MF,Leicester City,28-145,1996,23.9,0,22,8,36.4,0.92,0.34,0.00,0.00,13.9,0,0,0,2.0,2.0,0.09,-2.0,-2.0,Matches
372,Kosta Nedeljković,rs SRB,DF,Aston Villa,19-145,2005,1.4,0,0,0,,0.00,0.00,,,,0,0,0,0.0,0.0,,0.0,0.0,Matches
373,Reiss Nelson,eng ENG,FW,Arsenal,25-151,1999,0.0,0,0,0,,0.00,0.00,,,,0,0,0,0.0,0.0,,0.0,0.0,Matches
374,Reiss Nelson,eng ENG,FW,Fulham,25-151,1999,5.4,1,12,6,50.0,2.22,1.11,0.08,0.17,15.4,0,0,0,1.1,1.1,0.09,-0.1,-0.1,Matches
375,Neto,br BRA,GK,Bournemouth,35-295,1989,2.0,0,0,0,,0.00,0.00,,,,0,0,0,0.0,0.0,,0.0,0.0,Matches
Rk,Player,Nation,Pos,Squad,Age,Born,90s,Gls,Sh,SoT,SoT%,Sh/90,SoT/90,G/Sh,G/SoT,Dist,FK,PK,PKatt,xG,npxG,npxG/Sh,G-xG,np:G-xG,Matches
376,Pedro Neto,pt POR,FW,Chelsea,25-062,2000,22.4,4,54,16,29.6,2.41,0.72,0.07,0.25,18.8,0,0,0,2.9,2.9,0.05,+1.1,+1.1,Matches
377,Eddie Nketiah,eng ENG,"FW,MF",Crystal Palace,25-345,1999,9.9,1,38,12,31.6,3.82,1.21,0.03,0.08,14.2,0,0,0,4.5,4.5,0.12,-3.5,-3.5,Matches
378,Christopher Nkunku,fr FRA,FW,Chelsea,27-177,1997,10.2,3,25,11,44.0,2.44,1.07,0.12,0.27,12.6,0,0,0,4.8,4.8,0.19,-1.8,-1.8,Matches
379,Gustavo Nunes,br BRA,"FW,MF",Brentford,19-171,2005,0.1,0,0,0,,0.00,0.00,,,,0,0,0,0.0,0.0,,0.0,0.0,Matches
380,Matheus Nunes,pt POR,"DF,MF",Manchester City,26-256,1998,16.6,1,7,3,42.9,0.42,0.18,0.14,0.33,18.3,0,0,0,0.9,0.9,0.13,+0.1,+0.1,Matches
381,Darwin Núñez,uy URU,FW,Liverpool,25-320,1999,11.7,5,33,12,36.4,2.83,1.03,0.15,0.42,14.3,0,0,0,5.3,5.3,0.16,-0.3,-0.3,Matches
382,Ethan Nwaneri,eng ENG,"FW,MF",Arsenal,18-050,2007,9.1,4,22,8,36.4,2.41,0.88,0.18,0.50,18.2,1,0,0,1.1,1.1,0.05,+2.9,+2.9,Matches
383,Christian Nørgaard,dk DEN,MF,Brentford,31-061,1994,28.3,5,35,12,34.3,1.24,0.42,0.14,0.42,14.3,0,0,0,3.9,3.9,0.11,+1.1,+1.1,Matches
384,Jake O'Brien,ie IRL,DF,Everton,23-360,2001,15.5,2,5,3,60.0,0.32,0.19,0.40,0.67,11.5,0,0,0,0.7,0.7,0.14,+1.3,+1.3,Matches
385,Matt O'Riley,dk DEN,MF,Brighton,24-170,2000,9.4,1,20,6,30.0,2.13,0.64,0.05,0.17,16.8,2,0,0,2.0,2.0,0.10,-1.0,-1.0,Matches
386,Dara O'Shea,ie IRL,DF,Ipswich Town,26-067,1999,31.7,0,20,2,10.0,0.63,0.06,0.00,0.00,13.6,0,0,0,1.2,1.2,0.06,-1.2,-1.2,Matches
387,Chidozie Obi-Martin,dk DEN,FW,Manchester Utd,17-162,2007,1.7,0,4,1,25.0,2.32,0.58,0.00,0.00,10.8,0,0,0,0.6,0.6,0.15,-0.6,-0.6,Matches
388,Wilson Odobert,fr FRA,FW,Tottenham,20-163,2004,7.0,1,11,3,27.3,1.57,0.43,0.09,0.33,16.8,0,0,0,1.2,1.2,0.11,-0.2,-0.2,Matches
389,Chiedozie Ogbene,ie IRL,FW,Ipswich Town,28-009,1997,2.6,0,0,0,,0.00,0.00,,,,0,0,0,0.0,0.0,,0.0,0.0,Matches
390,Caleb Okoli,it ITA,DF,Leicester City,23-301,2001,12.5,1,4,2,50.0,0.32,0.16,0.25,0.50,13.5,0,0,0,0.6,0.6,0.15,+0.4,+0.4,Matches
391,Robin Olsen,se SWE,GK,Aston Villa,35-122,1990,2.0,0,0,0,,0.00,0.00,,,,0,0,0,0.0,0.0,,0.0,0.0,Matches
392,Amadou Onana,be BEL,MF,Aston Villa,23-267,2001,15.3,3,17,6,35.3,1.11,0.39,0.18,0.50,14.7,0,0,0,2.1,2.1,0.12,+0.9,+0.9,Matches
393,André Onana,cm CMR,GK,Manchester Utd,29-038,1996,33.0,0,0,0,,0.00,0.00,,,,0,0,0,0.0,0.0,,0.0,0.0,Matches
394,Paul Onuachu,ng NGA,FW,Southampton,30-347,1994,11.4,4,34,15,44.1,2.97,1.31,0.12,0.27,10.4,0,0,0,3.6,3.6,0.11,+0.4,+0.4,Matches
395,Frank Onyeka,ng NGA,MF,Brentford,27-129,1998,0.3,0,0,0,,0.00,0.00,,,,0,0,0,0.0,0.0,,0.0,0.0,Matches
396,Lewis Orford,eng ENG,MF,West Ham,19-081,2006,0.5,0,1,0,0.0,1.84,0.00,0.00,,12.7,0,0,0,0.0,0.0,0.03,0.0,0.0,Matches
397,Stefan Ortega,de GER,GK,Manchester City,32-185,1992,12.2,0,0,0,,0.00,0.00,,,,0,0,0,0.0,0.0,,0.0,0.0,Matches
398,William Osula,dk DEN,FW,Newcastle Utd,21-279,2003,1.2,1,3,1,33.3,2.60,0.87,0.33,1.00,14.5,0,0,0,0.1,0.1,0.04,+0.9,+0.9,Matches
399,Dango Ouattara,bf BFA,FW,Bournemouth,23-088,2002,22.3,7,62,20,32.3,2.78,0.90,0.11,0.35,13.5,1,0,0,8.4,8.4,0.14,-1.4,-1.4,Matches
400,Nico O’Reilly,eng ENG,DF,Manchester City,20-050,2005,5.7,2,8,3,37.5,1.40,0.53,0.25,0.67,15.4,0,0,0,1.3,1.3,0.16,+0.7,+0.7,Matches
Rk,Player,Nation,Pos,Squad,Age,Born,90s,Gls,Sh,SoT,SoT%,Sh/90,SoT/90,G/Sh,G/SoT,Dist,FK,PK,PKatt,xG,npxG,npxG/Sh,G-xG,np:G-xG,Matches
401,Alex Palmer,eng ENG,GK,Ipswich Town,28-273,1996,11.0,0,0,0,,0.00,0.00,,,,0,0,0,0.0,0.0,,0.0,0.0,Matches
402,Cole Palmer,eng ENG,MF,Chelsea,23-004,2002,32.5,15,115,41,35.7,3.54,1.26,0.10,0.27,20.2,12,4,5,17.0,13.0,0.11,-2.0,-2.0,Matches
403,Emerson Palmieri,it ITA,DF,West Ham,30-280,1994,23.4,2,16,7,43.8,0.68,0.30,0.13,0.29,19.0,3,0,0,2.0,2.0,0.12,0.0,0.0,Matches
404,Lucas Paquetá,br BRA,"MF,FW",West Ham,27-256,1997,26.0,4,38,3,7.9,1.46,0.12,0.05,0.67,19.6,4,2,2,5.2,3.6,0.09,-1.2,-1.6,Matches
405,Thomas Partey,gh GHA,"MF,DF",Arsenal,31-331,1993,28.1,4,23,7,30.4,0.82,0.25,0.17,0.57,19.5,0,0,0,2.0,2.0,0.09,+2.0,+2.0,Matches
406,Nathan Patterson,sct SCO,DF,Everton,23-206,2001,3.9,0,1,0,0.0,0.26,0.00,0.00,,16.8,0,0,0,0.1,0.1,0.07,-0.1,-0.1,Matches
407,Andreas Pereira,br BRA,MF,Fulham,29-129,1996,20.9,2,35,8,22.9,1.68,0.38,0.06,0.25,22.1,6,0,1,3.5,2.7,0.08,-1.5,-0.7,Matches
408,Ricardo Pereira,pt POR,DF,Leicester City,31-216,1993,3.8,0,2,1,50.0,0.53,0.26,0.00,0.00,17.0,0,0,0,0.1,0.1,0.05,-0.1,-0.1,Matches
409,Kalvin Phillips,eng ENG,MF,Ipswich Town,29-159,1995,13.7,0,11,2,18.2,0.80,0.15,0.00,0.00,24.3,3,0,0,0.4,0.4,0.04,-0.4,-0.4,Matches
410,Jaden Philogene Bidace,eng ENG,"FW,MF",Aston Villa,23-091,2002,3.7,0,7,0,0.0,1.90,0.00,0.00,,16.0,0,0,0,0.5,0.5,0.07,-0.5,-0.5,Matches
411,Jaden Philogene Bidace,eng ENG,"FW,DF",Ipswich Town,23-091,2002,5.3,2,12,5,41.7,2.28,0.95,0.17,0.40,16.4,0,0,0,2.0,2.0,0.17,0.0,0.0,Matches
412,Jordan Pickford,eng ENG,GK,Everton,31-064,1994,35.0,0,0,0,,0.00,0.00,,,,0,0,0,0.0,0.0,,0.0,0.0,Matches
413,Ethan Pinnock,jm JAM,DF,Brentford,31-346,1993,21.3,2,10,6,60.0,0.47,0.28,0.20,0.33,11.1,0,0,0,1.1,1.1,0.11,+0.9,+0.9,Matches
414,Daniel Podence,pt POR,"MF,FW",Wolves,29-201,1995,0.5,0,1,0,0.0,1.87,0.00,0.00,,24.4,0,0,0,0.0,0.0,0.04,0.0,0.0,Matches
415,Alfie Pond,eng ENG,DF,Wolves,21-070,2004,0.0,0,0,0,,0.00,0.00,,,,0,0,0,0.0,0.0,,0.0,0.0,Matches
416,Nick Pope,eng ENG,GK,Newcastle Utd,33-021,1992,25.0,0,0,0,,0.00,0.00,,,,0,0,0,0.0,0.0,,0.0,0.0,Matches
417,Pedro Porro,es ESP,DF,Tottenham,25-239,1999,27.4,2,37,8,21.6,1.35,0.29,0.05,0.25,23.1,3,0,0,1.5,1.5,0.04,+0.5,+0.5,Matches
418,Jarell Quansah,eng ENG,DF,Liverpool,22-101,2003,4.5,0,1,0,0.0,0.22,0.00,0.00,,8.9,0,0,0,0.1,0.1,0.10,-0.1,-0.1,Matches
419,Hákon Rafn Valdimarsson,is ISL,GK,Brentford,23-209,2001,1.6,0,0,0,,0.00,0.00,,,,0,0,0,0.0,0.0,,0.0,0.0,Matches
420,Aaron Ramsdale,eng ENG,GK,Southampton,26-361,1998,27.0,0,0,0,,0.00,0.00,,,,0,0,0,0.0,0.0,,0.0,0.0,Matches
421,Jacob Ramsey,eng ENG,"FW,MF",Aston Villa,23-347,2001,16.8,1,18,4,22.2,1.07,0.24,0.06,0.25,16.7,0,0,0,1.5,1.5,0.08,-0.5,-0.5,Matches
422,Marcus Rashford,eng ENG,"FW,MF",Manchester Utd,27-191,1997,10.9,4,16,9,56.3,1.47,0.83,0.25,0.44,16.4,0,0,0,1.7,1.7,0.11,+2.3,+2.3,Matches
423,Marcus Rashford,eng ENG,FW,Aston Villa,27-191,1997,4.9,2,18,5,27.8,3.65,1.01,0.06,0.20,19.4,2,1,1,3.1,2.3,0.13,-1.1,-1.3,Matches
424,David Raya,es ESP,GK,Arsenal,29-237,1995,35.0,0,0,0,,0.00,0.00,,,,0,0,0,0.0,0.0,,0.0,0.0,Matches
425,Harrison Reed,eng ENG,MF,Fulham,30-103,1995,1.2,0,3,2,66.7,2.48,1.65,0.00,0.00,21.7,0,0,0,0.2,0.2,0.08,-0.2,-0.2,Matches
Rk,Player,Nation,Pos,Squad,Age,Born,90s,Gls,Sh,SoT,SoT%,Sh/90,SoT/90,G/Sh,G/SoT,Dist,FK,PK,PKatt,xG,npxG,npxG/Sh,G-xG,np:G-xG,Matches
426,Remy Rees-Dottin,eng ENG,FW,Bournemouth,19-065,2006,0.0,0,0,0,,0.00,0.00,,,,0,0,0,0.0,0.0,,0.0,0.0,Matches
427,Sergio Reguilón,es ESP,DF,Tottenham,28-145,1996,1.4,0,1,0,0.0,0.73,0.00,0.00,,5.4,0,0,0,0.1,0.1,0.07,-0.1,-0.1,Matches
428,Vitor Reis,br BRA,DF,Manchester City,19-118,2006,0.0,0,0,0,,0.00,0.00,,,,0,0,0,0.0,0.0,,0.0,0.0,Matches
429,Chadi Riad,ma MAR,DF,Crystal Palace,21-327,2003,1.0,0,0,0,,0.00,0.00,,,,0,0,0,0.0,0.0,,0.0,0.0,Matches
430,Declan Rice,eng ENG,MF,Arsenal,26-116,1999,29.4,3,44,11,25.0,1.50,0.37,0.07,0.27,19.3,2,0,0,3.3,3.3,0.07,-0.3,-0.3,Matches
431,Chris Richards,us USA,DF,Crystal Palace,25-043,2000,18.4,1,11,5,45.5,0.60,0.27,0.09,0.20,11.4,0,0,0,1.3,1.3,0.12,-0.3,-0.3,Matches
432,Richarlison,br BRA,FW,Tottenham,28-000,1997,5.3,4,17,7,41.2,3.22,1.33,0.24,0.57,9.1,0,0,0,3.7,3.7,0.22,+0.3,+0.3,Matches
433,Andrew Robertson,sct SCO,DF,Liverpool,31-060,1994,25.6,0,13,2,15.4,0.51,0.08,0.00,0.00,14.5,0,0,0,1.0,1.0,0.08,-1.0,-1.0,Matches
434,Antonee Robinson,us USA,DF,Fulham,27-275,1997,33.2,0,16,2,12.5,0.48,0.06,0.00,0.00,22.1,0,0,0,0.7,0.7,0.04,-0.7,-0.7,Matches
435,Jay Robinson,eng ENG,"MF,FW",Southampton,18-056,2007,0.4,0,0,0,,0.00,0.00,,,,0,0,0,0.0,0.0,,0.0,0.0,Matches
436,Rodri,es ESP,MF,Manchester City,28-322,1996,0.7,0,0,0,,0.00,0.00,,,,0,0,0,0.0,0.0,,0.0,0.0,Matches
437,Guido Rodríguez,ar ARG,MF,West Ham,31-028,1994,11.3,0,8,1,12.5,0.71,0.09,0.00,0.00,27.8,0,0,0,0.2,0.2,0.03,-0.2,-0.2,Matches
438,Mads Roerslev,dk DEN,DF,Brentford,25-320,1999,12.2,0,5,2,40.0,0.41,0.16,0.00,0.00,20.8,0,0,0,0.2,0.2,0.04,-0.2,-0.2,Matches
439,Morgan Rogers,eng ENG,"FW,MF",Aston Villa,22-288,2002,31.7,8,53,19,35.8,1.67,0.60,0.15,0.42,15.9,0,0,0,6.2,6.2,0.12,+1.8,+1.8,Matches
440,Cristian Romero,ar ARG,DF,Tottenham,27-013,1998,15.7,1,16,8,50.0,1.02,0.51,0.06,0.13,9.1,0,0,0,1.6,1.6,0.10,-0.6,-0.6,Matches
441,Georginio Rutter,fr FRA,"MF,FW",Brighton,23-020,2002,18.4,5,50,12,24.0,2.72,0.65,0.10,0.42,15.5,0,0,0,4.6,4.6,0.09,+0.4,+0.4,Matches
442,José Sá,pt POR,GK,Wolves,32-113,1993,27.0,0,0,0,,0.00,0.00,,,,0,0,0,0.0,0.0,,0.0,0.0,Matches
443,Bukayo Saka,eng ENG,"FW,MF",Arsenal,23-247,2001,17.1,6,58,20,34.5,3.39,1.17,0.09,0.25,15.5,1,1,1,6.3,5.5,0.10,-0.3,-0.5,Matches
444,Mohamed Salah,eg EGY,FW,Liverpool,32-329,1992,34.5,28,112,47,42.0,3.25,1.36,0.17,0.40,14.7,1,9,9,24.0,17.0,0.15,+4.0,+2.0,Matches
445,William Saliba,fr FRA,DF,Arsenal,24-047,2001,32.3,2,6,2,33.3,0.19,0.06,0.33,1.00,5.4,0,0,0,2.3,2.3,0.38,-0.3,-0.3,Matches
446,Robert Sánchez,es ESP,GK,Chelsea,27-173,1997,29.0,0,0,0,,0.00,0.00,,,,0,0,0,0.0,0.0,,0.0,0.0,Matches
447,Jadon Sancho,eng ENG,FW,Chelsea,25-046,2000,18.7,3,24,8,33.3,1.28,0.43,0.13,0.38,15.1,0,0,0,2.2,2.2,0.09,+0.8,+0.8,Matches
448,Ibrahim Sangaré,ci CIV,MF,Nott'ham Forest,27-159,1997,4.1,0,1,1,100.0,0.24,0.24,0.00,0.00,32.0,0,0,0,0.0,0.0,0.02,0.0,0.0,Matches
449,Pablo Sarabia,es ESP,"MF,FW",Wolves,32-364,1992,8.0,3,17,8,47.1,2.14,1.01,0.18,0.38,18.9,2,0,0,2.9,2.9,0.17,+0.1,+0.1,Matches
450,Jeremy Sarmiento,ec ECU,MF,Brighton,22-328,2002,0.1,0,0,0,,0.00,0.00,,,,0,0,0,0.0,0.0,,0.0,0.0,Matches
Rk,Player,Nation,Pos,Squad,Age,Born,90s,Gls,Sh,SoT,SoT%,Sh/90,SoT/90,G/Sh,G/SoT,Dist,FK,PK,PKatt,xG,npxG,npxG/Sh,G-xG,np:G-xG,Matches
451,Ismaila Sarr,sn SEN,"MF,FW",Crystal Palace,27-074,1998,27.6,7,50,25,50.0,1.81,0.91,0.14,0.28,13.2,0,0,0,9.1,9.1,0.19,-2.1,-2.1,Matches
452,Sávio,br BRA,"FW,MF",Manchester City,21-030,2004,19.3,1,54,21,38.9,2.80,1.09,0.02,0.05,17.7,1,0,0,4.9,4.9,0.09,-3.9,-3.9,Matches
453,Oliver Scarles,eng ENG,DF,West Ham,19-149,2005,6.6,0,3,0,0.0,0.45,0.00,0.00,,20.2,0,0,0,0.1,0.1,0.04,-0.1,-0.1,Matches
454,Dane Scarlett,eng ENG,"FW,MF",Tottenham,21-047,2004,0.4,0,1,1,100.0,2.65,2.65,0.00,0.00,13.9,0,0,0,0.0,0.0,0.04,0.0,0.0,Matches
455,Kevin Schade,de GER,FW,Brentford,23-164,2001,23.0,10,50,23,46.0,2.17,1.00,0.20,0.43,11.6,0,0,0,7.7,7.7,0.15,+2.3,+2.3,Matches
456,Fabian Schär,ch SUI,DF,Newcastle Utd,33-141,1991,29.6,4,31,10,32.3,1.05,0.34,0.13,0.40,21.2,4,0,0,2.4,2.4,0.08,+1.6,+1.6,Matches
457,Jeffrey Schlupp,gh GHA,"MF,DF",Crystal Palace,32-138,1992,1.1,0,4,2,50.0,3.50,1.75,0.00,0.00,17.7,0,0,0,0.2,0.2,0.04,-0.2,-0.2,Matches
458,Alex Scott,eng ENG,MF,Bournemouth,21-262,2003,7.9,0,13,5,38.5,1.65,0.63,0.00,0.00,20.0,0,0,0,0.7,0.7,0.05,-0.7,-0.7,Matches
459,Matz Sels,be BEL,GK,Nott'ham Forest,33-073,1992,35.0,0,0,0,,0.00,0.00,,,,0,0,0,0.0,0.0,,0.0,0.0,Matches
460,Nélson Semedo,pt POR,DF,Wolves,31-175,1993,29.6,0,16,6,37.5,0.54,0.20,0.00,0.00,23.4,0,0,0,0.8,0.8,0.05,-0.8,-0.8,Matches
461,Antoine Semenyo,gh GHA,FW,Bournemouth,25-123,2000,32.6,9,118,37,31.4,3.62,1.14,0.08,0.24,17.2,0,0,0,9.3,9.3,0.08,-0.3,-0.3,Matches
462,Marcos Senesi,ar ARG,DF,Bournemouth,28-000,1997,11.3,0,2,0,0.0,0.18,0.00,0.00,,6.0,0,0,0,0.8,0.8,0.40,-0.8,-0.8,Matches
463,Ryan Sessegnon,eng ENG,"FW,DF",Fulham,24-357,2000,5.2,4,13,7,53.8,2.49,1.34,0.31,0.57,12.6,0,0,0,1.6,1.6,0.12,+2.4,+2.4,Matches
464,Luke Shaw,eng ENG,DF,Manchester Utd,29-302,1995,2.4,0,1,0,0.0,0.41,0.00,0.00,,23.1,0,0,0,0.0,0.0,0.03,0.0,0.0,Matches
465,Zain Silcott-Duberry,ms MSR,FW,Bournemouth,19-305,2005,0.0,0,0,0,,0.00,0.00,,,,0,0,0,0.0,0.0,,0.0,0.0,Matches
466,Bernardo Silva,pt POR,"MF,FW",Manchester City,30-273,1994,26.7,3,28,10,35.7,1.05,0.37,0.11,0.30,12.9,0,0,0,3.2,3.2,0.12,-0.2,-0.2,Matches
467,Jota Silva,pt POR,"FW,MF",Nott'ham Forest,25-282,1999,9.4,3,22,7,31.8,2.35,0.75,0.14,0.43,14.5,0,0,0,2.0,2.0,0.09,+1.0,+1.0,Matches
468,Eric da Silva Moreira,de GER,"MF,DF",Nott'ham Forest,19-007,2006,0.3,0,0,0,,0.00,0.00,,,,0,0,0,0.0,0.0,,0.0,0.0,Matches
469,Jahmai Simpson-Pusey,eng ENG,DF,Manchester City,19-187,2005,1.1,0,0,0,,0.00,0.00,,,,0,0,0,0.0,0.0,,0.0,0.0,Matches
470,Luis Sinisterra,co COL,"FW,MF",Bournemouth,25-327,1999,2.6,1,13,6,46.2,4.96,2.29,0.08,0.17,14.8,0,0,0,1.2,1.2,0.09,-0.2,-0.2,Matches
471,Oliver Skipp,eng ENG,MF,Leicester City,24-236,2000,11.1,0,4,1,25.0,0.36,0.09,0.00,0.00,21.0,0,0,0,0.2,0.2,0.04,-0.2,-0.2,Matches
472,William Smallbone,ie IRL,MF,Southampton,25-078,2000,7.2,1,6,1,16.7,0.84,0.14,0.17,1.00,19.3,1,0,0,0.4,0.4,0.07,+0.6,+0.6,Matches
473,Adam Smith,eng ENG,DF,Bournemouth,34-011,1991,15.7,0,3,0,0.0,0.19,0.00,0.00,,16.9,0,0,0,0.7,0.7,0.22,-0.7,-0.7,Matches
474,Emile Smith Rowe,eng ENG,MF,Fulham,24-286,2000,21.0,6,35,10,28.6,1.67,0.48,0.17,0.60,15.6,0,0,0,4.4,4.4,0.13,+1.6,+1.6,Matches
475,Dominic Solanke,eng ENG,FW,Tottenham,27-238,1997,23.5,8,59,24,40.7,2.51,1.02,0.14,0.33,12.1,0,0,0,10.1,10.1,0.17,-2.1,-2.1,Matches
Rk,Player,Nation,Pos,Squad,Age,Born,90s,Gls,Sh,SoT,SoT%,Sh/90,SoT/90,G/Sh,G/SoT,Dist,FK,PK,PKatt,xG,npxG,npxG/Sh,G-xG,np:G-xG,Matches
476,Carlos Soler,es ESP,"MF,FW",West Ham,28-128,1997,15.1,1,24,7,29.2,1.59,0.46,0.04,0.14,19.1,1,0,0,1.7,1.7,0.07,-0.7,-0.7,Matches
477,Julio Soler,ar ARG,FW,Bournemouth,20-083,2005,0.0,0,0,0,,0.00,0.00,,,,0,0,0,0.0,0.0,,0.0,0.0,Matches
478,Ramón Sosa,py PAR,"FW,MF",Nott'ham Forest,25-252,1999,3.3,1,11,5,45.5,3.36,1.53,0.09,0.20,18.6,0,0,0,1.0,1.0,0.09,0.0,0.0,Matches
479,Tomáš Souček,cz CZE,MF,West Ham,30-072,1995,25.9,8,52,14,26.9,2.01,0.54,0.15,0.57,12.0,0,0,0,6.0,6.0,0.12,+2.0,+2.0,Matches
480,Boubakary Soumaré,fr FRA,MF,Leicester City,26-072,1999,21.8,0,7,0,0.0,0.32,0.00,0.00,,23.4,0,0,0,0.3,0.3,0.04,-0.3,-0.3,Matches
481,Djed Spence,eng ENG,DF,Tottenham,24-274,2000,17.8,1,10,3,30.0,0.56,0.17,0.10,0.33,23.9,0,0,0,0.6,0.6,0.06,+0.4,+0.4,Matches
482,Jay Stansfield,eng ENG,MF,Fulham,22-167,2002,0.0,0,0,0,,0.00,0.00,,,,0,0,0,0.0,0.0,,0.0,0.0,Matches
483,Jason Steele,eng ENG,GK,Brighton,34-265,1990,2.0,0,0,0,,0.00,0.00,,,,0,0,0,0.0,0.0,,0.0,0.0,Matches
484,Jack Stephens,eng ENG,DF,Southampton,31-103,1994,13.4,1,4,2,50.0,0.30,0.15,0.25,0.50,11.0,0,0,0,0.6,0.6,0.14,+0.4,+0.4,Matches
485,Raheem Sterling,eng ENG,"FW,MF",Arsenal,30-153,1994,4.9,0,10,0,0.0,2.06,0.00,0.00,,15.0,2,0,0,1.3,1.3,0.13,-1.3,-1.3,Matches
486,Ross Stewart,sct SCO,FW,Southampton,28-303,1996,3.2,0,4,0,0.0,1.26,0.00,0.00,,11.6,0,0,0,0.3,0.3,0.06,-0.3,-0.3,Matches
487,Jakub Stolarczyk,pl POL,GK,Leicester City,24-142,2000,7.0,0,0,0,,0.00,0.00,,,,0,0,0,0.0,0.0,,0.0,0.0,Matches
488,John Stones,eng ENG,"DF,MF",Manchester City,30-347,1994,6.1,2,2,2,100.0,0.33,0.33,1.00,1.00,5.1,0,0,0,0.4,0.4,0.22,+1.6,+1.6,Matches
489,Jørgen Strand Larsen,no NOR,FW,Wolves,25-093,2000,27.4,13,53,32,60.4,1.94,1.17,0.25,0.41,11.4,0,0,0,10.0,10.0,0.19,+3.0,+3.0,Matches
490,Yukinari Sugawara,jp JPN,"DF,MF",Southampton,24-316,2000,16.3,1,13,5,38.5,0.80,0.31,0.08,0.20,19.2,1,0,0,0.5,0.5,0.04,+0.5,+0.5,Matches
491,Kamaldeen Sulemana,gh GHA,"FW,MF",Southampton,23-084,2002,13.1,1,26,8,30.8,1.99,0.61,0.04,0.13,18.8,0,0,0,1.4,1.4,0.05,-0.4,-0.4,Matches
492,Crysencio Summerville,nl NED,"FW,MF",West Ham,23-192,2001,8.7,1,14,4,28.6,1.60,0.46,0.07,0.25,13.4,0,0,0,1.6,1.6,0.12,-0.6,-0.6,Matches
493,Sammie Szmodics,ie IRL,"FW,MF",Ipswich Town,29-228,1995,10.9,4,21,12,57.1,1.93,1.10,0.19,0.33,14.0,0,0,0,3.4,3.4,0.16,+0.6,+0.6,Matches
494,Dominik Szoboszlai,hu HUN,MF,Liverpool,24-197,2000,25.3,5,62,20,32.3,2.45,0.79,0.08,0.25,18.5,3,0,0,7.1,7.1,0.12,-2.1,-2.1,Matches
495,Matt Targett,eng ENG,DF,Newcastle Utd,29-234,1995,0.2,0,0,0,,0.00,0.00,,,,0,0,0,0.0,0.0,,0.0,0.0,Matches
496,James Tarkowski,eng ENG,DF,Everton,32-172,1992,32.5,1,15,4,26.7,0.46,0.12,0.07,0.25,8.4,0,0,0,1.3,1.3,0.09,-0.3,-0.3,Matches
497,Marcus Tavernier,eng ENG,"FW,MF",Bournemouth,26-049,1999,18.6,3,50,15,30.0,2.69,0.81,0.06,0.20,20.2,4,0,0,5.3,5.3,0.11,-2.3,-2.3,Matches
498,Charlie Taylor,eng ENG,DF,Southampton,31-234,1993,3.0,0,0,0,,0.00,0.00,,,,0,0,0,0.0,0.0,,0.0,0.0,Matches
499,Jack Taylor,ie IRL,MF,Ipswich Town,26-321,1998,8.5,1,17,4,23.5,2.00,0.47,0.06,0.25,23.0,0,0,0,0.7,0.7,0.04,+0.3,+0.3,Matches
500,Mathys Tel,fr FRA,FW,Tottenham,20-013,2005,7.2,2,20,7,35.0,2.77,0.97,0.05,0.14,16.2,1,1,1,2.3,1.5,0.07,-0.3,-0.5,Matches
Rk,Player,Nation,Pos,Squad,Age,Born,90s,Gls,Sh,SoT,SoT%,Sh/90,SoT/90,G/Sh,G/SoT,Dist,FK,PK,PKatt,xG,npxG,npxG/Sh,G-xG,np:G-xG,Matches
501,Kenny Tete,nl NED,DF,Fulham,29-213,1995,16.7,0,22,2,9.1,1.32,0.12,0.00,0.00,16.1,0,0,0,1.2,1.2,0.06,-1.2,-1.2,Matches
502,Thiago,br BRA,FW,Brentford,23-318,2001,1.6,0,1,0,0.0,0.63,0.00,0.00,,14.7,0,0,0,0.1,0.1,0.10,-0.1,-0.1,Matches
503,Luke Thomas,eng ENG,DF,Leicester City,23-334,2001,9.7,0,5,0,0.0,0.52,0.00,0.00,,16.8,0,0,0,0.4,0.4,0.07,-0.4,-0.4,Matches
504,Youri Tielemans,be BEL,MF,Aston Villa,28-003,1997,33.3,3,38,12,31.6,1.14,0.36,0.08,0.25,20.3,0,0,1,3.1,2.3,0.06,-0.1,+0.7,Matches
505,Kieran Tierney,sct SCO,"DF,FW",Arsenal,27-339,1997,2.0,0,1,0,0.0,0.50,0.00,0.00,,2.6,0,0,0,0.2,0.2,0.21,-0.2,-0.2,Matches
506,Jurriën Timber,nl NED,DF,Arsenal,23-327,2001,26.9,1,14,4,28.6,0.52,0.15,0.07,0.25,14.1,0,0,0,1.2,1.2,0.09,-0.2,-0.2,Matches
507,Jean-Clair Todibo,fr FRA,DF,West Ham,25-131,1999,17.4,0,4,0,0.0,0.23,0.00,0.00,,14.6,0,0,0,0.2,0.2,0.04,-0.2,-0.2,Matches
508,Harry Toffolo,eng ENG,DF,Nott'ham Forest,29-264,1995,1.5,0,1,0,0.0,0.66,0.00,0.00,,28.5,0,0,0,0.0,0.0,0.02,0.0,0.0,Matches
509,Takehiro Tomiyasu,jp JPN,DF,Arsenal,26-186,1998,0.1,0,1,0,0.0,12.86,0.00,0.00,,1.2,0,0,0,0.2,0.2,0.18,-0.2,-0.2,Matches
510,Sandro Tonali,it ITA,MF,Newcastle Utd,25-002,2000,26.2,3,32,10,31.3,1.22,0.38,0.09,0.30,19.6,3,0,0,3.7,3.7,0.11,-0.7,-0.7,Matches
511,Pau Torres,es ESP,DF,Aston Villa,28-114,1997,20.2,0,8,2,25.0,0.40,0.10,0.00,0.00,11.7,0,0,0,0.5,0.5,0.06,-0.5,-0.5,Matches
512,Conor Townsend,eng ENG,DF,Ipswich Town,32-067,1993,3.7,0,1,0,0.0,0.27,0.00,0.00,,16.7,0,0,0,0.0,0.0,0.03,0.0,0.0,Matches
513,Adama Traoré,es ESP,"FW,MF",Fulham,29-105,1996,17.7,2,37,11,29.7,2.09,0.62,0.05,0.18,14.3,0,0,0,3.9,3.9,0.10,-1.9,-1.9,Matches
514,Boubacar Traoré,ml MLI,MF,Wolves,23-263,2001,0.0,0,0,0,,0.00,0.00,,,,0,0,0,0.0,0.0,,0.0,0.0,Matches
515,Mark Travers,ie IRL,GK,Bournemouth,25-357,1999,5.0,0,0,0,,0.00,0.00,,,,0,0,0,0.0,0.0,,0.0,0.0,Matches
516,Ryan Trevitt,eng ENG,MF,Brentford,22-059,2003,0.0,0,0,0,,0.00,0.00,,,,0,0,0,0.0,0.0,,0.0,0.0,Matches
517,Kieran Trippier,eng ENG,DF,Newcastle Utd,34-233,1990,14.2,0,3,0,0.0,0.21,0.00,0.00,,22.2,1,0,0,0.1,0.1,0.03,-0.1,-0.1,Matches
518,Leandro Trossard,be BEL,FW,Arsenal,30-157,1994,26.2,8,68,21,30.9,2.60,0.80,0.12,0.38,15.9,0,0,0,6.8,6.8,0.10,+1.2,+1.2,Matches
519,Kostas Tsimikas,gr GRE,DF,Liverpool,28-363,1996,8.3,0,4,2,50.0,0.48,0.24,0.00,0.00,16.1,0,0,0,0.4,0.4,0.10,-0.4,-0.4,Matches
520,Axel Tuanzebe,cd COD,DF,Ipswich Town,27-177,1997,16.1,0,4,0,0.0,0.25,0.00,0.00,,15.7,0,0,0,0.2,0.2,0.05,-0.2,-0.2,Matches
521,Destiny Udogie,it ITA,DF,Tottenham,22-163,2002,20.4,0,5,1,20.0,0.25,0.05,0.00,0.00,15.1,0,0,0,0.3,0.3,0.06,-0.3,-0.3,Matches
522,Manuel Ugarte Ribeiro,uy URU,MF,Manchester Utd,24-029,2001,19.0,1,19,4,21.1,1.00,0.21,0.05,0.25,21.7,0,0,0,1.0,1.0,0.05,0.0,0.0,Matches
523,Lesley Ugochukwu,fr FRA,MF,Southampton,21-045,2004,16.9,1,10,1,10.0,0.59,0.06,0.10,1.00,17.0,0,0,0,0.9,0.9,0.09,+0.1,+0.1,Matches
524,Enes Ünal,tr TUR,"FW,MF",Bournemouth,28-000,1997,3.8,2,20,7,35.0,5.22,1.83,0.10,0.29,14.6,3,0,0,2.7,2.7,0.14,-0.7,-0.7,Matches
525,Virgil van Dijk,nl NED,DF,Liverpool,33-306,1991,35.0,3,27,8,29.6,0.77,0.23,0.11,0.38,13.1,1,0,0,2.2,2.2,0.08,+0.8,+0.8,Matches
Rk,Player,Nation,Pos,Squad,Age,Born,90s,Gls,Sh,SoT,SoT%,Sh/90,SoT/90,G/Sh,G/SoT,Dist,FK,PK,PKatt,xG,npxG,npxG/Sh,G-xG,np:G-xG,Matches
526,Jamie Vardy,eng ENG,FW,Leicester City,38-119,1987,29.5,8,52,22,42.3,1.76,0.75,0.13,0.32,12.4,1,1,2,10.7,9.1,0.18,-2.7,-2.1,Matches
527,Renato Veiga,pt POR,"DF,MF",Chelsea,21-285,2003,2.0,0,3,1,33.3,1.49,0.50,0.00,0.00,17.1,0,0,0,0.1,0.1,0.05,-0.1,-0.1,Matches
528,Joël Veltman,nl NED,DF,Brighton,33-115,1992,18.5,0,6,1,16.7,0.32,0.05,0.00,0.00,19.7,0,0,0,0.5,0.5,0.08,-0.5,-0.5,Matches
529,Micky van de Ven,nl NED,DF,Tottenham,24-021,2001,10.6,0,6,2,33.3,0.57,0.19,0.00,0.00,11.1,0,0,0,0.6,0.6,0.09,-0.6,-0.6,Matches
530,Bart Verbruggen,nl NED,GK,Brighton,22-265,2002,33.0,0,0,0,,0.00,0.00,,,,0,0,0,0.0,0.0,,0.0,0.0,Matches
531,Jannik Vestergaard,dk DEN,DF,Leicester City,32-280,1992,15.5,0,3,2,66.7,0.19,0.13,0.00,0.00,9.7,0,0,0,0.1,0.1,0.03,-0.1,-0.1,Matches
532,Guglielmo Vicario,it ITA,GK,Tottenham,28-215,1996,23.0,0,0,0,,0.00,0.00,,,,0,0,0,0.0,0.0,,0.0,0.0,Matches
533,Carlos Vinícius,br BRA,"MF,FW",Fulham,30-046,1995,0.2,0,1,1,100.0,5.63,5.63,0.00,0.00,17.4,0,0,0,0.0,0.0,0.04,0.0,0.0,Matches
534,Kyle Walker,eng ENG,DF,Manchester City,34-347,1990,10.8,0,5,2,40.0,0.46,0.19,0.00,0.00,27.7,0,0,0,0.1,0.1,0.03,-0.1,-0.1,Matches
535,Kyle Walker-Peters,eng ENG,DF,Southampton,28-027,1997,32.4,0,20,6,30.0,0.62,0.19,0.00,0.00,18.3,0,0,0,0.8,0.8,0.04,-0.8,-0.8,Matches
536,Christian Walton,eng ENG,GK,Ipswich Town,29-182,1995,6.0,0,0,0,,0.00,0.00,,,,0,0,0,0.0,0.0,,0.0,0.0,Matches
537,Aaron Wan-Bissaka,eng ENG,DF,West Ham,27-165,1997,32.0,2,16,5,31.3,0.50,0.16,0.13,0.40,15.1,0,0,0,1.2,1.2,0.07,+0.8,+0.8,Matches
538,Danny Ward,wls WAL,GK,Leicester City,31-322,1993,1.5,0,0,0,,0.00,0.00,,,,0,0,0,0.0,0.0,,0.0,0.0,Matches
539,Joel Ward,eng ENG,DF,Crystal Palace,35-193,1989,0.0,0,0,0,,0.00,0.00,,,,0,0,0,0.0,0.0,,0.0,0.0,Matches
540,James Ward-Prowse,eng ENG,MF,West Ham,30-190,1994,9.0,0,9,2,22.2,1.00,0.22,0.00,0.00,21.9,3,0,0,0.6,0.6,0.07,-0.6,-0.6,Matches
541,James Ward-Prowse,eng ENG,MF,Nott'ham Forest,30-190,1994,4.4,0,2,1,50.0,0.45,0.23,0.00,0.00,29.0,1,0,0,0.1,0.1,0.03,-0.1,-0.1,Matches
542,Ollie Watkins,eng ENG,FW,Aston Villa,29-131,1995,25.9,15,78,33,42.3,3.01,1.27,0.17,0.39,12.2,0,2,2,14.7,13.2,0.17,+0.3,-0.2,Matches
543,Adam Webster,eng ENG,DF,Brighton,30-126,1995,6.9,0,1,1,100.0,0.15,0.15,0.00,0.00,15.3,0,0,0,0.0,0.0,0.02,0.0,0.0,Matches
544,Danny Welbeck,eng ENG,FW,Brighton,34-165,1990,21.6,9,53,20,37.7,2.46,0.93,0.17,0.45,15.2,8,0,0,8.1,8.1,0.15,+0.9,+0.9,Matches
545,Welington,br BRA,"DF,MF",Southampton,24-080,2001,2.4,0,3,0,0.0,1.26,0.00,0.00,,31.3,0,0,0,0.0,0.0,0.01,0.0,0.0,Matches
546,Timo Werner,de GER,"FW,MF",Tottenham,29-065,1996,5.7,0,8,3,37.5,1.40,0.52,0.00,0.00,18.2,0,0,0,1.0,1.0,0.12,-1.0,-1.0,Matches
547,Adam Wharton,eng ENG,MF,Crystal Palace,20-342,2004,14.6,0,13,5,38.5,0.89,0.34,0.00,0.00,25.4,0,0,0,0.4,0.4,0.03,-0.4,-0.4,Matches
548,Ben White,eng ENG,DF,Arsenal,27-214,1997,10.5,0,7,1,14.3,0.67,0.10,0.00,0.00,19.1,0,0,0,0.4,0.4,0.06,-0.4,-0.4,Matches
549,Mats Wieffer,nl NED,"MF,DF",Brighton,25-175,1999,8.3,1,8,4,50.0,0.97,0.48,0.13,0.25,12.9,0,0,0,0.7,0.7,0.09,+0.3,+0.3,Matches
550,Neco Williams,wls WAL,DF,Nott'ham Forest,24-027,2001,25.8,1,37,7,18.9,1.43,0.27,0.03,0.14,20.2,1,0,0,2.3,2.3,0.06,-1.3,-1.3,Matches
Rk,Player,Nation,Pos,Squad,Age,Born,90s,Gls,Sh,SoT,SoT%,Sh/90,SoT/90,G/Sh,G/SoT,Dist,FK,PK,PKatt,xG,npxG,npxG/Sh,G-xG,np:G-xG,Matches
551,Willian,br BRA,"FW,MF",Fulham,36-274,1988,2.7,0,7,0,0.0,2.61,0.00,0.00,,22.1,0,0,0,0.3,0.3,0.04,-0.3,-0.3,Matches
552,Joe Willock,eng ENG,"MF,FW",Newcastle Utd,25-263,1999,11.4,0,17,3,17.6,1.49,0.26,0.00,0.00,15.4,0,0,0,1.6,1.6,0.09,-1.6,-1.6,Matches
553,Callum Wilson,eng ENG,FW,Newcastle Utd,33-072,1992,3.2,0,6,1,16.7,1.89,0.32,0.00,0.00,15.4,0,0,0,0.4,0.4,0.06,-0.4,-0.4,Matches
554,Harry Wilson,wls WAL,"FW,MF",Fulham,28-049,1997,11.1,5,32,11,34.4,2.87,0.99,0.16,0.45,17.3,1,0,0,3.7,3.7,0.12,+1.3,+1.3,Matches
555,Harry Winks,eng ENG,MF,Leicester City,29-097,1996,17.1,0,10,4,40.0,0.59,0.23,0.00,0.00,29.2,0,0,0,0.2,0.2,0.02,-0.2,-0.2,Matches
556,Ben Winterburn,eng ENG,"FW,MF",Bournemouth,20-248,2004,0.3,0,0,0,,0.00,0.00,,,,0,0,0,0.0,0.0,,0.0,0.0,Matches
557,Yoane Wissa,cd COD,FW,Brentford,28-249,1996,29.4,18,80,37,46.3,2.72,1.26,0.23,0.49,13.4,0,0,0,16.5,16.5,0.21,+1.5,+1.5,Matches
558,Chris Wood,nz NZL,FW,Nott'ham Forest,33-154,1991,29.9,19,55,30,54.5,1.84,1.00,0.29,0.53,14.1,0,3,3,11.7,9.3,0.17,+7.3,+6.7,Matches
559,Nathan Wood-Gordon,eng ENG,DF,Southampton,22-344,2002,6.9,0,2,0,0.0,0.29,0.00,0.00,,5.9,0,0,0,0.2,0.2,0.12,-0.2,-0.2,Matches
560,Luke Woolfenden,eng ENG,DF,Ipswich Town,26-201,1998,13.2,0,1,0,0.0,0.08,0.00,0.00,,12.9,0,0,0,0.0,0.0,0.03,0.0,0.0,Matches
561,Yehor Yarmoliuk,ua UKR,MF,Brentford,21-070,2004,13.3,0,9,2,22.2,0.68,0.15,0.00,0.00,15.9,0,0,0,0.6,0.6,0.07,-0.6,-0.6,Matches
562,Ryan Yates,eng ENG,MF,Nott'ham Forest,27-170,1997,20.8,2,32,9,28.1,1.54,0.43,0.06,0.22,19.3,0,0,0,2.3,2.3,0.07,-0.3,-0.3,Matches
563,Leny Yoro,fr FRA,DF,Manchester Utd,19-178,2005,12.4,0,5,1,20.0,0.40,0.08,0.00,0.00,8.6,0,0,0,0.7,0.7,0.15,-0.7,-0.7,Matches
564,Ashley Young,eng ENG,"DF,FW",Everton,39-305,1985,18.0,1,6,3,50.0,0.33,0.17,0.17,0.33,24.5,3,0,0,0.3,0.3,0.04,+0.7,+0.7,Matches
565,Illia Zabarnyi,ua UKR,DF,Bournemouth,22-251,2002,31.6,0,10,0,0.0,0.32,0.00,0.00,,9.8,0,0,0,1.1,1.1,0.11,-1.1,-1.1,Matches
566,Oleksandr Zinchenko,ua UKR,"DF,MF",Arsenal,28-146,1996,5.1,0,6,0,0.0,1.19,0.00,0.00,,18.0,1,0,0,0.3,0.3,0.05,-0.3,-0.3,Matches
567,Joshua Zirkzee,nl NED,"FW,MF",Manchester Utd,23-353,2001,15.6,3,28,11,39.3,1.80,0.71,0.11,0.27,13.1,0,0,0,4.8,4.8,0.17,-1.8,-1.8,Matches
568,Martin Ødegaard,no NOR,MF,Arsenal,26-144,1998,23.7,2,43,13,30.2,1.82,0.55,0.02,0.08,18.7,3,1,1,4.6,3.8,0.09,-2.6,-2.8,Matches
