Rk,Player,Nation,Pos,Squad,Age,Born,90s,Tkl,TklW,Def 3rd,Mid 3rd,Att 3rd,Tkl,Att,Tkl%,Lost,Blocks,Sh,Pass,Int,Tkl+Int,Clr,Err,Matches
1,Max Aarons,eng ENG,DF,Bournemouth,25-126,2000,1.0,2,2,1,1,0,1,1,100.0,0,3,1,2,1,3,0,0,Matches
2,Joshua Acheampong,eng ENG,DF,Chelsea,19-005,2006,1.9,2,1,2,0,0,2,2,100.0,0,1,0,1,1,3,2,0,Matches
3,Tyler Adams,us USA,MF,Bournemouth,26-085,1999,19.0,75,46,24,44,7,35,66,53.0,31,33,10,23,32,107,38,0,Matches
4,Tosin Adarabioyo,eng ENG,DF,Chelsea,27-228,1997,13.7,14,10,10,4,0,8,12,66.7,4,9,7,2,10,24,62,0,Matches
5,Simon Adingra,ci CIV,"FW,MF",Brighton,23-129,2002,10.6,23,14,10,8,5,10,22,45.5,12,12,0,12,8,31,6,1,Matches
6,Emmanuel Agbadou,ci CIV,DF,Wolves,27-327,1997,12.7,27,18,18,9,0,11,17,64.7,6,16,12,4,9,36,77,0,Matches
7,Asher Agbinone,eng ENG,MF,Crystal Palace,19-224,2005,0.1,2,1,0,2,0,0,0,,0,0,0,0,0,2,0,0,Matches
8,Ola Aina,ng NGA,DF,Nott'ham Forest,28-214,1996,30.4,54,41,39,14,1,35,63,55.6,28,32,12,20,31,85,103,3,Matches
9,Rayan Aït-Nouri,dz ALG,DF,Wolves,23-338,2001,31.8,82,52,50,25,7,41,67,61.2,26,40,6,34,24,106,67,1,Matches
10,Kristoffer Ajer,no NOR,DF,Brentford,27-023,1998,15.6,25,17,14,10,1,14,26,53.8,12,17,4,13,12,37,49,0,Matches
11,Manuel Akanji,ch SUI,DF,Manchester City,29-295,1995,19.4,16,11,9,4,3,8,13,61.5,5,11,8,3,7,23,57,3,Matches
12,Nathan Aké,nl NED,DF,Manchester City,30-081,1995,7.5,9,7,7,2,0,4,6,66.7,2,7,2,5,3,12,22,1,Matches
13,Carlos Alcaraz,ar ARG,MF,Southampton,22-161,2002,0.1,0,0,0,0,0,0,0,,0,0,0,0,1,1,0,0,Matches
14,Carlos Alcaraz,ar ARG,"FW,MF",Everton,22-161,2002,6.4,11,5,5,3,3,3,9,33.3,6,6,1,5,4,15,7,0,Matches
15,Trent Alexander-Arnold,eng ENG,DF,Liverpool,26-215,1998,25.5,70,49,43,18,9,48,103,46.6,55,26,9,17,30,100,54,4,Matches
16,Alisson,br BRA,GK,Liverpool,32-220,1992,24.9,1,0,1,0,0,0,1,0.0,1,0,0,0,0,1,13,1,Matches
17,Miguel Almirón,py PAR,FW,Newcastle Utd,31-089,1994,1.7,3,2,2,0,1,2,3,66.7,1,2,0,2,0,3,0,0,Matches
18,Edson Álvarez,mx MEX,MF,West Ham,27-198,1997,18.1,44,23,24,12,8,15,33,45.5,18,21,8,13,16,60,39,1,Matches
19,Will Alves,eng ENG,FW,Leicester City,20-096,2005,0.0,0,0,0,0,0,0,0,,0,0,0,0,0,0,0,0,Matches
20,Harry Amass,eng ENG,DF,Manchester Utd,18-055,2007,2.8,6,2,5,1,0,2,6,33.3,4,6,1,5,2,8,10,0,Matches
21,Samuel Amo-Ameyaw,eng ENG,"FW,DF",Southampton,18-296,2006,0.3,1,0,0,1,0,1,1,100.0,0,0,0,0,0,1,0,0,Matches
22,Mathis Amougou,fr FRA,MF,Chelsea,19-112,2006,0.1,0,0,0,0,0,0,0,,0,0,0,0,0,0,0,0,Matches
23,Joachim Andersen,dk DEN,DF,Crystal Palace,28-344,1996,1.0,1,1,1,0,0,1,2,50.0,1,0,0,0,0,1,7,0,Matches
24,Joachim Andersen,dk DEN,DF,Fulham,28-344,1996,25.7,25,17,18,6,1,13,20,65.0,7,33,26,7,30,55,162,1,Matches
25,Elliot Anderson,eng ENG,MF,Nott'ham Forest,22-185,2002,27.4,84,52,50,27,7,43,100,43.0,57,44,9,35,30,114,67,4,Matches
Rk,Player,Nation,Pos,Squad,Age,Born,90s,Tkl,TklW,Def 3rd,Mid 3rd,Att 3rd,Tkl,Att,Tkl%,Lost,Blocks,Sh,Pass,Int,Tkl+Int,Clr,Err,Matches
26,André,br BRA,MF,Wolves,23-298,2001,25.0,80,48,36,37,7,32,57,56.1,25,41,8,33,32,112,27,1,Matches
27,Michail Antonio,jm JAM,FW,West Ham,35-043,1990,9.3,2,2,0,1,1,2,3,66.7,1,6,0,6,0,2,2,0,Matches
28,Antony,br BRA,"DF,MF",Manchester Utd,25-075,2000,1.6,6,3,4,2,0,2,5,40.0,3,2,0,2,2,8,0,0,Matches
29,Julian Araujo,mx MEX,DF,Bournemouth,23-270,2001,4.7,8,3,4,4,0,5,12,41.7,7,3,0,3,6,14,16,0,Matches
30,Cameron Archer,eng ENG,FW,Southampton,23-293,2001,15.3,11,7,6,3,2,2,9,22.2,7,5,1,4,2,13,9,0,Matches
31,Alphonse Areola,fr FRA,GK,West Ham,32-072,1993,23.1,2,2,2,0,0,2,3,66.7,1,0,0,0,0,2,15,2,Matches
32,Joe Aribo,ng NGA,"MF,DF",Southampton,28-293,1996,21.2,44,30,15,23,6,17,34,50.0,17,24,9,15,20,64,29,3,Matches
33,Adam Armstrong,eng ENG,"FW,MF",Southampton,28-089,1997,13.9,12,3,2,7,3,3,14,21.4,11,6,1,5,3,15,8,0,Matches
34,Harrison Armstrong,eng ENG,MF,Everton,18-111,2007,0.5,0,0,0,0,0,0,1,0.0,1,0,0,0,0,0,1,0,Matches
35,Kepa Arrizabalaga,es ESP,GK,Bournemouth,30-219,1994,28.0,1,0,1,0,0,0,2,0.0,2,1,0,1,0,1,14,3,Matches
36,Marco Asensio,es ESP,"MF,FW",Aston Villa,29-109,1996,6.0,7,5,0,7,0,3,9,33.3,6,2,0,2,1,8,3,0,Matches
37,Brandon Austin,eng ENG,GK,Tottenham,26-122,1999,1.0,0,0,0,0,0,0,0,,0,0,0,0,0,0,1,0,Matches
38,Taiwo Awoniyi,ng NGA,FW,Nott'ham Forest,27-271,1997,4.5,6,3,0,3,3,4,5,80.0,1,1,0,1,0,6,7,0,Matches
39,Yasin Ayari,se SWE,MF,Brighton,21-216,2003,19.5,54,29,15,29,10,21,51,41.2,30,23,6,17,20,74,24,0,Matches
40,Jordan Ayew,gh GHA,"FW,MF",Crystal Palace,33-241,1991,0.2,1,0,0,0,1,0,0,,0,0,0,0,0,1,0,0,Matches
41,Jordan Ayew,gh GHA,"FW,MF",Leicester City,33-241,1991,15.8,24,13,7,12,5,6,19,31.6,13,16,0,16,12,36,17,0,Matches
42,Benoît Badiashile,fr FRA,DF,Chelsea,24-045,2001,3.7,9,6,5,4,0,4,5,80.0,1,2,2,0,6,15,12,2,Matches
43,Leon Bailey,jm JAM,"FW,MF",Aston Villa,27-274,1997,12.6,6,4,1,3,2,2,10,20.0,8,6,0,6,3,9,12,0,Matches
44,Carlos Baleba,cm CMR,MF,Brighton,21-127,2004,26.7,71,41,24,32,15,44,72,61.1,28,44,10,34,40,111,41,1,Matches
45,Ross Barkley,eng ENG,MF,Aston Villa,31-156,1993,6.3,14,3,4,10,0,9,14,64.3,5,9,3,6,10,24,5,0,Matches
46,Harvey Barnes,eng ENG,FW,Newcastle Utd,27-152,1997,16.7,16,9,4,6,6,3,10,30.0,7,7,1,6,6,22,12,1,Matches
47,Calvin Bassey,ng NGA,DF,Fulham,25-130,1999,32.2,52,33,34,18,0,21,30,70.0,9,37,17,20,18,70,105,8,Matches
48,Altay Bayındır,tr TUR,GK,Manchester Utd,27-026,1998,2.0,0,0,0,0,0,0,1,0.0,1,0,0,0,0,0,5,1,Matches
49,Jan Bednarek,pl POL,DF,Southampton,29-028,1996,27.1,35,18,22,13,0,15,30,50.0,15,44,33,11,54,89,177,5,Matches
50,Armel Bella Kotchap,de GER,DF,Southampton,23-150,2001,3.7,7,5,5,2,0,3,6,50.0,3,2,2,0,5,12,21,1,Matches
Rk,Player,Nation,Pos,Squad,Age,Born,90s,Tkl,TklW,Def 3rd,Mid 3rd,Att 3rd,Tkl,Att,Tkl%,Lost,Blocks,Sh,Pass,Int,Tkl+Int,Clr,Err,Matches
51,Jean-Ricner Bellegarde,fr FRA,"MF,FW",Wolves,26-317,1998,17.2,37,22,17,17,3,13,19,68.4,6,19,3,16,10,47,17,1,Matches
52,Rodrigo Bentancur,uy URU,MF,Tottenham,27-319,1997,16.9,38,20,17,17,4,19,39,48.7,20,24,8,16,36,74,33,1,Matches
53,Daniel Bentley,eng ENG,GK,Wolves,31-301,1993,1.0,0,0,0,0,0,0,0,,0,0,0,0,0,0,0,0,Matches
54,Sander Berge,no NOR,MF,Fulham,27-085,1998,23.2,48,28,22,22,4,25,37,67.6,12,26,8,18,20,68,34,1,Matches
55,Lucas Bergvall,se SWE,MF,Tottenham,19-097,2006,13.5,39,19,14,20,5,17,32,53.1,15,18,8,10,24,63,22,3,Matches
56,Victor Bernth Kristiansen,dk DEN,DF,Leicester City,22-145,2002,26.4,85,50,54,26,5,47,87,54.0,40,37,14,23,40,125,72,3,Matches
57,Beto,gw GNB,FW,Everton,27-099,1998,14.1,14,6,2,8,4,5,8,62.5,3,8,1,7,3,17,19,1,Matches
58,Philip Billing,dk DEN,MF,Bournemouth,28-333,1996,2.0,14,5,7,6,1,3,4,75.0,1,3,0,3,5,19,2,0,Matches
59,Yves Bissouma,ml MLI,MF,Tottenham,28-253,1996,14.4,47,29,19,25,3,18,33,54.5,15,9,6,3,16,63,35,4,Matches
60,Oscar Bobb,no NOR,FW,Manchester City,21-302,2003,0.2,0,0,0,0,0,0,0,,0,0,0,0,0,0,0,0,Matches
61,Lamare Bogarde,nl NED,"DF,MF",Aston Villa,21-125,2004,5.3,14,6,6,6,2,10,16,62.5,6,5,3,2,1,15,13,0,Matches
62,Willy Boly,ci CIV,DF,Nott'ham Forest,34-096,1991,1.7,6,1,5,1,0,4,4,100.0,0,4,2,2,3,9,12,0,Matches
63,Sven Botman,nl NED,DF,Newcastle Utd,25-118,2000,2.6,6,4,3,3,0,2,3,66.7,1,2,1,1,4,10,16,0,Matches
64,Jarrod Bowen,eng ENG,"FW,MF",West Ham,28-141,1996,30.2,37,24,13,10,14,17,37,45.9,20,21,3,18,16,53,23,0,Matches
65,Conor Bradley,nir NIR,DF,Liverpool,21-305,2003,6.3,11,8,5,4,2,8,17,47.1,9,4,0,4,3,14,21,0,Matches
66,Jarrad Branthwaite,eng ENG,DF,Everton,22-317,2002,26.1,36,20,26,10,0,20,27,74.1,7,30,22,8,23,59,183,4,Matches
67,James Bree,eng ENG,DF,Southampton,27-211,1997,9.9,15,10,5,9,1,7,17,41.2,10,8,3,5,8,23,24,0,Matches
68,Ben Brereton,cl CHI,FW,Southampton,26-022,1999,5.0,3,2,0,2,1,1,9,11.1,8,2,1,1,0,3,4,0,Matches
69,Nathan Broadhead,wls WAL,"MF,FW",Ipswich Town,27-035,1998,6.7,7,3,2,5,0,3,9,33.3,6,6,1,5,4,11,5,0,Matches
70,Armando Broja,al ALB,FW,Everton,23-242,2001,3.7,3,1,1,1,1,0,0,,0,3,0,3,1,4,4,0,Matches
71,David Brooks,wls WAL,"FW,MF",Bournemouth,27-306,1997,9.2,11,4,2,6,3,1,14,7.1,13,16,2,14,5,16,8,1,Matches
72,Emi Buendía,ar ARG,"MF,FW",Aston Villa,28-136,1996,1.1,6,6,3,2,1,0,5,0.0,5,5,1,4,0,6,2,0,Matches
73,Santiago Bueno,uy URU,DF,Wolves,26-182,1998,18.7,40,21,21,18,1,17,22,77.3,5,35,20,15,15,55,70,0,Matches
74,Facundo Buonanotte,ar ARG,"FW,MF",Leicester City,20-138,2004,16.4,53,32,17,22,14,21,67,31.3,46,32,6,26,11,64,14,0,Matches
75,Cameron Burgess,au AUS,DF,Ipswich Town,29-201,1995,16.1,15,10,12,3,0,7,9,77.8,2,18,13,5,14,29,116,3,Matches
Rk,Player,Nation,Pos,Squad,Age,Born,90s,Tkl,TklW,Def 3rd,Mid 3rd,Att 3rd,Tkl,Att,Tkl%,Lost,Blocks,Sh,Pass,Int,Tkl+Int,Clr,Err,Matches
76,Dan Burn,eng ENG,DF,Newcastle Utd,33-001,1992,34.0,34,19,20,12,2,17,32,53.1,15,32,23,9,25,59,180,3,Matches
77,Wes Burns,wls WAL,"FW,DF",Ipswich Town,30-168,1994,10.3,13,11,1,9,3,4,10,40.0,6,7,2,5,10,23,13,2,Matches
78,Nathan Butler-Oyedeji,eng ENG,FW,Arsenal,22-126,2003,0.1,0,0,0,0,0,0,0,,0,0,0,0,0,0,0,0,Matches
79,Moisés Caicedo,ec ECU,"MF,DF",Chelsea,23-189,2001,34.2,103,64,37,51,15,50,80,62.5,30,45,10,35,49,152,52,1,Matches
80,Tom Cairney,sct SCO,MF,Fulham,34-110,1991,5.5,11,5,4,2,5,4,7,57.1,3,5,1,4,4,15,1,1,Matches
81,Jens Cajuste,se SWE,MF,Ipswich Town,25-273,1999,19.8,39,19,18,20,1,19,47,40.4,28,24,9,15,25,64,33,2,Matches
82,Riccardo Calafiori,it ITA,DF,Arsenal,22-356,2002,10.3,26,18,15,9,2,18,29,62.1,11,12,6,6,9,35,25,0,Matches
83,Dominic Calvert-Lewin,eng ENG,FW,Everton,28-055,1997,17.6,9,7,1,4,4,2,6,33.3,4,6,2,4,6,15,19,0,Matches
84,Diego Carlos,br BRA,DF,Aston Villa,32-056,1993,9.2,8,3,6,1,1,4,6,66.7,2,13,7,6,5,13,36,2,Matches
85,Fabio Carvalho,pt POR,"FW,MF",Brentford,22-253,2002,5.1,13,9,4,4,5,6,13,46.2,7,6,1,5,3,16,2,0,Matches
86,Casemiro,br BRA,MF,Manchester Utd,33-076,1992,14.8,77,46,45,23,9,41,66,62.1,25,33,10,23,12,89,48,3,Matches
87,Kaelan Casey,eng ENG,DF,West Ham,20-194,2004,0.0,0,0,0,0,0,0,0,,0,0,0,0,0,0,1,0,Matches
88,Matty Cash,pl POL,DF,Aston Villa,27-276,1997,20.0,47,27,25,19,3,24,34,70.6,10,18,7,11,21,68,57,2,Matches
89,Eiran Cashin,ie IRL,DF,Brighton,23-182,2001,0.2,0,0,0,0,0,0,1,0.0,1,0,0,0,0,0,2,0,Matches
90,Timothy Castagne,be BEL,DF,Fulham,29-156,1995,18.3,46,29,28,15,3,26,45,57.8,19,15,6,9,22,68,83,0,Matches
91,Trevoh Chalobah,eng ENG,DF,Crystal Palace,25-309,1999,11.8,20,16,7,12,1,12,23,52.2,11,19,9,10,19,39,57,3,Matches
92,Trevoh Chalobah,eng ENG,DF,Chelsea,25-309,1999,9.3,10,6,4,6,0,6,7,85.7,1,5,2,3,9,19,46,1,Matches
93,Conor Chaplin,eng ENG,"MF,FW",Ipswich Town,28-083,1997,7.9,12,5,4,6,2,6,13,46.2,7,8,1,7,3,15,3,0,Matches
94,Youssef Chermiti,pt POR,"FW,MF",Everton,20-351,2004,0.5,0,0,0,0,0,0,1,0.0,1,0,0,0,0,0,0,0,Matches
95,Federico Chiesa,it ITA,FW,Liverpool,27-197,1997,0.5,0,0,0,0,0,0,2,0.0,2,1,0,1,0,0,0,1,Matches
96,Ben Chilwell,eng ENG,DF,Crystal Palace,28-140,1996,1.5,4,4,2,2,0,0,3,0.0,3,3,1,2,4,8,11,0,Matches
97,Chiquinho,pt POR,MF,Wolves,25-094,2000,0.1,0,0,0,0,0,0,0,,0,0,0,0,0,0,0,0,Matches
98,Hamza Choudhury,bd BAN,"MF,DF",Leicester City,27-221,1997,1.5,1,1,1,0,0,1,3,33.3,2,4,2,2,5,6,2,0,Matches
99,Ryan Christie,sct SCO,MF,Bournemouth,30-077,1995,23.5,54,33,19,27,8,27,64,42.2,37,44,11,33,30,84,51,3,Matches
100,Harry Clarke,eng ENG,DF,Ipswich Town,24-069,2001,4.2,5,3,3,2,0,3,6,50.0,3,5,4,1,4,9,14,3,Matches
Rk,Player,Nation,Pos,Squad,Age,Born,90s,Tkl,TklW,Def 3rd,Mid 3rd,Att 3rd,Tkl,Att,Tkl%,Lost,Blocks,Sh,Pass,Int,Tkl+Int,Clr,Err,Matches
101,Jack Clarke,eng ENG,"FW,MF",Ipswich Town,24-168,2000,11.7,28,17,11,9,8,16,32,50.0,16,6,0,6,7,35,29,1,Matches
102,Nathaniel Clyne,eng ENG,"DF,MF",Crystal Palace,34-035,1991,5.4,12,8,8,3,1,6,11,54.5,5,4,2,2,3,15,14,1,Matches
103,Conor Coady,eng ENG,DF,Leicester City,32-074,1993,16.0,12,8,6,5,1,3,6,50.0,3,27,20,7,13,25,62,2,Matches
104,Séamus Coleman,ie IRL,DF,Everton,36-211,1988,2.2,2,1,1,1,0,2,3,66.7,1,5,3,2,1,3,7,0,Matches
105,Nathan Collins,ie IRL,DF,Brentford,24-010,2001,35.0,37,22,22,11,4,22,34,64.7,12,71,51,20,32,69,214,2,Matches
106,Toby Collyer,eng ENG,MF,Manchester Utd,21-127,2004,2.0,12,9,6,6,0,5,6,83.3,1,2,1,1,2,14,3,0,Matches
107,Levi Colwill,eng ENG,DF,Chelsea,22-073,2003,32.0,42,30,22,17,3,16,25,64.0,9,35,24,11,32,74,104,4,Matches
108,Lewis Cook,eng ENG,"MF,DF",Bournemouth,28-096,1997,31.3,80,42,41,35,4,36,66,54.5,30,30,11,19,40,120,66,0,Matches
109,Maxwel Cornet,ci CIV,FW,Southampton,28-225,1996,0.8,5,5,1,4,0,0,4,0.0,4,0,0,0,0,5,2,0,Matches
110,Vladimír Coufal,cz CZE,DF,West Ham,32-261,1992,9.7,17,11,10,5,2,7,18,38.9,11,13,11,2,8,25,37,1,Matches
111,Woyo Coulibaly,fr FRA,DF,Leicester City,25-355,1999,1.2,6,4,4,2,0,2,2,100.0,0,3,1,2,5,11,1,0,Matches
112,Aaron Cresswell,eng ENG,DF,West Ham,35-146,1989,7.5,9,5,4,4,1,7,9,77.8,2,9,4,5,8,17,34,0,Matches
113,Marc Cucurella,es ESP,DF,Chelsea,26-292,1998,30.2,59,39,30,24,5,26,53,49.1,27,45,14,31,25,84,84,3,Matches
114,Jorge Cuenca,es ESP,DF,Fulham,25-174,1999,2.9,2,2,2,0,0,2,5,40.0,3,3,3,0,2,4,21,0,Matches
115,Matheus Cunha,br BRA,"MF,FW",Wolves,25-348,1999,26.9,35,21,16,15,4,11,36,30.6,25,19,1,18,17,52,23,0,Matches
116,Patson Daka,zm ZAM,"FW,MF",Leicester City,26-213,1998,7.3,17,9,4,9,4,7,17,41.2,10,7,1,6,1,18,10,0,Matches
117,Diogo Dalot,pt POR,DF,Manchester Utd,26-053,1999,31.0,67,39,39,22,6,34,52,65.4,18,22,9,13,37,104,72,0,Matches
118,Mikkel Damsgaard,dk DEN,"MF,FW",Brentford,24-311,2000,29.5,78,43,27,26,25,28,72,38.9,44,36,2,34,26,104,30,2,Matches
119,Danilo,br BRA,"MF,FW",Nott'ham Forest,24-011,2001,3.0,6,3,5,1,0,2,4,50.0,2,2,1,1,3,9,3,0,Matches
120,Jayden Danns,eng ENG,MF,Liverpool,19-114,2006,0.1,0,0,0,0,0,0,1,0.0,1,0,0,0,0,0,0,0,Matches
121,Kevin Danso,at AUT,DF,Tottenham,26-233,1998,6.4,6,5,3,3,0,5,8,62.5,3,7,7,0,3,9,44,1,Matches
122,Ben Davies,wls WAL,DF,Tottenham,32-016,1993,12.5,14,10,6,8,0,7,14,50.0,7,24,16,8,12,26,65,1,Matches
123,Leif Davis,eng ENG,DF,Ipswich Town,25-118,2000,28.5,45,26,32,9,4,29,46,63.0,17,24,8,16,25,70,72,3,Matches
124,Craig Dawson,eng ENG,DF,Wolves,35-004,1990,10.8,15,3,8,6,1,12,15,80.0,3,16,11,5,9,24,52,1,Matches
125,Kevin De Bruyne,be BEL,"MF,FW",Manchester City,33-316,1991,17.1,17,9,7,5,5,5,23,21.7,18,8,0,8,7,24,10,1,Matches
Rk,Player,Nation,Pos,Squad,Age,Born,90s,Tkl,TklW,Def 3rd,Mid 3rd,Att 3rd,Tkl,Att,Tkl%,Lost,Blocks,Sh,Pass,Int,Tkl+Int,Clr,Err,Matches
126,Bobby De Cordova-Reid,jm JAM,FW,Leicester City,32-097,1993,8.3,9,4,3,6,0,4,14,28.6,10,6,1,5,0,9,10,0,Matches
127,Liam Delap,eng ENG,FW,Ipswich Town,22-091,2003,27.7,10,7,3,2,5,2,14,14.3,12,8,0,8,2,12,28,0,Matches
128,Sepp van den Berg,nl NED,DF,Brentford,23-141,2001,25.7,37,22,23,10,4,18,27,66.7,9,50,36,14,20,57,118,2,Matches
129,Justin Devenny,nir NIR,MF,Crystal Palace,21-211,2003,4.8,14,9,6,7,1,7,14,50.0,7,3,0,3,0,14,10,0,Matches
130,Kiernan Dewsbury-Hall,eng ENG,"MF,FW",Chelsea,26-246,1998,2.9,8,5,1,1,6,4,6,66.7,2,2,0,2,1,9,8,1,Matches
131,Amad Diallo,ci CIV,"FW,MF",Manchester Utd,22-303,2002,18.2,35,28,7,19,9,17,28,60.7,11,11,0,11,11,46,16,0,Matches
132,Rúben Dias,pt POR,DF,Manchester City,27-361,1997,22.2,16,10,6,9,1,7,11,63.6,4,17,14,3,18,34,59,3,Matches
133,Luis Díaz,co COL,FW,Liverpool,28-117,1997,24.7,33,21,10,17,6,13,34,38.2,21,18,0,18,7,40,7,1,Matches
134,Tyler Dibling,eng ENG,"FW,MF",Southampton,19-059,2006,19.4,34,20,13,18,3,16,26,61.5,10,19,5,14,8,42,15,1,Matches
135,Lucas Digne,fr FRA,DF,Aston Villa,31-294,1993,25.1,63,37,38,16,9,43,64,67.2,21,23,4,19,25,88,85,1,Matches
136,Issa Diop,fr FRA,DF,Fulham,28-121,1997,14.9,26,12,18,8,0,13,18,72.2,5,10,7,3,9,35,72,2,Matches
137,Axel Disasi,fr FRA,DF,Aston Villa,27-060,1998,5.4,8,5,7,1,0,3,7,42.9,4,4,1,3,5,13,18,0,Matches
138,Axel Disasi,fr FRA,DF,Chelsea,27-060,1998,4.0,7,4,5,1,1,6,11,54.5,5,4,1,3,2,9,11,1,Matches
139,Roman Dixon,eng ENG,DF,Everton,20-135,2004,1.0,5,5,3,2,0,4,4,100.0,0,1,0,1,1,6,3,0,Matches
140,Nasser Djiga,bf BFA,"DF,FW",Wolves,22-176,2002,0.2,0,0,0,0,0,0,0,,0,0,0,0,2,2,3,1,Matches
141,Matt Doherty,ie IRL,DF,Wolves,33-114,1992,21.8,37,20,25,12,0,16,24,66.7,8,26,15,11,21,58,91,3,Matches
142,Jeremy Doku,be BEL,"FW,MF",Manchester City,22-348,2002,15.5,28,19,9,12,7,7,14,50.0,7,10,1,9,4,32,2,0,Matches
143,Nicolás Domínguez,ar ARG,"MF,FW",Nott'ham Forest,26-316,1998,19.3,76,40,35,30,11,30,66,45.5,36,34,11,23,27,103,48,1,Matches
144,Patrick Dorgu,dk DEN,DF,Manchester Utd,20-196,2004,7.0,23,17,12,9,2,12,17,70.6,5,9,0,9,4,27,19,2,Matches
145,Alfie Dorrington,eng ENG,DF,Tottenham,20-020,2005,0.2,0,0,0,0,0,0,0,,0,0,0,0,0,0,0,0,Matches
146,Abdoulaye Doucouré,ml MLI,MF,Everton,32-129,1993,26.9,45,27,20,18,7,13,39,33.3,26,30,6,24,9,54,19,1,Matches
147,Cheick Doucouré,ml MLI,MF,Crystal Palace,25-122,2000,5.0,16,8,6,8,2,5,11,45.5,6,4,0,4,11,27,10,1,Matches
148,Flynn Downes,eng ENG,MF,Southampton,26-110,1999,20.9,44,24,19,20,5,14,32,43.8,18,24,6,18,30,74,38,4,Matches
149,Tommy Doyle,eng ENG,MF,Wolves,23-205,2001,5.4,11,6,6,3,2,6,15,40.0,9,11,5,6,5,16,11,1,Matches
150,Radu Drăgușin,ro ROU,DF,Tottenham,23-096,2002,13.9,10,6,8,2,0,6,12,50.0,6,22,16,6,15,25,49,4,Matches
Rk,Player,Nation,Pos,Squad,Age,Born,90s,Tkl,TklW,Def 3rd,Mid 3rd,Att 3rd,Tkl,Att,Tkl%,Lost,Blocks,Sh,Pass,Int,Tkl+Int,Clr,Err,Matches
151,Martin Dúbravka,sk SVK,GK,Newcastle Utd,36-115,1989,10.0,0,0,0,0,0,0,0,,0,0,0,0,0,0,3,0,Matches
152,Lewis Dunk,eng ENG,DF,Brighton,33-170,1991,23.1,17,10,8,7,2,11,19,57.9,8,28,18,10,13,30,79,2,Matches
153,Jáder Durán,co COL,FW,Aston Villa,21-148,2003,7.1,8,7,1,2,5,1,4,25.0,3,5,0,5,0,8,13,0,Matches
154,Ederson,br BRA,GK,Manchester City,31-266,1993,22.8,0,0,0,0,0,0,2,0.0,2,0,0,0,1,1,9,2,Matches
155,George Edmundson,eng ENG,DF,Ipswich Town,27-252,1997,0.0,0,0,0,0,0,0,0,,0,0,0,0,0,0,0,0,Matches
156,Odsonne Édouard,fr FRA,"MF,FW",Crystal Palace,27-114,1998,1.3,1,0,0,1,0,0,2,0.0,2,1,0,1,0,1,1,0,Matches
157,Odsonne Édouard,fr FRA,FW,Leicester City,27-114,1998,0.3,1,1,1,0,0,0,0,,0,0,0,0,0,1,1,0,Matches
158,Samuel Edozie,eng ENG,"DF,FW",Southampton,22-102,2003,0.7,3,1,0,1,2,2,2,100.0,0,0,0,0,0,3,0,0,Matches
159,Ronnie Edwards,eng ENG,DF,Southampton,22-043,2003,0.1,0,0,0,0,0,0,0,,0,1,1,0,0,0,0,0,Matches
160,Anthony Elanga,se SWE,"FW,MF",Nott'ham Forest,23-013,2002,24.8,18,13,8,8,2,5,17,29.4,12,11,1,10,6,24,25,0,Matches
161,Harvey Elliott,eng ENG,"MF,FW",Liverpool,22-036,2003,3.0,4,3,2,1,1,1,5,20.0,4,5,1,4,1,5,2,0,Matches
162,Yunus Emre Konak,tr TUR,"FW,MF",Brentford,19-120,2006,0.5,4,4,0,4,0,1,2,50.0,1,2,0,2,0,4,0,0,Matches
163,Julio Enciso,py PAR,"FW,MF",Ipswich Town,21-107,2004,7.9,11,8,2,6,3,4,9,44.4,5,3,0,3,1,12,4,0,Matches
164,Julio Enciso,py PAR,"MF,FW",Brighton,21-107,2004,3.3,0,0,0,0,0,0,2,0.0,2,2,0,2,0,0,1,0,Matches
165,Wataru Endo,jp JPN,MF,Liverpool,32-090,1993,2.6,11,8,6,5,0,6,10,60.0,4,7,1,6,3,14,7,0,Matches
166,Christian Eriksen,dk DEN,MF,Manchester Utd,33-085,1992,11.4,19,9,4,12,3,11,26,42.3,15,14,4,10,7,26,7,0,Matches
167,Romain Esse,eng ENG,MF,Crystal Palace,19-362,2005,0.4,2,2,2,0,0,2,2,100.0,0,1,0,1,1,3,0,0,Matches
168,Pervis Estupiñán,ec ECU,DF,Brighton,27-109,1998,24.7,58,39,30,21,7,31,46,67.4,15,16,2,14,34,92,55,2,Matches
169,Evanilson,br BRA,FW,Bournemouth,25-216,1999,22.9,16,10,6,5,5,8,12,66.7,4,10,2,8,0,16,21,0,Matches
170,Jake Evans,,FW,Leicester City,,,0.1,0,0,0,0,0,0,1,0.0,1,0,0,0,0,0,1,0,Matches
171,Jonny Evans,nir NIR,DF,Manchester Utd,37-127,1988,3.2,7,5,4,3,0,2,4,50.0,2,2,1,1,4,11,13,0,Matches
172,Eberechi Eze,eng ENG,"MF,FW",Crystal Palace,26-315,1998,27.0,37,22,13,15,9,17,35,48.6,18,27,0,27,11,48,9,3,Matches
173,Łukasz Fabiański,pl POL,GK,West Ham,40-022,1985,11.9,0,0,0,0,0,0,1,0.0,1,0,0,0,0,0,5,1,Matches
174,Wout Faes,be BEL,DF,Leicester City,27-037,1998,28.3,39,23,25,12,2,23,43,53.5,20,45,33,12,26,65,160,4,Matches
175,Abdul Fatawu Issahaku,gh GHA,FW,Leicester City,21-063,2004,6.4,21,15,13,2,6,11,19,57.9,8,7,0,7,4,25,12,0,Matches
Rk,Player,Nation,Pos,Squad,Age,Born,90s,Tkl,TklW,Def 3rd,Mid 3rd,Att 3rd,Tkl,Att,Tkl%,Lost,Blocks,Sh,Pass,Int,Tkl+Int,Clr,Err,Matches
176,João Félix,pt POR,"FW,MF",Chelsea,25-181,1999,4.1,8,3,2,5,1,5,9,55.6,4,2,0,2,3,11,2,0,Matches
177,Evan Ferguson,ie IRL,FW,West Ham,20-203,2004,1.7,3,1,0,1,2,0,0,,0,2,1,1,1,4,1,0,Matches
178,Evan Ferguson,ie IRL,FW,Brighton,20-203,2004,2.7,4,3,0,3,1,2,5,40.0,3,3,1,2,0,4,4,0,Matches
179,Bruno Fernandes,pt POR,MF,Manchester Utd,30-244,1994,30.6,76,47,24,37,15,29,75,38.7,46,32,4,28,25,101,34,2,Matches
180,Mateus Fernandes,pt POR,MF,Southampton,20-304,2004,29.3,86,46,43,28,15,33,64,51.6,31,40,6,34,21,107,31,6,Matches
181,Enzo Fernández,ar ARG,MF,Chelsea,24-113,2001,29.7,63,32,17,29,17,31,83,37.3,52,36,7,29,13,76,22,4,Matches
182,Mark Flekken,nl NED,GK,Brentford,31-331,1993,33.4,4,4,4,0,0,3,9,33.3,6,2,0,2,0,4,26,4,Matches
183,Phil Foden,eng ENG,"MF,FW",Manchester City,24-347,2000,18.8,12,5,5,4,3,7,17,41.2,10,12,1,11,9,21,7,1,Matches
184,Wesley Fofana,fr FRA,DF,Chelsea,24-144,2000,13.0,13,12,6,7,0,6,14,42.9,8,14,9,5,14,27,55,2,Matches
185,Carlos Forbs,pt POR,"MF,FW",Wolves,21-052,2004,2.7,8,5,5,2,1,4,6,66.7,2,3,0,3,1,9,2,1,Matches
186,Fraser Forster,eng ENG,GK,Tottenham,37-054,1988,7.0,0,0,0,0,0,0,1,0.0,1,0,0,0,0,0,7,3,Matches
187,Matheus França,br BRA,"FW,MF",Crystal Palace,21-039,2004,0.3,1,0,0,1,0,0,0,,0,0,0,0,0,1,0,0,Matches
188,Ryan Fraser,sct SCO,"FW,DF",Southampton,31-075,1994,3.4,6,2,2,4,0,4,6,66.7,2,1,1,0,1,7,9,0,Matches
189,Tyler Fredricson,eng ENG,DF,Manchester Utd,20-076,2005,1.8,5,3,3,2,0,1,2,50.0,1,2,0,2,1,6,11,0,Matches
190,Niclas Füllkrug,de GER,FW,West Ham,32-090,1993,7.4,2,2,0,1,1,2,3,66.7,1,1,0,1,0,2,12,0,Matches
191,Cody Gakpo,nl NED,FW,Liverpool,26-003,1999,19.1,26,14,5,12,9,11,23,47.8,12,19,2,17,11,37,16,1,Matches
192,Idrissa Gana Gueye,sn SEN,MF,Everton,35-226,1989,31.0,124,74,57,51,16,54,90,60.0,36,45,9,36,44,168,30,1,Matches
193,Andrés García,es ESP,"DF,MF",Aston Villa,22-092,2003,3.5,9,5,5,3,1,4,8,50.0,4,2,0,2,2,11,10,2,Matches
194,Alejandro Garnacho,ar ARG,"MF,FW",Manchester Utd,20-313,2004,23.8,29,18,10,6,13,12,36,33.3,24,19,0,19,13,42,11,2,Matches
195,James Garner,eng ENG,"MF,DF",Everton,24-058,2001,14.7,41,27,24,15,2,19,35,54.3,16,15,3,12,17,58,36,0,Matches
196,Tyrique George,eng ENG,FW,Chelsea,19-095,2006,1.1,2,0,2,0,0,2,3,66.7,1,0,0,0,1,3,1,0,Matches
197,Morgan Gibbs-White,eng ENG,MF,Nott'ham Forest,25-103,2000,28.2,40,19,14,20,6,15,30,50.0,15,16,4,12,20,60,28,1,Matches
198,Billy Gilmour,sct SCO,MF,Brighton,23-333,2001,1.1,3,3,2,1,0,3,4,75.0,1,1,0,1,0,3,1,0,Matches
199,Ben Godfrey,eng ENG,DF,Ipswich Town,27-115,1998,1.8,1,0,1,0,0,1,1,100.0,0,1,1,0,2,3,3,0,Matches
200,Martial Godo,eng ENG,FW,Fulham,22-057,2003,0.2,0,0,0,0,0,0,0,,0,1,0,1,1,1,0,0,Matches
Rk,Player,Nation,Pos,Squad,Age,Born,90s,Tkl,TklW,Def 3rd,Mid 3rd,Att 3rd,Tkl,Att,Tkl%,Lost,Blocks,Sh,Pass,Int,Tkl+Int,Clr,Err,Matches
201,Michael Golding,eng ENG,MF,Leicester City,18-352,2006,0.0,0,0,0,0,0,0,0,,0,0,0,0,0,0,0,0,Matches
202,João Gomes,br BRA,MF,Wolves,24-087,2001,30.9,105,62,53,48,4,42,102,41.2,60,42,4,38,25,130,32,0,Matches
203,Rodrigo Gomes,pt POR,"DF,FW",Wolves,21-307,2003,7.5,21,13,12,9,0,10,19,52.6,9,8,1,7,5,26,20,1,Matches
204,Toti Gomes,pt POR,DF,Wolves,26-114,1999,26.0,53,38,37,14,2,30,37,81.1,7,28,17,11,23,76,134,5,Matches
205,Diego Gómez,py PAR,MF,Brighton,22-044,2003,4.9,17,10,8,7,2,9,18,50.0,9,11,0,11,7,24,9,1,Matches
206,Joe Gomez,eng ENG,DF,Liverpool,27-352,1997,5.8,13,10,5,7,1,11,16,68.8,5,9,6,3,7,20,20,2,Matches
207,Nicolás González,es ESP,MF,Manchester City,23-127,2002,7.2,15,6,5,6,4,6,11,54.5,5,9,0,9,5,20,17,0,Matches
208,Anthony Gordon,eng ENG,FW,Newcastle Utd,24-075,2001,24.8,31,17,9,18,4,12,34,35.3,22,24,2,22,6,37,9,2,Matches
209,Ryan Gravenberch,nl NED,MF,Liverpool,22-359,2002,32.5,65,34,25,29,11,30,51,58.8,21,34,10,24,57,122,56,1,Matches
210,Archie Gray,eng ENG,"DF,MF",Tottenham,19-059,2006,16.5,13,7,4,6,3,7,17,41.2,10,19,10,9,13,26,42,2,Matches
211,Jack Grealish,eng ENG,"FW,MF",Manchester City,29-242,1995,8.0,9,5,4,2,3,2,5,40.0,3,12,2,10,2,11,5,1,Matches
212,Jacob Greaves,eng ENG,DF,Ipswich Town,24-240,2000,21.5,36,19,19,16,1,21,33,63.6,12,36,24,12,18,54,127,2,Matches
213,Brajan Gruda,de GER,"FW,MF",Brighton,20-344,2004,5.6,14,6,6,5,3,7,14,50.0,7,8,0,8,2,16,5,1,Matches
214,Albert Grønbaek,dk DEN,"FW,MF",Southampton,23-352,2001,1.6,4,1,1,1,2,3,10,30.0,7,1,1,0,0,4,1,0,Matches
215,Gonçalo Guedes,pt POR,"MF,FW",Wolves,28-162,1996,8.7,14,4,2,5,7,3,15,20.0,12,9,0,9,5,19,3,0,Matches
216,Marc Guéhi,eng ENG,DF,Crystal Palace,24-301,2000,33.0,56,31,32,22,2,30,46,65.2,16,54,22,32,25,81,156,2,Matches
217,Luis Guilherme,br BRA,"MF,FW",West Ham,19-090,2006,1.5,1,0,1,0,0,0,3,0.0,3,7,0,7,3,4,2,0,Matches
218,Bruno Guimarães,br BRA,MF,Newcastle Utd,27-175,1997,33.4,75,43,36,28,11,31,64,48.4,33,34,9,25,27,102,41,4,Matches
219,Marc Guiu,es ESP,FW,Chelsea,19-126,2006,0.8,1,1,0,1,0,1,1,100.0,0,0,0,0,0,1,0,0,Matches
220,İlkay Gündoğan,de GER,MF,Manchester City,34-198,1990,22.8,24,13,4,15,5,10,23,43.5,13,14,0,14,13,37,22,0,Matches
221,Malo Gusto,fr FRA,DF,Chelsea,21-356,2003,20.4,43,28,26,15,2,24,47,51.1,23,29,8,21,23,66,48,5,Matches
222,Joško Gvardiol,hr CRO,DF,Manchester City,23-107,2002,33.4,51,34,24,17,10,19,37,51.4,18,40,20,20,38,89,117,8,Matches
223,Erling Haaland,no NOR,FW,Manchester City,24-293,2000,27.6,9,5,3,3,3,2,6,33.3,4,11,1,10,5,14,23,0,Matches
224,Lewis Hall,eng ENG,DF,Newcastle Utd,20-244,2004,24.3,58,41,28,22,8,40,74,54.1,34,33,18,15,18,76,75,3,Matches
225,Ali Al Hamadi,iq IRQ,FW,Ipswich Town,23-070,2002,1.5,1,0,0,0,1,0,2,0.0,2,0,0,0,0,1,2,0,Matches
Rk,Player,Nation,Pos,Squad,Age,Born,90s,Tkl,TklW,Def 3rd,Mid 3rd,Att 3rd,Tkl,Att,Tkl%,Lost,Blocks,Sh,Pass,Int,Tkl+Int,Clr,Err,Matches
226,Marcus Harness,eng ENG,MF,Ipswich Town,29-075,1996,0.5,1,0,0,0,1,0,3,0.0,3,2,1,1,0,1,1,0,Matches
227,Jack Harrison,eng ENG,FW,Everton,28-171,1996,21.1,30,21,12,11,7,14,40,35.0,26,18,2,16,9,39,32,2,Matches
228,Taylor Harwood-Bellis,eng ENG,DF,Southampton,23-100,2002,29.5,27,19,13,11,3,19,34,55.9,15,60,38,22,30,57,133,6,Matches
229,Kai Havertz,de GER,"FW,MF",Arsenal,25-333,1999,20.4,16,9,3,6,7,4,15,26.7,11,22,4,18,6,22,31,1,Matches
230,Ayden Heaven,eng ENG,DF,Manchester Utd,18-230,2006,1.1,3,3,1,2,0,2,2,100.0,0,2,2,0,1,4,6,0,Matches
231,Jan Paul van Hecke,nl NED,DF,Brighton,24-336,2000,29.9,40,26,20,19,1,20,38,52.6,18,32,19,13,23,63,132,2,Matches
232,Hwang Hee-chan,kr KOR,"MF,FW",Wolves,29-104,1996,7.2,6,4,2,1,3,2,6,33.3,4,9,0,9,2,8,11,0,Matches
233,Dean Henderson,eng ENG,GK,Crystal Palace,28-059,1997,35.0,2,1,2,0,0,2,6,33.3,4,0,0,0,0,2,21,0,Matches
234,Rico Henry,eng ENG,DF,Brentford,27-306,1997,0.9,0,0,0,0,0,0,4,0.0,4,3,1,2,1,1,2,0,Matches
235,Mads Hermansen,dk DEN,GK,Leicester City,24-303,2000,26.5,1,1,1,0,0,1,1,100.0,0,1,0,1,0,1,13,4,Matches
236,Son Heung-min,kr KOR,FW,Tottenham,32-306,1992,22.3,17,9,3,8,6,5,23,21.7,18,10,0,10,5,22,16,1,Matches
237,James Hill,eng ENG,DF,Bournemouth,23-120,2002,5.0,15,8,6,6,3,3,11,27.3,8,5,0,5,9,24,31,0,Matches
238,Jack Hinshelwood,eng ENG,"DF,MF",Brighton,20-029,2005,19.4,26,18,8,10,8,11,27,40.7,16,8,3,5,15,41,37,1,Matches
239,George Hirst,sct SCO,FW,Ipswich Town,26-084,1999,5.5,3,3,1,0,2,1,3,33.3,2,1,1,0,2,5,9,0,Matches
240,Mason Holgate,eng ENG,"FW,DF",Everton,28-200,1996,0.1,0,0,0,0,0,0,0,,0,0,0,0,0,0,0,0,Matches
241,Callum Hudson-Odoi,eng ENG,"FW,MF",Nott'ham Forest,24-184,2000,23.9,20,14,7,8,5,11,17,64.7,6,11,0,11,13,33,11,1,Matches
242,Will Hughes,eng ENG,MF,Crystal Palace,30-023,1995,21.1,61,33,17,31,13,27,59,45.8,32,30,14,16,19,80,24,3,Matches
243,Dean Huijsen,es ESP,DF,Bournemouth,20-026,2005,24.8,33,23,16,16,1,15,25,60.0,10,36,28,8,49,82,175,4,Matches
244,Omari Hutchinson,eng ENG,"MF,FW",Ipswich Town,21-192,2003,25.7,31,12,14,10,7,13,45,28.9,32,25,1,24,10,41,13,1,Matches
245,Rasmus Højlund,dk DEN,FW,Manchester Utd,22-095,2003,19.4,3,1,0,2,1,0,4,0.0,4,5,0,5,1,4,6,0,Matches
246,Igor,br BRA,DF,Brighton,27-092,1998,10.0,4,4,2,1,1,4,10,40.0,6,23,14,9,4,8,39,1,Matches
247,Danny Ings,eng ENG,"FW,MF",West Ham,32-291,1992,3.2,4,2,2,2,0,1,3,33.3,2,5,0,5,1,5,4,0,Matches
248,Tim Iroegbunam,eng ENG,MF,Everton,21-314,2003,6.3,28,13,13,10,5,14,23,60.9,9,17,4,13,15,43,11,1,Matches
249,Andy Irving,sct SCO,MF,West Ham,24-362,2000,1.8,7,4,3,3,1,1,5,20.0,4,5,1,4,1,8,5,0,Matches
250,Alexander Isak,se SWE,FW,Newcastle Utd,25-231,1999,28.6,12,5,2,3,7,5,13,38.5,8,18,2,16,3,15,17,1,Matches
Rk,Player,Nation,Pos,Squad,Age,Born,90s,Tkl,TklW,Def 3rd,Mid 3rd,Att 3rd,Tkl,Att,Tkl%,Lost,Blocks,Sh,Pass,Int,Tkl+Int,Clr,Err,Matches
251,Alex Iwobi,ng NGA,"FW,MF",Fulham,29-007,1996,31.1,39,23,13,19,7,19,30,63.3,11,25,1,24,13,52,28,0,Matches
252,Nicolas Jackson,sn SEN,FW,Chelsea,23-324,2001,24.3,22,13,6,7,9,5,10,50.0,5,14,2,12,3,25,15,0,Matches
253,Reece James,eng ENG,"DF,MF",Chelsea,25-153,1999,9.3,9,9,5,3,1,3,9,33.3,6,12,4,8,12,21,18,4,Matches
254,Vitaly Janelt,de GER,MF,Brentford,27-000,1998,25.0,38,22,14,13,11,21,36,58.3,15,33,9,24,27,65,53,1,Matches
255,Vitezslav Jaros,cz CZE,GK,Liverpool,23-291,2001,0.1,0,0,0,0,0,0,0,,0,0,0,0,0,0,0,0,Matches
256,Daniel Jebbison,eng ENG,FW,Bournemouth,21-270,2003,0.9,3,2,2,1,0,3,5,60.0,2,2,1,1,1,4,1,0,Matches
257,Mathias Jensen,dk DEN,MF,Brentford,29-129,1996,9.1,13,9,6,5,2,7,15,46.7,8,13,4,9,8,21,13,1,Matches
258,Gabriel Jesus,br BRA,FW,Arsenal,28-037,1997,6.8,10,6,4,3,3,4,9,44.4,5,10,1,9,4,14,8,0,Matches
259,Raúl Jiménez,mx MEX,FW,Fulham,34-005,1991,24.7,33,23,8,17,8,7,20,35.0,13,19,5,14,10,43,19,3,Matches
260,Kim Jisoo,kr KOR,DF,Brentford,20-137,2004,0.3,0,0,0,0,0,0,0,,0,0,0,0,0,0,2,0,Matches
261,João Pedro,br BRA,"FW,MF",Brighton,23-226,2001,21.6,16,12,6,6,4,4,11,36.4,7,12,0,12,9,25,12,0,Matches
262,Joelinton,br BRA,"MF,FW",Newcastle Utd,28-269,1996,26.6,57,35,23,23,11,25,44,56.8,19,37,7,30,23,80,47,2,Matches
263,Ben Johnson,eng ENG,"DF,FW",Ipswich Town,25-106,2000,15.0,38,22,23,12,3,20,41,48.8,21,22,5,17,13,51,54,1,Matches
264,Brennan Johnson,wls WAL,FW,Tottenham,23-352,2001,23.1,39,26,9,20,10,16,31,51.6,15,25,3,22,4,43,11,0,Matches
265,Sam Johnstone,eng ENG,GK,Wolves,32-046,1993,7.0,0,0,0,0,0,0,1,0.0,1,0,0,0,0,0,7,0,Matches
266,Curtis Jones,eng ENG,"MF,DF",Liverpool,24-100,2001,17.0,36,20,6,22,8,17,25,68.0,8,16,7,9,6,42,8,2,Matches
267,Jorginho,it ITA,MF,Arsenal,33-141,1991,7.8,12,4,1,7,4,8,20,40.0,12,3,0,3,7,19,2,2,Matches
268,Diogo Jota,pt POR,FW,Liverpool,28-157,1996,12.8,14,8,2,8,4,7,19,36.8,12,9,0,9,7,21,6,0,Matches
269,James Justin,eng ENG,DF,Leicester City,27-076,1998,29.7,49,29,25,19,5,28,51,54.9,23,41,14,27,44,93,129,3,Matches
270,Filip Jørgensen,dk DEN,GK,Chelsea,23-024,2002,6.0,0,0,0,0,0,0,0,,0,0,0,0,0,0,0,3,Matches
271,Ferdi Kadioglu,tr TUR,"DF,MF",Brighton,25-215,1999,4.3,10,6,4,5,1,6,15,40.0,9,2,2,0,8,18,17,0,Matches
272,Daichi Kamada,jp JPN,MF,Crystal Palace,28-278,1996,15.8,45,27,19,22,4,13,38,34.2,25,21,5,16,16,61,14,0,Matches
273,Boubacar Kamara,fr FRA,MF,Aston Villa,25-168,1999,16.3,49,20,28,17,4,28,54,51.9,26,17,7,10,17,66,48,3,Matches
274,Michael Kayode,it ITA,DF,Brentford,20-304,2004,3.2,13,8,9,4,0,7,7,100.0,0,0,0,0,4,17,13,0,Matches
275,Michael Keane,eng ENG,DF,Everton,32-119,1993,9.5,10,7,7,2,1,7,13,53.8,6,11,7,4,10,20,55,2,Matches
Rk,Player,Nation,Pos,Squad,Age,Born,90s,Tkl,TklW,Def 3rd,Mid 3rd,Att 3rd,Tkl,Att,Tkl%,Lost,Blocks,Sh,Pass,Int,Tkl+Int,Clr,Err,Matches
276,Caoimhín Kelleher,ie IRL,GK,Liverpool,26-168,1998,10.0,0,0,0,0,0,0,0,,0,0,0,0,0,0,1,2,Matches
277,Lloyd Kelly,eng ENG,DF,Newcastle Utd,26-216,1998,3.4,5,4,4,1,0,1,1,100.0,0,6,4,2,1,6,17,0,Matches
278,Milos Kerkez,hu HUN,DF,Bournemouth,21-184,2003,34.2,50,26,25,19,6,23,37,62.2,14,36,11,25,42,92,103,3,Matches
279,Bilal El Khannouss,ma MAR,MF,Leicester City,21-000,2004,22.3,46,26,15,26,5,15,28,53.6,13,21,4,17,6,52,9,3,Matches
280,Abdukodir Khusanov,uz UZB,DF,Manchester City,21-070,2004,5.6,5,4,4,1,0,2,3,66.7,1,5,4,1,3,8,29,1,Matches
281,Max Kilman,eng ENG,DF,West Ham,27-352,1997,34.2,33,20,13,17,3,21,25,84.0,4,55,37,18,38,71,196,5,Matches
282,Joshua King,eng ENG,"MF,FW",Fulham,18-127,2007,0.9,5,3,2,3,0,0,2,0.0,2,2,0,2,1,6,1,0,Matches
283,Antonín Kinský,cz CZE,GK,Tottenham,22-058,2003,4.0,3,1,3,0,0,1,1,100.0,0,0,0,0,0,3,5,1,Matches
284,Jakub Kiwior,pl POL,DF,Arsenal,25-084,2000,9.5,13,7,7,5,1,8,11,72.7,3,8,5,3,3,16,37,2,Matches
285,Justin Kluivert,nl NED,"MF,FW",Bournemouth,26-005,1999,24.0,21,9,4,10,7,4,21,19.0,17,24,0,24,13,34,23,1,Matches
286,Ibrahima Konaté,fr FRA,DF,Liverpool,25-350,1999,25.8,36,25,24,11,1,24,34,70.6,10,27,15,12,12,48,124,2,Matches
287,Ezri Konsa,eng ENG,DF,Aston Villa,27-199,1997,29.6,32,17,19,9,4,18,22,81.8,4,18,10,8,21,53,101,4,Matches
288,Mateo Kovačić,hr CRO,MF,Manchester City,31-004,1994,22.8,67,38,22,38,7,30,63,47.6,33,20,0,20,20,87,20,1,Matches
289,Caleb Kporha,eng ENG,DF,Crystal Palace,18-299,2006,0.1,2,1,2,0,0,2,2,100.0,0,0,0,0,0,2,1,0,Matches
290,Emil Krafth,se SWE,DF,Newcastle Utd,30-281,1994,3.2,4,2,2,1,1,2,3,66.7,1,5,4,1,2,6,11,0,Matches
291,Mohammed Kudus,gh GHA,"FW,MF",West Ham,24-281,2000,26.9,35,21,7,17,11,10,27,37.0,17,24,1,23,4,39,8,2,Matches
292,Dejan Kulusevski,se SWE,"MF,FW",Tottenham,25-015,2000,26.3,45,23,17,13,15,19,51,37.3,32,34,5,29,13,58,10,1,Matches
293,Maxence Lacroix,fr FRA,DF,Crystal Palace,25-034,2000,31.6,67,40,51,15,1,32,47,68.1,15,43,18,25,52,119,190,2,Matches
294,Adam Lallana,eng ENG,MF,Southampton,37-000,1988,4.0,8,5,4,4,0,2,12,16.7,10,4,1,3,5,13,5,0,Matches
295,Tariq Lamptey,gh GHA,DF,Brighton,24-222,2000,8.9,14,10,8,6,0,7,22,31.8,15,14,7,7,6,20,22,1,Matches
296,Will Lankshear,eng ENG,"FW,MF",Tottenham,20-020,2005,0.1,0,0,0,0,0,0,0,,0,0,0,0,0,0,0,0,Matches
297,Roméo Lavia,be BEL,MF,Chelsea,21-124,2004,7.6,21,13,5,12,4,9,19,47.4,10,6,0,6,14,35,8,0,Matches
298,Mario Lemina,ga GAB,"MF,DF",Wolves,31-251,1993,15.2,51,31,27,19,5,20,29,69.0,9,12,7,5,27,78,50,3,Matches
299,Bernd Leno,de GER,GK,Fulham,33-067,1992,35.0,2,2,2,0,0,2,2,100.0,0,1,0,1,0,2,9,4,Matches
300,Jefferson Lerma,co COL,"MF,DF",Crystal Palace,30-197,1994,22.6,30,15,12,14,4,17,33,51.5,16,32,15,17,37,67,63,1,Matches
Rk,Player,Nation,Pos,Squad,Age,Born,90s,Tkl,TklW,Def 3rd,Mid 3rd,Att 3rd,Tkl,Att,Tkl%,Lost,Blocks,Sh,Pass,Int,Tkl+Int,Clr,Err,Matches
301,Rico Lewis,eng ENG,"DF,MF",Manchester City,20-170,2004,20.2,29,19,13,12,4,13,21,61.9,8,28,7,21,13,42,43,1,Matches
302,Keane Lewis-Potter,eng ENG,"DF,FW",Brentford,24-077,2001,31.5,44,26,23,15,6,26,44,59.1,18,24,9,15,19,63,71,3,Matches
303,Myles Lewis-Skelly,eng ENG,DF,Arsenal,18-226,2006,13.0,22,14,10,9,3,10,10,100.0,0,2,1,1,6,28,20,0,Matches
304,Matthijs de Ligt,nl NED,DF,Manchester Utd,25-271,1999,23.6,30,22,17,12,1,23,32,71.9,9,29,21,8,33,63,96,0,Matches
305,Pedro Lima,br BRA,DF,Wolves,18-313,2006,0.8,1,0,0,0,1,1,3,33.3,2,0,0,0,2,3,5,0,Matches
306,Victor Lindelöf,se SWE,DF,Manchester Utd,30-297,1994,5.4,5,1,5,0,0,2,3,66.7,1,4,2,2,7,12,33,1,Matches
307,Jesper Lindstrøm,dk DEN,FW,Everton,25-070,2000,13.8,45,25,24,19,2,19,55,34.5,36,15,3,12,12,57,17,0,Matches
308,Valentino Livramento,eng ENG,DF,Newcastle Utd,22-179,2002,28.6,52,34,33,15,4,30,56,53.6,26,34,10,24,21,73,99,1,Matches
309,Sean Longstaff,eng ENG,MF,Newcastle Utd,27-192,1997,8.9,27,16,10,9,8,18,27,66.7,9,17,5,12,7,34,8,0,Matches
310,Saša Lukić,rs SRB,MF,Fulham,28-270,1996,24.1,66,37,21,39,6,21,53,39.6,32,19,7,12,26,92,32,0,Matches
311,Joe Lumley,eng ENG,GK,Southampton,30-084,1995,3.0,0,0,0,0,0,0,0,,0,0,0,0,0,0,3,3,Matches
312,Massimo Luongo,au AUS,MF,Ipswich Town,32-227,1992,2.2,8,5,6,1,1,4,7,57.1,3,4,2,2,2,10,2,0,Matches
313,Ian Maatsen,nl NED,DF,Aston Villa,23-061,2002,10.6,27,15,16,8,3,16,22,72.7,6,11,0,11,15,42,33,2,Matches
314,Alexis Mac Allister,ar ARG,MF,Liverpool,26-137,1998,28.6,95,58,28,51,16,55,104,52.9,49,61,6,55,22,117,29,1,Matches
315,James Maddison,eng ENG,MF,Tottenham,28-168,1996,20.1,31,19,8,16,7,9,29,31.0,20,15,4,11,12,43,19,1,Matches
316,Noni Madueke,eng ENG,FW,Chelsea,23-061,2002,20.1,22,15,7,12,3,13,34,38.2,21,17,0,17,8,30,11,0,Matches
317,Gabriel Magalhães,br BRA,DF,Arsenal,27-142,1997,26.3,25,15,12,8,5,12,16,75.0,4,42,29,13,16,41,93,2,Matches
318,Edmond-Paris Maghoma,eng ENG,"MF,FW",Brentford,24-002,2001,1.3,2,1,0,2,0,1,3,33.3,2,2,2,0,1,3,2,0,Matches
319,Harry Maguire,eng ENG,DF,Manchester Utd,32-066,1993,17.1,26,13,20,5,1,13,18,72.2,5,14,12,2,37,63,72,1,Matches
320,Kobbie Mainoo,eng ENG,MF,Manchester Utd,20-021,2005,16.7,42,25,16,13,13,22,36,61.1,14,16,2,14,19,61,12,1,Matches
321,Tyrell Malacia,nl NED,DF,Manchester Utd,25-266,1999,1.1,2,1,2,0,0,1,2,50.0,1,0,0,0,1,3,1,1,Matches
322,Donyell Malen,nl NED,FW,Aston Villa,26-121,1999,3.3,7,4,3,3,1,1,4,25.0,3,1,0,1,0,7,1,0,Matches
323,Orel Mangala,be BEL,MF,Everton,27-053,1998,14.0,16,8,3,11,2,5,8,62.5,3,8,3,5,21,37,24,1,Matches
324,Ryan Manning,ie IRL,"DF,MF",Southampton,28-330,1996,16.2,28,17,16,10,2,14,26,53.8,12,20,11,9,17,45,45,0,Matches
325,Solly March,eng ENG,"FW,MF",Brighton,30-294,1994,1.9,6,3,2,2,2,5,8,62.5,3,3,0,3,2,8,2,1,Matches
Rk,Player,Nation,Pos,Squad,Age,Born,90s,Tkl,TklW,Def 3rd,Mid 3rd,Att 3rd,Tkl,Att,Tkl%,Lost,Blocks,Sh,Pass,Int,Tkl+Int,Clr,Err,Matches
326,Omar Marmoush,eg EGY,"FW,MF",Manchester City,26-092,1999,11.1,11,6,2,7,2,7,15,46.7,8,15,1,14,5,16,3,0,Matches
327,Gabriel Martinelli,br BRA,"FW,MF",Arsenal,23-326,2001,22.7,20,15,8,5,7,7,23,30.4,16,10,0,10,4,24,15,0,Matches
328,Emiliano Martínez,ar ARG,GK,Aston Villa,32-250,1992,33.0,3,3,3,0,0,2,2,100.0,0,1,0,1,0,3,17,6,Matches
329,Lisandro Martínez,ar ARG,DF,Manchester Utd,27-112,1998,19.5,40,24,25,12,3,21,36,58.3,15,22,8,14,32,72,57,1,Matches
330,Pape Matar Sarr,sn SEN,MF,Tottenham,22-238,2002,19.2,44,32,17,22,5,11,23,47.8,12,23,9,14,26,70,20,1,Matches
331,Jean-Philippe Mateta,fr FRA,FW,Crystal Palace,27-316,1997,28.0,17,12,4,11,2,3,16,18.8,13,16,3,13,2,19,22,0,Matches
332,Stephy Mavididi,eng ENG,FW,Leicester City,26-344,1998,17.9,34,19,16,10,8,14,42,33.3,28,26,2,24,11,45,15,0,Matches
333,Konstantinos Mavropanos,gr GRE,DF,West Ham,27-150,1997,21.6,32,22,22,9,1,14,25,56.0,11,23,17,6,38,70,117,1,Matches
334,Noussair Mazraoui,ma MAR,DF,Manchester Utd,27-177,1997,29.3,102,60,53,36,13,51,85,60.0,34,33,8,25,34,136,88,1,Matches
335,Bryan Mbeumo,cm CMR,FW,Brentford,25-276,1999,34.9,45,29,17,14,14,18,31,58.1,13,24,3,21,14,59,48,1,Matches
336,James Mcatee,eng ENG,"MF,FW",Manchester City,22-204,2002,3.4,4,2,0,4,0,1,7,14.3,6,8,0,8,2,6,1,0,Matches
337,Kasey McAteer,ie IRL,"FW,MF",Leicester City,23-169,2001,6.8,14,11,7,4,3,9,21,42.9,12,13,1,12,3,17,11,0,Matches
338,Alex McCarthy,eng ENG,GK,Southampton,35-158,1989,5.0,0,0,0,0,0,0,0,,0,0,0,0,0,0,1,4,Matches
339,John McGinn,sct SCO,"MF,FW",Aston Villa,30-204,1994,22.8,31,22,10,13,8,11,27,40.7,16,21,2,19,14,45,16,3,Matches
340,Dwight McNeil,eng ENG,"MF,FW",Everton,25-169,1999,14.0,11,6,5,4,2,8,19,42.1,11,7,0,7,5,16,2,1,Matches
341,Scott McTominay,sct SCO,MF,Manchester Utd,28-153,1996,0.2,0,0,0,0,0,0,1,0.0,1,0,0,0,0,0,1,0,Matches
342,Ben Mee,eng ENG,DF,Brentford,35-231,1989,2.0,2,2,0,2,0,1,1,100.0,0,3,3,0,4,6,7,0,Matches
343,Jayden Meghoma,eng ENG,DF,Brentford,18-316,2006,0.1,0,0,0,0,0,0,0,,0,0,0,0,0,0,0,0,Matches
344,Mikel Merino,es ESP,"MF,FW",Arsenal,28-322,1996,15.8,38,22,6,21,11,15,29,51.7,14,18,5,13,14,52,24,1,Matches
345,Shumaira Mheuka,eng ENG,MF,Chelsea,17-202,2007,0.0,0,0,0,0,0,0,0,,0,0,0,0,0,0,0,0,Matches
346,Nikola Milenković,rs SRB,DF,Nott'ham Forest,27-210,1997,34.0,43,26,30,11,2,21,27,77.8,6,40,24,16,25,68,192,1,Matches
347,Lewis Miley,eng ENG,MF,Newcastle Utd,19-009,2006,2.8,11,9,4,6,1,6,11,54.5,5,5,1,4,2,13,5,2,Matches
348,James Milner,eng ENG,MF,Brighton,39-126,1986,1.9,5,2,1,3,1,3,3,100.0,0,4,2,2,2,7,2,1,Matches
349,Tyrone Mings,eng ENG,DF,Aston Villa,32-058,1993,11.7,6,5,5,1,0,2,2,100.0,0,13,11,2,7,13,58,1,Matches
350,Yankuba Minteh,gm GAM,"FW,MF",Brighton,20-292,2004,17.6,45,32,24,13,8,17,45,37.8,28,20,0,20,11,56,31,0,Matches
Rk,Player,Nation,Pos,Squad,Age,Born,90s,Tkl,TklW,Def 3rd,Mid 3rd,Att 3rd,Tkl,Att,Tkl%,Lost,Blocks,Sh,Pass,Int,Tkl+Int,Clr,Err,Matches
351,Tyrick Mitchell,eng ENG,DF,Crystal Palace,25-251,1999,32.7,87,54,54,26,7,22,42,52.4,20,62,12,50,14,101,99,2,Matches
352,Kaoru Mitoma,jp JPN,"FW,MF",Brighton,27-355,1997,28.0,43,26,14,13,16,18,46,39.1,28,46,3,43,13,56,10,0,Matches
353,Jakub Moder,pl POL,MF,Brighton,26-033,1999,0.1,1,0,1,0,0,0,2,0.0,2,0,0,0,0,1,3,0,Matches
354,Jeremy Monga,,"FW,MF",Leicester City,,,0.6,1,1,0,1,0,1,1,100.0,0,3,2,1,0,1,1,0,Matches
355,Mikey Moore,eng ENG,FW,Tottenham,17-272,2007,2.3,0,0,0,0,0,0,1,0.0,1,1,0,1,1,1,1,0,Matches
356,Morato,br BRA,DF,Nott'ham Forest,23-314,2001,9.0,21,13,18,2,1,13,20,65.0,7,12,4,8,10,31,71,2,Matches
357,Álex Moreno,es ESP,"DF,MF",Nott'ham Forest,31-336,1993,10.6,25,18,20,5,0,15,39,38.5,24,11,5,6,15,40,43,0,Matches
358,Sam Morsy,eg EGY,MF,Ipswich Town,33-242,1991,27.6,62,36,35,23,4,26,57,45.6,31,32,13,19,28,90,43,4,Matches
359,Yerson Mosquera,co COL,DF,Wolves,24-008,2001,4.9,11,7,9,2,0,9,14,64.3,5,13,10,3,10,21,14,0,Matches
360,Mason Mount,eng ENG,"MF,FW",Manchester Utd,26-120,1999,4.8,10,4,5,5,0,8,10,80.0,2,8,1,7,3,13,1,0,Matches
361,Divin Mubama,eng ENG,FW,Manchester City,20-197,2004,0.3,0,0,0,0,0,0,0,,0,0,0,0,0,0,0,0,Matches
362,Mykhailo Mudryk,ua UKR,FW,Chelsea,24-125,2001,1.7,2,2,2,0,0,0,0,,0,3,1,2,0,2,1,0,Matches
363,Marshall Munetsi,zw ZIM,"MF,FW",Wolves,28-322,1996,9.8,21,10,6,9,6,12,20,60.0,8,12,1,11,6,27,15,0,Matches
364,Rodrigo Muniz,br BRA,FW,Fulham,24-006,2001,10.7,10,5,3,5,2,4,4,100.0,0,9,2,7,5,15,14,0,Matches
365,Daniel Muñoz,co COL,DF,Crystal Palace,28-349,1996,32.9,113,74,53,37,23,52,89,58.4,37,36,4,32,40,153,102,1,Matches
366,Arijanet Muric,xk KVX,GK,Ipswich Town,26-184,1998,18.0,0,0,0,0,0,0,2,0.0,2,0,0,0,0,0,10,5,Matches
367,Murillo,br BRA,DF,Nott'ham Forest,22-310,2002,33.4,53,36,38,12,3,27,46,58.7,19,67,44,23,32,85,236,3,Matches
368,Jacob Murphy,eng ENG,FW,Newcastle Utd,30-075,1995,23.8,22,15,7,9,6,16,31,51.6,15,31,0,31,11,33,26,1,Matches
369,Vitaliy Mykolenko,ua UKR,DF,Everton,25-346,1999,31.2,55,33,33,14,8,26,51,51.0,25,24,9,15,37,92,135,1,Matches
370,Iliman Ndiaye,sn SEN,FW,Everton,25-065,2000,25.0,48,25,18,15,15,19,45,42.2,26,27,5,22,17,65,24,1,Matches
371,Wilfred Ndidi,ng NGA,MF,Leicester City,28-145,1996,23.9,81,50,45,29,7,27,54,50.0,27,47,19,28,26,107,72,0,Matches
372,Kosta Nedeljković,rs SRB,DF,Aston Villa,19-145,2005,1.4,7,5,1,3,3,2,3,66.7,1,1,0,1,0,7,3,0,Matches
373,Reiss Nelson,eng ENG,FW,Arsenal,25-151,1999,0.0,1,0,0,1,0,0,1,0.0,1,0,0,0,0,1,1,0,Matches
374,Reiss Nelson,eng ENG,FW,Fulham,25-151,1999,5.4,8,6,3,3,2,5,13,38.5,8,11,0,11,5,13,2,0,Matches
375,Neto,br BRA,GK,Bournemouth,35-295,1989,2.0,0,0,0,0,0,0,0,,0,0,0,0,0,0,1,1,Matches
Rk,Player,Nation,Pos,Squad,Age,Born,90s,Tkl,TklW,Def 3rd,Mid 3rd,Att 3rd,Tkl,Att,Tkl%,Lost,Blocks,Sh,Pass,Int,Tkl+Int,Clr,Err,Matches
376,Pedro Neto,pt POR,FW,Chelsea,25-062,2000,22.4,22,9,9,9,4,8,19,42.1,11,13,2,11,9,31,6,0,Matches
377,Eddie Nketiah,eng ENG,"FW,MF",Crystal Palace,25-345,1999,9.9,13,6,6,3,4,6,12,50.0,6,10,1,9,2,15,11,0,Matches
378,Christopher Nkunku,fr FRA,FW,Chelsea,27-177,1997,10.2,12,8,3,4,5,6,8,75.0,2,9,2,7,7,19,10,0,Matches
379,Gustavo Nunes,br BRA,"FW,MF",Brentford,19-171,2005,0.1,3,2,2,0,1,2,2,100.0,0,0,0,0,0,3,2,0,Matches
380,Matheus Nunes,pt POR,"DF,MF",Manchester City,26-256,1998,16.6,32,21,13,13,6,15,34,44.1,19,14,3,11,13,45,35,1,Matches
381,Darwin Núñez,uy URU,FW,Liverpool,25-320,1999,11.7,19,16,11,3,5,6,16,37.5,10,6,0,6,3,22,12,0,Matches
382,Ethan Nwaneri,eng ENG,"FW,MF",Arsenal,18-050,2007,9.1,11,7,4,4,3,7,18,38.9,11,8,2,6,2,13,4,1,Matches
383,Christian Nørgaard,dk DEN,MF,Brentford,31-061,1994,28.3,75,45,34,34,7,44,71,62.0,27,51,19,32,45,120,65,1,Matches
384,Jake O'Brien,ie IRL,DF,Everton,23-360,2001,15.5,24,16,19,5,0,16,24,66.7,8,16,4,12,4,28,80,0,Matches
385,Matt O'Riley,dk DEN,MF,Brighton,24-170,2000,9.4,15,9,4,8,3,4,12,33.3,8,7,3,4,13,28,8,1,Matches
386,Dara O'Shea,ie IRL,DF,Ipswich Town,26-067,1999,31.7,47,30,33,11,3,20,31,64.5,11,59,47,12,31,78,204,4,Matches
387,Chidozie Obi-Martin,dk DEN,FW,Manchester Utd,17-162,2007,1.7,2,1,0,0,2,2,2,100.0,0,0,0,0,0,2,1,0,Matches
388,Wilson Odobert,fr FRA,FW,Tottenham,20-163,2004,7.0,9,3,4,3,2,6,11,54.5,5,4,0,4,3,12,3,1,Matches
389,Chiedozie Ogbene,ie IRL,FW,Ipswich Town,28-009,1997,2.6,7,3,1,2,4,2,4,50.0,2,1,0,1,1,8,3,0,Matches
390,Caleb Okoli,it ITA,DF,Leicester City,23-301,2001,12.5,25,14,8,15,2,11,18,61.1,7,24,14,10,15,40,79,3,Matches
391,Robin Olsen,se SWE,GK,Aston Villa,35-122,1990,2.0,1,0,1,0,0,1,1,100.0,0,0,0,0,0,1,2,1,Matches
392,Amadou Onana,be BEL,MF,Aston Villa,23-267,2001,15.3,47,24,21,22,4,14,26,53.8,12,14,6,8,24,71,37,3,Matches
393,André Onana,cm CMR,GK,Manchester Utd,29-038,1996,33.0,1,1,1,0,0,1,3,33.3,2,0,0,0,0,1,11,4,Matches
394,Paul Onuachu,ng NGA,FW,Southampton,30-347,1994,11.4,7,2,1,5,1,3,7,42.9,4,7,2,5,1,8,16,1,Matches
395,Frank Onyeka,ng NGA,MF,Brentford,27-129,1998,0.3,0,0,0,0,0,0,0,,0,0,0,0,0,0,0,0,Matches
396,Lewis Orford,eng ENG,MF,West Ham,19-081,2006,0.5,0,0,0,0,0,0,0,,0,1,0,1,1,1,0,0,Matches
397,Stefan Ortega,de GER,GK,Manchester City,32-185,1992,12.2,0,0,0,0,0,0,1,0.0,1,0,0,0,0,0,11,1,Matches
398,William Osula,dk DEN,FW,Newcastle Utd,21-279,2003,1.2,1,0,0,0,1,0,2,0.0,2,0,0,0,4,5,2,0,Matches
399,Dango Ouattara,bf BFA,FW,Bournemouth,23-088,2002,22.3,35,26,14,11,10,17,41,41.5,24,36,10,26,11,46,51,0,Matches
400,Nico O’Reilly,eng ENG,DF,Manchester City,20-050,2005,5.7,9,4,3,3,3,4,8,50.0,4,5,1,4,4,13,12,0,Matches
Rk,Player,Nation,Pos,Squad,Age,Born,90s,Tkl,TklW,Def 3rd,Mid 3rd,Att 3rd,Tkl,Att,Tkl%,Lost,Blocks,Sh,Pass,Int,Tkl+Int,Clr,Err,Matches
401,Alex Palmer,eng ENG,GK,Ipswich Town,28-273,1996,11.0,0,0,0,0,0,0,0,,0,0,0,0,0,0,12,0,Matches
402,Cole Palmer,eng ENG,MF,Chelsea,23-004,2002,32.5,27,17,11,9,7,9,23,39.1,14,14,1,13,11,38,18,1,Matches
403,Emerson Palmieri,it ITA,DF,West Ham,30-280,1994,23.4,60,31,37,18,5,27,48,56.3,21,32,8,24,21,81,59,0,Matches
404,Lucas Paquetá,br BRA,"MF,FW",West Ham,27-256,1997,26.0,66,37,25,30,11,27,54,50.0,27,28,4,24,17,83,37,6,Matches
405,Thomas Partey,gh GHA,"MF,DF",Arsenal,31-331,1993,28.1,80,49,23,37,20,44,72,61.1,28,25,7,18,33,113,46,4,Matches
406,Nathan Patterson,sct SCO,DF,Everton,23-206,2001,3.9,11,6,7,4,0,7,14,50.0,7,2,0,2,2,13,7,0,Matches
407,Andreas Pereira,br BRA,MF,Fulham,29-129,1996,20.9,22,12,7,11,4,10,40,25.0,30,16,2,14,8,30,15,2,Matches
408,Ricardo Pereira,pt POR,DF,Leicester City,31-216,1993,3.8,11,6,4,4,3,6,12,50.0,6,6,2,4,2,13,10,0,Matches
409,Kalvin Phillips,eng ENG,MF,Ipswich Town,29-159,1995,13.7,35,19,8,20,7,15,39,38.5,24,35,6,29,19,54,37,2,Matches
410,Jaden Philogene Bidace,eng ENG,"FW,MF",Aston Villa,23-091,2002,3.7,11,5,4,7,0,4,6,66.7,2,5,0,5,3,14,2,1,Matches
411,Jaden Philogene Bidace,eng ENG,"FW,DF",Ipswich Town,23-091,2002,5.3,14,7,6,6,2,8,15,53.3,7,11,1,10,10,24,9,1,Matches
412,Jordan Pickford,eng ENG,GK,Everton,31-064,1994,35.0,1,0,1,0,0,1,2,50.0,1,0,0,0,1,2,29,2,Matches
413,Ethan Pinnock,jm JAM,DF,Brentford,31-346,1993,21.3,35,19,15,16,4,13,24,54.2,11,29,18,11,24,59,142,4,Matches
414,Daniel Podence,pt POR,"MF,FW",Wolves,29-201,1995,0.5,0,0,0,0,0,0,1,0.0,1,0,0,0,0,0,0,0,Matches
415,Alfie Pond,eng ENG,DF,Wolves,21-070,2004,0.0,0,0,0,0,0,0,0,,0,0,0,0,0,0,0,0,Matches
416,Nick Pope,eng ENG,GK,Newcastle Utd,33-021,1992,25.0,0,0,0,0,0,0,0,,0,1,0,1,1,1,30,5,Matches
417,Pedro Porro,es ESP,DF,Tottenham,25-239,1999,27.4,63,46,31,22,10,42,73,57.5,31,44,17,27,34,97,80,1,Matches
418,Jarell Quansah,eng ENG,DF,Liverpool,22-101,2003,4.5,11,8,8,3,0,6,8,75.0,2,8,7,1,6,17,18,1,Matches
419,Hákon Rafn Valdimarsson,is ISL,GK,Brentford,23-209,2001,1.6,0,0,0,0,0,0,0,,0,0,0,0,0,0,2,0,Matches
420,Aaron Ramsdale,eng ENG,GK,Southampton,26-361,1998,27.0,0,0,0,0,0,0,2,0.0,2,0,0,0,2,2,8,2,Matches
421,Jacob Ramsey,eng ENG,"FW,MF",Aston Villa,23-347,2001,16.8,30,15,14,10,6,10,20,50.0,10,21,3,18,7,37,8,1,Matches
422,Marcus Rashford,eng ENG,"FW,MF",Manchester Utd,27-191,1997,10.9,7,4,2,2,3,3,9,33.3,6,8,0,8,4,11,7,0,Matches
423,Marcus Rashford,eng ENG,FW,Aston Villa,27-191,1997,4.9,10,7,2,3,5,4,6,66.7,2,2,0,2,1,11,3,0,Matches
424,David Raya,es ESP,GK,Arsenal,29-237,1995,35.0,0,0,0,0,0,0,2,0.0,2,0,0,0,2,2,18,6,Matches
425,Harrison Reed,eng ENG,MF,Fulham,30-103,1995,1.2,6,3,3,2,1,1,3,33.3,2,1,0,1,1,7,3,0,Matches
Rk,Player,Nation,Pos,Squad,Age,Born,90s,Tkl,TklW,Def 3rd,Mid 3rd,Att 3rd,Tkl,Att,Tkl%,Lost,Blocks,Sh,Pass,Int,Tkl+Int,Clr,Err,Matches
426,Remy Rees-Dottin,eng ENG,FW,Bournemouth,19-065,2006,0.0,0,0,0,0,0,0,0,,0,0,0,0,0,0,0,0,Matches
427,Sergio Reguilón,es ESP,DF,Tottenham,28-145,1996,1.4,4,3,1,3,0,2,3,66.7,1,4,0,4,2,6,3,0,Matches
428,Vitor Reis,br BRA,DF,Manchester City,19-118,2006,0.0,0,0,0,0,0,0,0,,0,0,0,0,0,0,1,0,Matches
429,Chadi Riad,ma MAR,DF,Crystal Palace,21-327,2003,1.0,5,2,2,2,1,2,3,66.7,1,0,0,0,2,7,0,0,Matches
430,Declan Rice,eng ENG,MF,Arsenal,26-116,1999,29.4,52,24,21,25,6,16,37,43.2,21,24,11,13,25,77,44,0,Matches
431,Chris Richards,us USA,DF,Crystal Palace,25-043,2000,18.4,44,28,21,17,6,23,38,60.5,15,36,13,23,15,59,98,0,Matches
432,Richarlison,br BRA,FW,Tottenham,28-000,1997,5.3,4,3,0,3,1,0,2,0.0,2,1,1,0,0,4,8,0,Matches
433,Andrew Robertson,sct SCO,DF,Liverpool,31-060,1994,25.6,38,22,24,10,4,30,47,63.8,17,9,4,5,20,58,51,2,Matches
434,Antonee Robinson,us USA,DF,Fulham,27-275,1997,33.2,90,57,53,30,7,44,89,49.4,45,37,7,30,57,147,124,2,Matches
435,Jay Robinson,eng ENG,"MF,FW",Southampton,18-056,2007,0.4,2,1,2,0,0,0,0,,0,0,0,0,0,2,0,0,Matches
436,Rodri,es ESP,MF,Manchester City,28-322,1996,0.7,2,1,1,1,0,0,0,,0,1,0,1,1,3,0,0,Matches
437,Guido Rodríguez,ar ARG,MF,West Ham,31-028,1994,11.3,30,16,19,11,0,14,30,46.7,16,21,9,12,12,42,28,1,Matches
438,Mads Roerslev,dk DEN,DF,Brentford,25-320,1999,12.2,18,8,14,3,1,11,28,39.3,17,12,5,7,4,22,35,0,Matches
439,Morgan Rogers,eng ENG,"FW,MF",Aston Villa,22-288,2002,31.7,36,18,13,13,10,19,39,48.7,20,25,7,18,5,41,19,2,Matches
440,Cristian Romero,ar ARG,DF,Tottenham,27-013,1998,15.7,35,29,26,8,1,21,30,70.0,9,18,3,15,21,56,57,2,Matches
441,Georginio Rutter,fr FRA,"MF,FW",Brighton,23-020,2002,18.4,39,15,13,18,8,14,36,38.9,22,20,3,17,10,49,13,2,Matches
442,José Sá,pt POR,GK,Wolves,32-113,1993,27.0,2,2,2,0,0,2,2,100.0,0,0,0,0,0,2,14,1,Matches
443,Bukayo Saka,eng ENG,"FW,MF",Arsenal,23-247,2001,17.1,24,13,7,10,7,11,22,50.0,11,21,0,21,3,27,8,0,Matches
444,Mohamed Salah,eg EGY,FW,Liverpool,32-329,1992,34.5,20,11,7,5,8,7,16,43.8,9,11,0,11,7,27,5,0,Matches
445,William Saliba,fr FRA,DF,Arsenal,24-047,2001,32.3,60,36,35,23,2,21,27,77.8,6,24,15,9,21,81,111,6,Matches
446,Robert Sánchez,es ESP,GK,Chelsea,27-173,1997,29.0,0,0,0,0,0,0,1,0.0,1,0,0,0,2,2,20,9,Matches
447,Jadon Sancho,eng ENG,FW,Chelsea,25-046,2000,18.7,10,6,3,2,5,5,12,41.7,7,9,0,9,2,12,6,2,Matches
448,Ibrahim Sangaré,ci CIV,MF,Nott'ham Forest,27-159,1997,4.1,19,11,5,13,1,4,12,33.3,8,8,3,5,3,22,6,1,Matches
449,Pablo Sarabia,es ESP,"MF,FW",Wolves,32-364,1992,8.0,15,8,4,8,3,9,14,64.3,5,10,0,10,4,19,7,1,Matches
450,Jeremy Sarmiento,ec ECU,MF,Brighton,22-328,2002,0.1,0,0,0,0,0,0,0,,0,0,0,0,0,0,0,0,Matches
Rk,Player,Nation,Pos,Squad,Age,Born,90s,Tkl,TklW,Def 3rd,Mid 3rd,Att 3rd,Tkl,Att,Tkl%,Lost,Blocks,Sh,Pass,Int,Tkl+Int,Clr,Err,Matches
451,Ismaila Sarr,sn SEN,"MF,FW",Crystal Palace,27-074,1998,27.6,21,10,9,9,3,7,23,30.4,16,24,8,16,9,30,36,0,Matches
452,Sávio,br BRA,"FW,MF",Manchester City,21-030,2004,19.3,22,16,5,10,7,9,18,50.0,9,13,2,11,6,28,9,1,Matches
453,Oliver Scarles,eng ENG,DF,West Ham,19-149,2005,6.6,17,11,13,3,1,13,21,61.9,8,14,2,12,10,27,24,0,Matches
454,Dane Scarlett,eng ENG,"FW,MF",Tottenham,21-047,2004,0.4,1,0,0,1,0,0,0,,0,0,0,0,0,1,1,0,Matches
455,Kevin Schade,de GER,FW,Brentford,23-164,2001,23.0,35,23,14,10,11,12,20,60.0,8,17,2,15,5,40,31,0,Matches
456,Fabian Schär,ch SUI,DF,Newcastle Utd,33-141,1991,29.6,34,21,15,17,2,14,34,41.2,20,37,24,13,41,75,116,3,Matches
457,Jeffrey Schlupp,gh GHA,"MF,DF",Crystal Palace,32-138,1992,1.1,2,0,1,0,1,0,3,0.0,3,6,0,6,0,2,2,0,Matches
458,Alex Scott,eng ENG,MF,Bournemouth,21-262,2003,7.9,26,13,10,8,8,18,40,45.0,22,17,4,13,10,36,13,0,Matches
459,Matz Sels,be BEL,GK,Nott'ham Forest,33-073,1992,35.0,1,1,1,0,0,1,1,100.0,0,0,0,0,0,1,23,1,Matches
460,Nélson Semedo,pt POR,DF,Wolves,31-175,1993,29.6,58,34,31,20,7,30,53,56.6,23,28,10,18,23,81,100,3,Matches
461,Antoine Semenyo,gh GHA,FW,Bournemouth,25-123,2000,32.6,53,34,16,24,13,16,42,38.1,26,59,8,51,10,63,35,1,Matches
462,Marcos Senesi,ar ARG,DF,Bournemouth,28-000,1997,11.3,35,21,22,11,2,14,30,46.7,16,15,7,8,11,46,54,0,Matches
463,Ryan Sessegnon,eng ENG,"FW,DF",Fulham,24-357,2000,5.2,21,11,8,8,5,6,15,40.0,9,11,0,11,3,24,11,0,Matches
464,Luke Shaw,eng ENG,DF,Manchester Utd,29-302,1995,2.4,4,3,2,2,0,2,2,100.0,0,2,1,1,2,6,6,0,Matches
465,Zain Silcott-Duberry,ms MSR,FW,Bournemouth,19-305,2005,0.0,1,1,0,0,1,1,1,100.0,0,0,0,0,0,1,0,0,Matches
466,Bernardo Silva,pt POR,"MF,FW",Manchester City,30-273,1994,26.7,52,34,15,28,9,24,52,46.2,28,33,7,26,20,72,28,3,Matches
467,Jota Silva,pt POR,"FW,MF",Nott'ham Forest,25-282,1999,9.4,25,13,12,11,2,5,25,20.0,20,9,1,8,12,37,17,0,Matches
468,Eric da Silva Moreira,de GER,"MF,DF",Nott'ham Forest,19-007,2006,0.3,2,2,2,0,0,2,6,33.3,4,0,0,0,1,3,0,0,Matches
469,Jahmai Simpson-Pusey,eng ENG,DF,Manchester City,19-187,2005,1.1,1,0,1,0,0,0,1,0.0,1,1,1,0,0,1,2,0,Matches
470,Luis Sinisterra,co COL,"FW,MF",Bournemouth,25-327,1999,2.6,7,2,3,2,2,0,4,0.0,4,3,0,3,1,8,8,0,Matches
471,Oliver Skipp,eng ENG,MF,Leicester City,24-236,2000,11.1,20,4,5,12,3,9,15,60.0,6,17,4,13,10,30,10,1,Matches
472,William Smallbone,ie IRL,MF,Southampton,25-078,2000,7.2,18,11,8,8,2,7,21,33.3,14,8,0,8,2,20,12,2,Matches
473,Adam Smith,eng ENG,DF,Bournemouth,34-011,1991,15.7,21,10,10,5,6,12,25,48.0,13,12,5,7,14,35,47,1,Matches
474,Emile Smith Rowe,eng ENG,MF,Fulham,24-286,2000,21.0,31,18,7,14,10,8,24,33.3,16,20,2,18,11,42,16,0,Matches
475,Dominic Solanke,eng ENG,FW,Tottenham,27-238,1997,23.5,18,11,1,12,5,4,14,28.6,10,18,7,11,0,18,22,0,Matches
Rk,Player,Nation,Pos,Squad,Age,Born,90s,Tkl,TklW,Def 3rd,Mid 3rd,Att 3rd,Tkl,Att,Tkl%,Lost,Blocks,Sh,Pass,Int,Tkl+Int,Clr,Err,Matches
476,Carlos Soler,es ESP,"MF,FW",West Ham,28-128,1997,15.1,15,11,8,6,1,7,23,30.4,16,19,6,13,8,23,21,2,Matches
477,Julio Soler,ar ARG,FW,Bournemouth,20-083,2005,0.0,1,1,1,0,0,1,1,100.0,0,1,0,1,0,1,0,0,Matches
478,Ramón Sosa,py PAR,"FW,MF",Nott'ham Forest,25-252,1999,3.3,5,3,3,0,2,1,5,20.0,4,9,0,9,4,9,5,0,Matches
479,Tomáš Souček,cz CZE,MF,West Ham,30-072,1995,25.9,42,19,19,20,3,22,39,56.4,17,35,17,18,18,60,74,1,Matches
480,Boubakary Soumaré,fr FRA,MF,Leicester City,26-072,1999,21.8,33,18,21,11,1,18,30,60.0,12,20,8,12,24,57,31,3,Matches
481,Djed Spence,eng ENG,DF,Tottenham,24-274,2000,17.8,40,30,22,12,6,20,27,74.1,7,24,9,15,18,58,64,1,Matches
482,Jay Stansfield,eng ENG,MF,Fulham,22-167,2002,0.0,0,0,0,0,0,0,0,,0,0,0,0,0,0,0,0,Matches
483,Jason Steele,eng ENG,GK,Brighton,34-265,1990,2.0,0,0,0,0,0,0,0,,0,0,0,0,0,0,1,0,Matches
484,Jack Stephens,eng ENG,DF,Southampton,31-103,1994,13.4,32,19,23,9,0,15,27,55.6,12,15,10,5,11,43,44,2,Matches
485,Raheem Sterling,eng ENG,"FW,MF",Arsenal,30-153,1994,4.9,8,4,1,2,5,4,8,50.0,4,3,0,3,1,9,3,0,Matches
486,Ross Stewart,sct SCO,FW,Southampton,28-303,1996,3.2,3,2,1,0,2,2,6,33.3,4,3,0,3,0,3,6,0,Matches
487,Jakub Stolarczyk,pl POL,GK,Leicester City,24-142,2000,7.0,2,1,2,0,0,1,2,50.0,1,0,0,0,0,2,5,0,Matches
488,John Stones,eng ENG,"DF,MF",Manchester City,30-347,1994,6.1,6,2,3,2,1,5,5,100.0,0,5,3,2,4,10,19,1,Matches
489,Jørgen Strand Larsen,no NOR,FW,Wolves,25-093,2000,27.4,9,6,2,3,4,4,27,14.8,23,18,4,14,5,14,27,0,Matches
490,Yukinari Sugawara,jp JPN,"DF,MF",Southampton,24-316,2000,16.3,29,16,14,14,1,18,30,60.0,12,17,7,10,10,39,46,3,Matches
491,Kamaldeen Sulemana,gh GHA,"FW,MF",Southampton,23-084,2002,13.1,16,14,6,4,6,8,13,61.5,5,9,0,9,6,22,9,0,Matches
492,Crysencio Summerville,nl NED,"FW,MF",West Ham,23-192,2001,8.7,13,7,2,8,3,3,9,33.3,6,13,4,9,0,13,7,0,Matches
493,Sammie Szmodics,ie IRL,"FW,MF",Ipswich Town,29-228,1995,10.9,15,9,4,9,2,6,23,26.1,17,10,2,8,6,21,14,0,Matches
494,Dominik Szoboszlai,hu HUN,MF,Liverpool,24-197,2000,25.3,31,20,10,16,5,15,39,38.5,24,36,4,32,9,40,17,2,Matches
495,Matt Targett,eng ENG,DF,Newcastle Utd,29-234,1995,0.2,0,0,0,0,0,0,1,0.0,1,0,0,0,1,1,1,0,Matches
496,James Tarkowski,eng ENG,DF,Everton,32-172,1992,32.5,64,40,39,22,3,24,39,61.5,15,57,42,15,41,105,213,4,Matches
497,Marcus Tavernier,eng ENG,"FW,MF",Bournemouth,26-049,1999,18.6,41,24,14,18,9,10,26,38.5,16,16,3,13,5,46,11,0,Matches
498,Charlie Taylor,eng ENG,DF,Southampton,31-234,1993,3.0,7,5,4,3,0,5,6,83.3,1,5,3,2,3,10,22,1,Matches
499,Jack Taylor,ie IRL,MF,Ipswich Town,26-321,1998,8.5,20,10,6,11,3,12,23,52.2,11,10,3,7,9,29,23,0,Matches
500,Mathys Tel,fr FRA,FW,Tottenham,20-013,2005,7.2,8,3,0,4,4,2,9,22.2,7,6,0,6,0,8,2,2,Matches
Rk,Player,Nation,Pos,Squad,Age,Born,90s,Tkl,TklW,Def 3rd,Mid 3rd,Att 3rd,Tkl,Att,Tkl%,Lost,Blocks,Sh,Pass,Int,Tkl+Int,Clr,Err,Matches
501,Kenny Tete,nl NED,DF,Fulham,29-213,1995,16.7,50,34,24,14,12,20,34,58.8,14,22,6,16,29,79,52,0,Matches
502,Thiago,br BRA,FW,Brentford,23-318,2001,1.6,3,2,1,0,2,0,1,0.0,1,2,0,2,2,5,2,1,Matches
503,Luke Thomas,eng ENG,DF,Leicester City,23-334,2001,9.7,25,20,19,4,2,18,32,56.3,14,13,5,8,18,43,39,1,Matches
504,Youri Tielemans,be BEL,MF,Aston Villa,28-003,1997,33.3,83,57,31,44,8,40,73,54.8,33,37,16,21,22,105,47,4,Matches
505,Kieran Tierney,sct SCO,"DF,FW",Arsenal,27-339,1997,2.0,5,4,3,1,1,3,5,60.0,2,0,0,0,2,7,5,0,Matches
506,Jurriën Timber,nl NED,DF,Arsenal,23-327,2001,26.9,58,38,17,30,11,18,27,66.7,9,19,4,15,22,80,44,1,Matches
507,Jean-Clair Todibo,fr FRA,DF,West Ham,25-131,1999,17.4,40,24,26,13,1,25,33,75.8,8,24,12,12,21,61,70,3,Matches
508,Harry Toffolo,eng ENG,DF,Nott'ham Forest,29-264,1995,1.5,5,3,3,1,1,3,4,75.0,1,2,2,0,2,7,12,0,Matches
509,Takehiro Tomiyasu,jp JPN,DF,Arsenal,26-186,1998,0.1,0,0,0,0,0,0,0,,0,0,0,0,0,0,1,0,Matches
510,Sandro Tonali,it ITA,MF,Newcastle Utd,25-002,2000,26.2,47,30,20,22,5,22,44,50.0,22,32,10,22,33,80,32,2,Matches
511,Pau Torres,es ESP,DF,Aston Villa,28-114,1997,20.2,20,14,11,7,2,9,15,60.0,6,14,10,4,9,29,65,2,Matches
512,Conor Townsend,eng ENG,DF,Ipswich Town,32-067,1993,3.7,11,8,9,2,0,8,11,72.7,3,8,6,2,4,15,16,0,Matches
513,Adama Traoré,es ESP,"FW,MF",Fulham,29-105,1996,17.7,17,12,8,4,5,5,13,38.5,8,7,0,7,1,18,6,3,Matches
514,Boubacar Traoré,ml MLI,MF,Wolves,23-263,2001,0.0,2,0,0,2,0,1,1,100.0,0,0,0,0,0,2,0,0,Matches
515,Mark Travers,ie IRL,GK,Bournemouth,25-357,1999,5.0,0,0,0,0,0,0,0,,0,0,0,0,0,0,5,0,Matches
516,Ryan Trevitt,eng ENG,MF,Brentford,22-059,2003,0.0,1,1,1,0,0,0,0,,0,0,0,0,0,1,0,0,Matches
517,Kieran Trippier,eng ENG,DF,Newcastle Utd,34-233,1990,14.2,37,20,18,13,6,21,35,60.0,14,11,3,8,12,49,49,0,Matches
518,Leandro Trossard,be BEL,FW,Arsenal,30-157,1994,26.2,26,17,5,14,7,9,31,29.0,22,31,0,31,9,35,17,0,Matches
519,Kostas Tsimikas,gr GRE,DF,Liverpool,28-363,1996,8.3,29,18,13,11,5,13,20,65.0,7,5,2,3,10,39,20,0,Matches
520,Axel Tuanzebe,cd COD,DF,Ipswich Town,27-177,1997,16.1,29,17,20,3,6,16,24,66.7,8,18,9,9,21,50,53,1,Matches
521,Destiny Udogie,it ITA,DF,Tottenham,22-163,2002,20.4,74,47,41,26,7,33,47,70.2,14,40,6,34,21,95,35,1,Matches
522,Manuel Ugarte Ribeiro,uy URU,MF,Manchester Utd,24-029,2001,19.0,74,46,32,34,8,28,66,42.4,38,31,4,27,26,100,16,1,Matches
523,Lesley Ugochukwu,fr FRA,MF,Southampton,21-045,2004,16.9,49,24,15,30,4,18,33,54.5,15,26,9,17,14,63,21,1,Matches
524,Enes Ünal,tr TUR,"FW,MF",Bournemouth,28-000,1997,3.8,1,0,0,0,1,0,3,0.0,3,1,0,1,0,1,6,0,Matches
525,Virgil van Dijk,nl NED,DF,Liverpool,33-306,1991,35.0,35,17,17,16,2,11,20,55.0,9,25,14,11,54,89,179,4,Matches
Rk,Player,Nation,Pos,Squad,Age,Born,90s,Tkl,TklW,Def 3rd,Mid 3rd,Att 3rd,Tkl,Att,Tkl%,Lost,Blocks,Sh,Pass,Int,Tkl+Int,Clr,Err,Matches
526,Jamie Vardy,eng ENG,FW,Leicester City,38-119,1987,29.5,18,13,6,7,5,4,13,30.8,9,8,4,4,5,23,23,0,Matches
527,Renato Veiga,pt POR,"DF,MF",Chelsea,21-285,2003,2.0,9,6,6,3,0,4,12,33.3,8,3,1,2,1,10,2,0,Matches
528,Joël Veltman,nl NED,DF,Brighton,33-115,1992,18.5,42,28,23,16,3,30,51,58.8,21,22,7,15,18,60,66,0,Matches
529,Micky van de Ven,nl NED,DF,Tottenham,24-021,2001,10.6,10,6,5,4,1,8,14,57.1,6,9,6,3,10,20,36,1,Matches
530,Bart Verbruggen,nl NED,GK,Brighton,22-265,2002,33.0,0,0,0,0,0,0,3,0.0,3,1,0,1,0,0,28,5,Matches
531,Jannik Vestergaard,dk DEN,DF,Leicester City,32-280,1992,15.5,22,10,16,6,0,9,15,60.0,6,21,14,7,16,38,74,1,Matches
532,Guglielmo Vicario,it ITA,GK,Tottenham,28-215,1996,23.0,0,0,0,0,0,0,0,,0,0,0,0,1,1,14,6,Matches
533,Carlos Vinícius,br BRA,"MF,FW",Fulham,30-046,1995,0.2,0,0,0,0,0,0,1,0.0,1,1,0,1,0,0,0,0,Matches
534,Kyle Walker,eng ENG,DF,Manchester City,34-347,1990,10.8,17,10,7,7,3,14,26,53.8,12,13,4,9,3,20,13,1,Matches
535,Kyle Walker-Peters,eng ENG,DF,Southampton,28-027,1997,32.4,44,29,22,15,7,16,35,45.7,19,27,15,12,19,63,90,1,Matches
536,Christian Walton,eng ENG,GK,Ipswich Town,29-182,1995,6.0,0,0,0,0,0,0,1,0.0,1,0,0,0,0,0,1,1,Matches
537,Aaron Wan-Bissaka,eng ENG,DF,West Ham,27-165,1997,32.0,64,45,29,30,5,20,27,74.1,7,32,9,23,60,124,116,0,Matches
538,Danny Ward,wls WAL,GK,Leicester City,31-322,1993,1.5,0,0,0,0,0,0,0,,0,0,0,0,0,0,1,0,Matches
539,Joel Ward,eng ENG,DF,Crystal Palace,35-193,1989,0.0,0,0,0,0,0,0,0,,0,0,0,0,0,0,0,0,Matches
540,James Ward-Prowse,eng ENG,MF,West Ham,30-190,1994,9.0,15,10,7,5,3,4,13,30.8,9,6,3,3,5,20,13,0,Matches
541,James Ward-Prowse,eng ENG,MF,Nott'ham Forest,30-190,1994,4.4,4,1,1,3,0,2,2,100.0,0,3,2,1,5,9,8,0,Matches
542,Ollie Watkins,eng ENG,FW,Aston Villa,29-131,1995,25.9,9,6,0,5,4,3,11,27.3,8,11,3,8,8,17,15,2,Matches
543,Adam Webster,eng ENG,DF,Brighton,30-126,1995,6.9,8,5,4,3,1,5,11,45.5,6,12,9,3,14,22,28,1,Matches
544,Danny Welbeck,eng ENG,FW,Brighton,34-165,1990,21.6,23,14,6,12,5,7,18,38.9,11,17,2,15,5,28,13,0,Matches
545,Welington,br BRA,"DF,MF",Southampton,24-080,2001,2.4,13,5,9,3,1,7,12,58.3,5,3,1,2,3,16,12,0,Matches
546,Timo Werner,de GER,"FW,MF",Tottenham,29-065,1996,5.7,6,4,3,3,0,3,13,23.1,10,10,1,9,1,7,7,0,Matches
547,Adam Wharton,eng ENG,MF,Crystal Palace,20-342,2004,14.6,34,14,14,16,4,17,44,38.6,27,11,2,9,20,54,27,0,Matches
548,Ben White,eng ENG,DF,Arsenal,27-214,1997,10.5,13,9,9,2,2,11,28,39.3,17,9,7,2,15,28,35,0,Matches
549,Mats Wieffer,nl NED,"MF,DF",Brighton,25-175,1999,8.3,37,22,15,18,4,19,31,61.3,12,13,1,12,13,50,18,3,Matches
550,Neco Williams,wls WAL,DF,Nott'ham Forest,24-027,2001,25.8,75,45,56,14,5,45,73,61.6,28,40,9,31,25,100,126,2,Matches
Rk,Player,Nation,Pos,Squad,Age,Born,90s,Tkl,TklW,Def 3rd,Mid 3rd,Att 3rd,Tkl,Att,Tkl%,Lost,Blocks,Sh,Pass,Int,Tkl+Int,Clr,Err,Matches
551,Willian,br BRA,"FW,MF",Fulham,36-274,1988,2.7,3,1,0,2,1,1,5,20.0,4,0,0,0,1,4,1,0,Matches
552,Joe Willock,eng ENG,"MF,FW",Newcastle Utd,25-263,1999,11.4,28,16,15,10,3,18,29,62.1,11,24,6,18,6,34,7,0,Matches
553,Callum Wilson,eng ENG,FW,Newcastle Utd,33-072,1992,3.2,2,2,0,1,1,0,2,0.0,2,2,0,2,1,3,1,0,Matches
554,Harry Wilson,wls WAL,"FW,MF",Fulham,28-049,1997,11.1,14,9,8,3,3,9,15,60.0,6,13,1,12,5,19,7,1,Matches
555,Harry Winks,eng ENG,MF,Leicester City,29-097,1996,17.1,24,11,12,10,2,13,30,43.3,17,19,7,12,9,33,20,0,Matches
556,Ben Winterburn,eng ENG,"FW,MF",Bournemouth,20-248,2004,0.3,0,0,0,0,0,0,1,0.0,1,0,0,0,2,2,0,0,Matches
557,Yoane Wissa,cd COD,FW,Brentford,28-249,1996,29.4,22,12,6,8,8,11,27,40.7,16,29,8,21,8,30,20,3,Matches
558,Chris Wood,nz NZL,FW,Nott'ham Forest,33-154,1991,29.9,5,4,1,2,2,2,9,22.2,7,11,7,4,5,10,26,1,Matches
559,Nathan Wood-Gordon,eng ENG,DF,Southampton,22-344,2002,6.9,10,7,6,3,1,5,8,62.5,3,8,5,3,4,14,26,2,Matches
560,Luke Woolfenden,eng ENG,DF,Ipswich Town,26-201,1998,13.2,9,6,5,4,0,2,5,40.0,3,21,14,7,19,28,76,0,Matches
561,Yehor Yarmoliuk,ua UKR,MF,Brentford,21-070,2004,13.3,39,24,14,19,6,23,46,50.0,23,24,7,17,10,49,31,0,Matches
562,Ryan Yates,eng ENG,MF,Nott'ham Forest,27-170,1997,20.8,41,21,23,14,4,17,37,45.9,20,35,9,26,26,67,61,1,Matches
563,Leny Yoro,fr FRA,DF,Manchester Utd,19-178,2005,12.4,26,11,17,8,1,11,17,64.7,6,5,3,2,18,44,43,0,Matches
564,Ashley Young,eng ENG,"DF,FW",Everton,39-305,1985,18.0,51,29,23,21,7,32,51,62.7,19,10,3,7,23,74,58,1,Matches
565,Illia Zabarnyi,ua UKR,DF,Bournemouth,22-251,2002,31.6,46,32,26,19,1,30,44,68.2,14,33,20,13,38,84,165,2,Matches
566,Oleksandr Zinchenko,ua UKR,"DF,MF",Arsenal,28-146,1996,5.1,4,1,1,2,1,2,7,28.6,5,5,0,5,4,8,6,0,Matches
567,Joshua Zirkzee,nl NED,"FW,MF",Manchester Utd,23-353,2001,15.6,14,8,3,8,3,5,10,50.0,5,15,4,11,6,20,8,1,Matches
568,Martin Ødegaard,no NOR,MF,Arsenal,26-144,1998,23.7,19,11,9,7,3,4,24,16.7,20,5,0,5,4,23,5,1,Matches
