Rk,Player,Nation,Pos,Squad,Age,Born,MP,Starts,Min,90s,Gls,Ast,G+A,G-PK,PK,PKatt,CrdY,CrdR,xG,npxG,xAG,npxG+xAG,PrgC,PrgP,PrgR,Gls,Ast,G+A,G-PK,G+A-PK,xG,xAG,xG+xAG,npxG,npxG+xAG,Matches
1,Max Aarons,eng ENG,DF,Bournemouth,25-126,2000,3,1,86,1.0,0,0,0,0,0,0,0,0,0.0,0.0,0.0,0.0,1,8,3,0.00,0.00,0.00,0.00,0.00,0.00,0.00,0.00,0.00,0.00,Matches
2,Joshua Acheampong,eng ENG,DF,Chelsea,19-005,2006,4,2,170,1.9,0,0,0,0,0,0,1,0,0.2,0.2,0.0,0.2,0,8,0,0.00,0.00,0.00,0.00,0.00,0.12,0.00,0.12,0.12,0.12,Matches
3,Tyler Adams,us USA,MF,Bournemouth,26-085,1999,25,18,1710,19.0,0,3,3,0,0,0,7,0,1.6,1.6,1.0,2.5,12,65,9,0.00,0.16,0.16,0.00,0.16,0.08,0.05,0.13,0.08,0.13,Matches
4,Tosin Adarabioyo,eng ENG,DF,Chelsea,27-228,1997,20,13,1229,13.7,1,1,2,1,0,0,3,0,0.9,0.9,0.2,1.1,5,37,1,0.07,0.07,0.15,0.07,0.15,0.07,0.02,0.08,0.07,0.08,Matches
5,Simon Adingra,ci CIV,"FW,MF",Brighton,23-129,2002,26,10,956,10.6,2,1,3,2,0,0,0,0,2.2,2.2,1.8,4.0,37,14,119,0.19,0.09,0.28,0.19,0.28,0.21,0.17,0.38,0.21,0.38,Matches
6,Emmanuel Agbadou,ci CIV,DF,Wolves,27-327,1997,13,13,1140,12.7,0,0,0,0,0,0,2,0,0.3,0.3,0.2,0.5,3,22,1,0.00,0.00,0.00,0.00,0.00,0.02,0.02,0.04,0.02,0.04,Matches
7,Asher Agbinone,eng ENG,MF,Crystal Palace,19-224,2005,2,0,6,0.1,0,0,0,0,0,0,0,0,0.0,0.0,0.0,0.1,2,0,1,0.00,0.00,0.00,0.00,0.00,0.29,0.50,0.79,0.29,0.79,Matches
8,Ola Aina,ng NGA,DF,Nott'ham Forest,28-214,1996,32,32,2733,30.4,2,1,3,2,0,0,3,0,0.6,0.6,1.1,1.8,59,97,56,0.07,0.03,0.10,0.07,0.10,0.02,0.04,0.06,0.02,0.06,Matches
9,Rayan Aït-Nouri,dz ALG,DF,Wolves,23-338,2001,34,34,2865,31.8,4,7,11,4,0,0,7,1,2.6,2.6,4.7,7.3,79,100,158,0.13,0.22,0.35,0.13,0.35,0.08,0.15,0.23,0.08,0.23,Matches
10,Kristoffer Ajer,no NOR,DF,Brentford,27-023,1998,22,17,1405,15.6,0,0,0,0,0,0,5,0,0.8,0.8,1.2,2.1,27,54,42,0.00,0.00,0.00,0.00,0.00,0.05,0.08,0.13,0.05,0.13,Matches
11,Manuel Akanji,ch SUI,DF,Manchester City,29-295,1995,23,20,1744,19.4,0,0,0,0,0,0,3,0,0.7,0.7,0.4,1.1,38,138,6,0.00,0.00,0.00,0.00,0.00,0.04,0.02,0.06,0.04,0.06,Matches
12,Nathan Aké,nl NED,DF,Manchester City,30-081,1995,10,8,678,7.5,0,0,0,0,0,0,0,0,0.2,0.2,0.0,0.2,12,50,2,0.00,0.00,0.00,0.00,0.00,0.03,0.00,0.03,0.03,0.03,Matches
13,Carlos Alcaraz,ar ARG,MF,Southampton,22-161,2002,1,0,10,0.1,0,0,0,0,0,0,0,0,0.1,0.1,0.1,0.2,4,6,1,0.00,0.00,0.00,0.00,0.00,0.62,0.86,1.48,0.62,1.48,Matches
14,Carlos Alcaraz,ar ARG,"FW,MF",Everton,22-161,2002,12,5,580,6.4,1,2,3,1,0,0,4,0,1.3,1.3,1.5,2.8,15,37,17,0.16,0.31,0.47,0.16,0.47,0.21,0.23,0.43,0.21,0.43,Matches
15,Trent Alexander-Arnold,eng ENG,DF,Liverpool,26-215,1998,31,28,2296,25.5,3,6,9,3,0,0,5,0,1.8,1.8,6.7,8.5,50,221,90,0.12,0.24,0.35,0.12,0.35,0.07,0.26,0.33,0.07,0.33,Matches
16,Alisson,br BRA,GK,Liverpool,32-220,1992,25,25,2238,24.9,0,0,0,0,0,0,0,0,0.0,0.0,0.6,0.6,0,0,0,0.00,0.00,0.00,0.00,0.00,0.00,0.02,0.02,0.00,0.02,Matches
17,Miguel Almirón,py PAR,FW,Newcastle Utd,31-089,1994,9,1,157,1.7,0,0,0,0,0,0,0,0,0.5,0.5,0.3,0.8,3,6,18,0.00,0.00,0.00,0.00,0.00,0.30,0.15,0.45,0.30,0.45,Matches
18,Edson Álvarez,mx MEX,MF,West Ham,27-198,1997,25,19,1633,18.1,0,1,1,0,0,0,8,1,0.3,0.3,0.8,1.1,21,75,18,0.00,0.06,0.06,0.00,0.06,0.02,0.04,0.06,0.02,0.06,Matches
19,Will Alves,eng ENG,FW,Leicester City,20-096,2005,1,0,1,0.0,0,0,0,0,0,0,0,0,0.0,0.0,0.0,0.0,0,0,1,0.00,0.00,0.00,0.00,0.00,0.00,0.00,0.00,0.00,0.00,Matches
20,Harry Amass,eng ENG,DF,Manchester Utd,18-055,2007,4,3,256,2.8,0,0,0,0,0,0,0,0,0.0,0.0,0.0,0.1,9,5,17,0.00,0.00,0.00,0.00,0.00,0.02,0.01,0.02,0.02,0.02,Matches
21,Samuel Amo-Ameyaw,eng ENG,"FW,DF",Southampton,18-296,2006,2,0,28,0.3,0,0,0,0,0,0,1,0,0.0,0.0,0.1,0.1,1,0,3,0.00,0.00,0.00,0.00,0.00,0.07,0.22,0.29,0.07,0.29,Matches
22,Mathis Amougou,fr FRA,MF,Chelsea,19-112,2006,1,0,8,0.1,0,0,0,0,0,0,0,0,0.0,0.0,0.0,0.0,0,1,0,0.00,0.00,0.00,0.00,0.00,0.00,0.00,0.00,0.00,0.00,Matches
23,Joachim Andersen,dk DEN,DF,Crystal Palace,28-344,1996,1,1,90,1.0,0,0,0,0,0,0,1,0,0.0,0.0,0.0,0.0,1,4,1,0.00,0.00,0.00,0.00,0.00,0.04,0.00,0.04,0.04,0.04,Matches
24,Joachim Andersen,dk DEN,DF,Fulham,28-344,1996,26,26,2313,25.7,0,0,0,0,0,0,5,1,1.0,1.0,0.3,1.3,13,105,2,0.00,0.00,0.00,0.00,0.00,0.04,0.01,0.05,0.04,0.05,Matches
25,Elliot Anderson,eng ENG,MF,Nott'ham Forest,22-185,2002,34,30,2467,27.4,2,6,8,2,0,0,7,0,1.9,1.9,3.1,5.0,46,128,87,0.07,0.22,0.29,0.07,0.29,0.07,0.11,0.18,0.07,0.18,Matches
Rk,Player,Nation,Pos,Squad,Age,Born,MP,Starts,Min,90s,Gls,Ast,G+A,G-PK,PK,PKatt,CrdY,CrdR,xG,npxG,xAG,npxG+xAG,PrgC,PrgP,PrgR,Gls,Ast,G+A,G-PK,G+A-PK,xG,xAG,xG+xAG,npxG,npxG+xAG,Matches
26,André,br BRA,MF,Wolves,23-298,2001,30,28,2249,25.0,0,0,0,0,0,0,7,0,0.4,0.4,0.7,1.1,8,95,11,0.00,0.00,0.00,0.00,0.00,0.02,0.03,0.05,0.02,0.05,Matches
27,Michail Antonio,jm JAM,FW,West Ham,35-043,1990,14,11,836,9.3,1,1,2,1,0,0,1,0,2.2,2.2,1.6,3.8,29,18,59,0.11,0.11,0.22,0.11,0.22,0.24,0.17,0.41,0.24,0.41,Matches
28,Antony,br BRA,"DF,MF",Manchester Utd,25-075,2000,8,0,141,1.6,0,0,0,0,0,0,0,0,1.0,1.0,0.1,1.1,5,6,7,0.00,0.00,0.00,0.00,0.00,0.65,0.08,0.73,0.65,0.73,Matches
29,Julian Araujo,mx MEX,DF,Bournemouth,23-270,2001,10,6,426,4.7,0,0,0,0,0,0,1,0,0.0,0.0,0.0,0.0,3,14,19,0.00,0.00,0.00,0.00,0.00,0.00,0.00,0.00,0.00,0.00,Matches
30,Cameron Archer,eng ENG,FW,Southampton,23-293,2001,32,13,1373,15.3,2,0,2,2,0,1,0,0,5.1,4.3,0.4,4.6,19,14,64,0.13,0.00,0.13,0.13,0.13,0.33,0.02,0.36,0.28,0.31,Matches
31,Alphonse Areola,fr FRA,GK,West Ham,32-072,1993,24,23,2080,23.1,0,0,0,0,0,0,0,0,0.0,0.0,0.0,0.0,0,0,0,0.00,0.00,0.00,0.00,0.00,0.00,0.00,0.00,0.00,0.00,Matches
32,Joe Aribo,ng NGA,"MF,DF",Southampton,28-293,1996,30,20,1909,21.2,3,0,3,3,0,0,1,0,2.7,2.7,1.6,4.3,35,71,64,0.14,0.00,0.14,0.14,0.14,0.13,0.07,0.20,0.13,0.20,Matches
33,Adam Armstrong,eng ENG,"FW,MF",Southampton,28-089,1997,20,15,1248,13.9,2,2,4,2,0,1,4,0,3.3,2.3,1.2,3.5,25,21,79,0.14,0.14,0.29,0.14,0.29,0.24,0.09,0.32,0.17,0.25,Matches
34,Harrison Armstrong,eng ENG,MF,Everton,18-111,2007,3,0,48,0.5,0,0,0,0,0,0,1,0,0.4,0.4,0.1,0.4,1,1,0,0.00,0.00,0.00,0.00,0.00,0.69,0.14,0.82,0.69,0.82,Matches
35,Kepa Arrizabalaga,es ESP,GK,Bournemouth,30-219,1994,28,28,2520,28.0,0,0,0,0,0,0,3,0,0.1,0.1,0.0,0.1,0,2,0,0.00,0.00,0.00,0.00,0.00,0.00,0.00,0.00,0.00,0.00,Matches
36,Marco Asensio,es ESP,"MF,FW",Aston Villa,29-109,1996,10,6,540,6.0,3,1,4,3,0,2,1,0,4.2,2.6,0.8,3.4,16,34,26,0.50,0.17,0.67,0.50,0.67,0.70,0.14,0.84,0.43,0.57,Matches
37,Brandon Austin,eng ENG,GK,Tottenham,26-122,1999,1,1,90,1.0,0,0,0,0,0,0,0,0,0.0,0.0,0.0,0.0,0,0,0,0.00,0.00,0.00,0.00,0.00,0.00,0.00,0.00,0.00,0.00,Matches
38,Taiwo Awoniyi,ng NGA,FW,Nott'ham Forest,27-271,1997,25,3,408,4.5,1,0,1,1,0,0,0,0,2.1,2.1,0.1,2.2,6,7,20,0.22,0.00,0.22,0.22,0.22,0.47,0.02,0.49,0.47,0.49,Matches
39,Yasin Ayari,se SWE,MF,Brighton,21-216,2003,31,19,1759,19.5,1,1,2,1,0,0,3,0,2.2,2.2,2.2,4.4,30,69,59,0.05,0.05,0.10,0.05,0.10,0.11,0.11,0.23,0.11,0.23,Matches
40,Jordan Ayew,gh GHA,"FW,MF",Crystal Palace,33-241,1991,1,0,21,0.2,0,0,0,0,0,0,1,0,0.5,0.5,0.0,0.5,0,0,1,0.00,0.00,0.00,0.00,0.00,1.96,0.21,2.17,1.96,2.17,Matches
41,Jordan Ayew,gh GHA,"FW,MF",Leicester City,33-241,1991,27,16,1425,15.8,5,0,5,4,1,1,5,0,3.0,2.2,1.0,3.2,42,37,77,0.32,0.00,0.32,0.25,0.25,0.19,0.06,0.25,0.14,0.20,Matches
42,Benoît Badiashile,fr FRA,DF,Chelsea,24-045,2001,5,3,334,3.7,0,0,0,0,0,0,0,0,0.0,0.0,0.0,0.0,3,17,2,0.00,0.00,0.00,0.00,0.00,0.00,0.00,0.00,0.00,0.00,Matches
43,Leon Bailey,jm JAM,"FW,MF",Aston Villa,27-274,1997,23,14,1138,12.6,1,2,3,1,0,0,3,0,1.7,1.7,1.5,3.3,57,35,121,0.08,0.16,0.24,0.08,0.24,0.14,0.12,0.26,0.14,0.26,Matches
44,Carlos Baleba,cm CMR,MF,Brighton,21-127,2004,31,28,2403,26.7,3,1,4,3,0,0,8,1,3.0,3.0,1.3,4.3,40,111,27,0.11,0.04,0.15,0.11,0.15,0.11,0.05,0.16,0.11,0.16,Matches
45,Ross Barkley,eng ENG,MF,Aston Villa,31-156,1993,18,3,571,6.3,3,1,4,3,0,0,3,0,1.7,1.7,0.6,2.3,15,33,10,0.47,0.16,0.63,0.47,0.63,0.27,0.10,0.37,0.27,0.37,Matches
46,Harvey Barnes,eng ENG,FW,Newcastle Utd,27-152,1997,30,14,1503,16.7,9,4,13,9,0,0,0,0,6.6,6.6,3.9,10.4,80,72,172,0.54,0.24,0.78,0.54,0.78,0.39,0.23,0.62,0.39,0.62,Matches
47,Calvin Bassey,ng NGA,DF,Fulham,25-130,1999,33,32,2894,32.2,1,0,1,1,0,0,7,0,1.0,1.0,0.1,1.2,36,107,15,0.03,0.00,0.03,0.03,0.03,0.03,0.00,0.04,0.03,0.04,Matches
48,Altay Bayındır,tr TUR,GK,Manchester Utd,27-026,1998,2,2,180,2.0,0,0,0,0,0,0,0,0,0.0,0.0,0.0,0.0,0,0,0,0.00,0.00,0.00,0.00,0.00,0.00,0.00,0.00,0.00,0.00,Matches
49,Jan Bednarek,pl POL,DF,Southampton,29-028,1996,29,29,2441,27.1,2,0,2,2,0,0,7,0,0.7,0.7,0.5,1.2,5,59,2,0.07,0.00,0.07,0.07,0.07,0.02,0.02,0.04,0.02,0.04,Matches
50,Armel Bella Kotchap,de GER,DF,Southampton,23-150,2001,4,2,331,3.7,0,0,0,0,0,0,0,0,0.3,0.3,0.0,0.3,0,5,0,0.00,0.00,0.00,0.00,0.00,0.09,0.00,0.09,0.09,0.09,Matches
Rk,Player,Nation,Pos,Squad,Age,Born,MP,Starts,Min,90s,Gls,Ast,G+A,G-PK,PK,PKatt,CrdY,CrdR,xG,npxG,xAG,npxG+xAG,PrgC,PrgP,PrgR,Gls,Ast,G+A,G-PK,G+A-PK,xG,xAG,xG+xAG,npxG,npxG+xAG,Matches
51,Jean-Ricner Bellegarde,fr FRA,"MF,FW",Wolves,26-317,1998,32,19,1551,17.2,2,6,8,2,0,0,3,0,1.3,1.3,3.6,4.9,49,39,83,0.12,0.35,0.46,0.12,0.46,0.08,0.21,0.28,0.08,0.28,Matches
52,Rodrigo Bentancur,uy URU,MF,Tottenham,27-319,1997,23,19,1518,16.9,2,0,2,2,0,0,7,0,1.3,1.3,0.4,1.7,26,99,34,0.12,0.00,0.12,0.12,0.12,0.08,0.03,0.10,0.08,0.10,Matches
53,Daniel Bentley,eng ENG,GK,Wolves,31-301,1993,1,1,90,1.0,0,0,0,0,0,0,0,0,0.0,0.0,0.0,0.0,0,0,0,0.00,0.00,0.00,0.00,0.00,0.00,0.00,0.00,0.00,0.00,Matches
54,Sander Berge,no NOR,MF,Fulham,27-085,1998,28,24,2091,23.2,0,0,0,0,0,0,5,0,0.2,0.2,0.6,0.8,27,116,8,0.00,0.00,0.00,0.00,0.00,0.01,0.03,0.03,0.01,0.03,Matches
55,Lucas Bergvall,se SWE,MF,Tottenham,19-097,2006,27,11,1212,13.5,0,1,1,0,0,0,3,0,0.7,0.7,0.6,1.3,33,49,31,0.00,0.07,0.07,0.00,0.07,0.05,0.04,0.09,0.05,0.09,Matches
56,Victor Bernth Kristiansen,dk DEN,DF,Leicester City,22-145,2002,28,28,2380,26.4,0,1,1,0,0,0,1,0,0.3,0.3,1.4,1.7,39,69,75,0.00,0.04,0.04,0.00,0.04,0.01,0.05,0.06,0.01,0.06,Matches
57,Beto,gw GNB,FW,Everton,27-099,1998,27,12,1268,14.1,7,0,7,7,0,0,2,0,6.6,6.6,0.8,7.3,12,10,66,0.50,0.00,0.50,0.50,0.50,0.47,0.06,0.52,0.47,0.52,Matches
58,Philip Billing,dk DEN,MF,Bournemouth,28-333,1996,10,1,184,2.0,0,0,0,0,0,0,1,0,0.6,0.6,1.1,1.7,3,15,13,0.00,0.00,0.00,0.00,0.00,0.28,0.54,0.82,0.28,0.82,Matches
59,Yves Bissouma,ml MLI,MF,Tottenham,28-253,1996,25,16,1300,14.4,2,0,2,2,0,0,7,0,0.6,0.6,0.3,0.9,15,72,3,0.14,0.00,0.14,0.14,0.14,0.04,0.02,0.06,0.04,0.06,Matches
60,Oscar Bobb,no NOR,FW,Manchester City,21-302,2003,2,0,15,0.2,0,0,0,0,0,0,0,0,0.0,0.0,0.1,0.1,1,1,1,0.00,0.00,0.00,0.00,0.00,0.00,0.44,0.44,0.00,0.44,Matches
61,Lamare Bogarde,nl NED,"DF,MF",Aston Villa,21-125,2004,8,5,476,5.3,0,0,0,0,0,0,2,0,0.0,0.0,0.1,0.2,12,14,9,0.00,0.00,0.00,0.00,0.00,0.01,0.02,0.03,0.01,0.03,Matches
62,Willy Boly,ci CIV,DF,Nott'ham Forest,34-096,1991,6,1,150,1.7,0,0,0,0,0,0,1,0,0.1,0.1,0.0,0.1,0,2,0,0.00,0.00,0.00,0.00,0.00,0.04,0.00,0.04,0.04,0.04,Matches
63,Sven Botman,nl NED,DF,Newcastle Utd,25-118,2000,5,3,233,2.6,0,0,0,0,0,0,1,0,0.0,0.0,0.0,0.0,0,3,0,0.00,0.00,0.00,0.00,0.00,0.01,0.00,0.01,0.01,0.01,Matches
64,Jarrod Bowen,eng ENG,"FW,MF",West Ham,28-141,1996,31,31,2721,30.2,10,7,17,9,1,1,1,0,8.0,7.3,6.3,13.6,98,86,188,0.33,0.23,0.56,0.30,0.53,0.26,0.21,0.47,0.24,0.45,Matches
65,Conor Bradley,nir NIR,DF,Liverpool,21-305,2003,16,4,567,6.3,0,1,1,0,0,0,3,0,0.6,0.6,0.5,1.1,28,26,31,0.00,0.16,0.16,0.00,0.16,0.09,0.07,0.17,0.09,0.17,Matches
66,Jarrad Branthwaite,eng ENG,DF,Everton,22-317,2002,28,26,2348,26.1,0,1,1,0,0,0,4,0,1.1,1.1,0.7,1.8,9,61,2,0.00,0.04,0.04,0.00,0.04,0.04,0.03,0.07,0.04,0.07,Matches
67,James Bree,eng ENG,DF,Southampton,27-211,1997,15,11,895,9.9,0,1,1,0,0,0,0,0,0.1,0.1,0.9,1.0,10,31,34,0.00,0.10,0.10,0.00,0.10,0.01,0.09,0.10,0.01,0.10,Matches
68,Ben Brereton,cl CHI,FW,Southampton,26-022,1999,10,4,449,5.0,0,0,0,0,0,0,1,0,0.9,0.9,0.1,1.0,12,9,42,0.00,0.00,0.00,0.00,0.00,0.18,0.02,0.20,0.18,0.20,Matches
69,Nathan Broadhead,wls WAL,"MF,FW",Ipswich Town,27-035,1998,16,6,605,6.7,1,0,1,1,0,0,1,0,1.5,1.5,0.6,2.1,17,12,27,0.15,0.00,0.15,0.15,0.15,0.22,0.10,0.32,0.22,0.32,Matches
70,Armando Broja,al ALB,FW,Everton,23-242,2001,10,4,334,3.7,0,0,0,0,0,0,1,0,0.1,0.1,0.2,0.3,12,2,26,0.00,0.00,0.00,0.00,0.00,0.03,0.05,0.08,0.03,0.08,Matches
71,David Brooks,wls WAL,"FW,MF",Bournemouth,27-306,1997,26,8,832,9.2,2,0,2,2,0,0,3,0,2.2,2.2,1.7,3.9,25,27,75,0.22,0.00,0.22,0.22,0.22,0.24,0.18,0.42,0.24,0.42,Matches
72,Emi Buendía,ar ARG,"MF,FW",Aston Villa,28-136,1996,12,0,98,1.1,0,0,0,0,0,0,1,0,0.7,0.7,0.0,0.7,3,7,6,0.00,0.00,0.00,0.00,0.00,0.60,0.02,0.62,0.60,0.62,Matches
73,Santiago Bueno,uy URU,DF,Wolves,26-182,1998,28,18,1683,18.7,0,0,0,0,0,0,2,0,0.4,0.4,0.0,0.4,1,28,1,0.00,0.00,0.00,0.00,0.00,0.02,0.00,0.02,0.02,0.02,Matches
74,Facundo Buonanotte,ar ARG,"FW,MF",Leicester City,20-138,2004,29,14,1474,16.4,4,2,6,4,0,0,7,0,3.8,3.8,3.1,6.8,38,52,69,0.24,0.12,0.37,0.24,0.37,0.23,0.19,0.42,0.23,0.42,Matches
75,Cameron Burgess,au AUS,DF,Ipswich Town,29-201,1995,17,15,1451,16.1,0,2,2,0,0,0,0,0,0.7,0.7,0.5,1.2,2,41,4,0.00,0.12,0.12,0.00,0.12,0.04,0.03,0.08,0.04,0.08,Matches
Rk,Player,Nation,Pos,Squad,Age,Born,MP,Starts,Min,90s,Gls,Ast,G+A,G-PK,PK,PKatt,CrdY,CrdR,xG,npxG,xAG,npxG+xAG,PrgC,PrgP,PrgR,Gls,Ast,G+A,G-PK,G+A-PK,xG,xAG,xG+xAG,npxG,npxG+xAG,Matches
76,Dan Burn,eng ENG,DF,Newcastle Utd,33-001,1992,34,34,3060,34.0,1,0,1,1,0,0,10,0,1.7,1.7,0.9,2.6,9,59,10,0.03,0.00,0.03,0.03,0.03,0.05,0.03,0.08,0.05,0.08,Matches
77,Wes Burns,wls WAL,"FW,DF",Ipswich Town,30-168,1994,18,12,926,10.3,0,1,1,0,0,0,1,0,0.5,0.5,1.6,2.2,38,8,65,0.00,0.10,0.10,0.00,0.10,0.05,0.16,0.21,0.05,0.21,Matches
78,Nathan Butler-Oyedeji,eng ENG,FW,Arsenal,22-126,2003,1,0,7,0.1,0,0,0,0,0,0,0,0,0.1,0.1,0.0,0.1,0,0,0,0.00,0.00,0.00,0.00,0.00,0.94,0.00,0.94,0.94,0.94,Matches
79,Moisés Caicedo,ec ECU,"MF,DF",Chelsea,23-189,2001,35,35,3081,34.2,1,2,3,1,0,0,10,0,0.8,0.8,3.0,3.7,38,197,33,0.03,0.06,0.09,0.03,0.09,0.02,0.09,0.11,0.02,0.11,Matches
80,Tom Cairney,sct SCO,MF,Fulham,34-110,1991,22,2,494,5.5,1,0,1,1,0,0,3,1,0.2,0.2,1.0,1.2,14,47,29,0.18,0.00,0.18,0.18,0.18,0.04,0.17,0.21,0.04,0.21,Matches
81,Jens Cajuste,se SWE,MF,Ipswich Town,25-273,1999,27,23,1783,19.8,1,0,1,1,0,0,2,0,0.5,0.5,0.6,1.1,23,46,16,0.05,0.00,0.05,0.05,0.05,0.02,0.03,0.06,0.02,0.06,Matches
82,Riccardo Calafiori,it ITA,DF,Arsenal,22-356,2002,17,11,925,10.3,2,1,3,2,0,0,4,0,0.9,0.9,0.3,1.1,21,54,29,0.19,0.10,0.29,0.19,0.29,0.08,0.03,0.11,0.08,0.11,Matches
83,Dominic Calvert-Lewin,eng ENG,FW,Everton,28-055,1997,23,19,1588,17.6,3,1,4,3,0,0,2,0,6.2,6.2,0.6,6.8,22,19,107,0.17,0.06,0.23,0.17,0.23,0.35,0.04,0.38,0.35,0.38,Matches
84,Diego Carlos,br BRA,DF,Aston Villa,32-056,1993,10,8,830,9.2,0,0,0,0,0,0,1,0,0.6,0.6,0.0,0.6,3,34,0,0.00,0.00,0.00,0.00,0.00,0.07,0.00,0.07,0.07,0.07,Matches
85,Fabio Carvalho,pt POR,"FW,MF",Brentford,22-253,2002,19,3,455,5.1,2,1,3,2,0,0,1,0,2.5,2.5,0.7,3.2,9,17,23,0.40,0.20,0.59,0.40,0.59,0.49,0.13,0.62,0.49,0.62,Matches
86,Casemiro,br BRA,MF,Manchester Utd,33-076,1992,22,16,1335,14.8,1,0,1,1,0,0,3,0,1.7,1.7,2.3,3.9,4,70,26,0.07,0.00,0.07,0.07,0.07,0.11,0.15,0.27,0.11,0.27,Matches
87,Kaelan Casey,eng ENG,DF,West Ham,20-194,2004,1,0,1,0.0,0,0,0,0,0,0,0,0,0.0,0.0,0.0,0.0,0,0,0,0.00,0.00,0.00,0.00,0.00,0.00,0.00,0.00,0.00,0.00,Matches
88,Matty Cash,pl POL,DF,Aston Villa,27-276,1997,24,21,1800,20.0,1,1,2,1,0,0,6,0,0.3,0.3,1.1,1.4,46,39,75,0.05,0.05,0.10,0.05,0.10,0.02,0.05,0.07,0.02,0.07,Matches
89,Eiran Cashin,ie IRL,DF,Brighton,23-182,2001,2,0,20,0.2,0,0,0,0,0,0,0,0,0.0,0.0,0.0,0.0,0,6,1,0.00,0.00,0.00,0.00,0.00,0.00,0.00,0.00,0.00,0.00,Matches
90,Timothy Castagne,be BEL,DF,Fulham,29-156,1995,24,17,1649,18.3,0,1,1,0,0,0,1,0,0.4,0.4,1.2,1.6,17,62,67,0.00,0.05,0.05,0.00,0.05,0.02,0.07,0.09,0.02,0.09,Matches
91,Trevoh Chalobah,eng ENG,DF,Crystal Palace,25-309,1999,12,12,1060,11.8,3,0,3,3,0,0,1,0,1.2,1.2,0.4,1.6,11,34,6,0.25,0.00,0.25,0.25,0.25,0.10,0.03,0.14,0.10,0.14,Matches
92,Trevoh Chalobah,eng ENG,DF,Chelsea,25-309,1999,12,10,836,9.3,0,1,1,0,0,0,2,0,0.7,0.7,1.2,1.9,4,37,2,0.00,0.11,0.11,0.00,0.11,0.08,0.13,0.21,0.08,0.21,Matches
93,Conor Chaplin,eng ENG,"MF,FW",Ipswich Town,28-083,1997,19,8,712,7.9,1,1,2,1,0,0,2,0,1.2,1.2,0.7,1.9,11,26,20,0.13,0.13,0.25,0.13,0.25,0.15,0.09,0.24,0.15,0.24,Matches
94,Youssef Chermiti,pt POR,"FW,MF",Everton,20-351,2004,4,0,45,0.5,0,0,0,0,0,0,1,0,0.1,0.1,0.0,0.1,0,1,6,0.00,0.00,0.00,0.00,0.00,0.22,0.00,0.22,0.22,0.22,Matches
95,Federico Chiesa,it ITA,FW,Liverpool,27-197,1997,5,0,46,0.5,0,0,0,0,0,0,0,0,0.2,0.2,0.0,0.2,3,2,7,0.00,0.00,0.00,0.00,0.00,0.49,0.00,0.49,0.49,0.49,Matches
96,Ben Chilwell,eng ENG,DF,Crystal Palace,28-140,1996,6,0,139,1.5,0,0,0,0,0,0,1,0,0.1,0.1,0.2,0.3,2,3,10,0.00,0.00,0.00,0.00,0.00,0.05,0.13,0.18,0.05,0.18,Matches
97,Chiquinho,pt POR,MF,Wolves,25-094,2000,1,0,7,0.1,0,0,0,0,0,0,0,0,0.0,0.0,0.0,0.0,0,0,0,0.00,0.00,0.00,0.00,0.00,0.00,0.42,0.42,0.00,0.42,Matches
98,Hamza Choudhury,bd BAN,"MF,DF",Leicester City,27-221,1997,4,1,131,1.5,0,0,0,0,0,0,0,0,0.0,0.0,0.4,0.4,4,3,6,0.00,0.00,0.00,0.00,0.00,0.00,0.27,0.27,0.00,0.27,Matches
99,Ryan Christie,sct SCO,MF,Bournemouth,30-077,1995,29,27,2117,23.5,2,3,5,2,0,0,9,0,1.8,1.8,3.5,5.4,34,137,44,0.09,0.13,0.21,0.09,0.21,0.08,0.15,0.23,0.08,0.23,Matches
100,Harry Clarke,eng ENG,DF,Ipswich Town,24-069,2001,7,4,379,4.2,0,0,0,0,0,0,3,1,0.1,0.1,0.0,0.1,5,14,2,0.00,0.00,0.00,0.00,0.00,0.02,0.01,0.03,0.02,0.03,Matches
Rk,Player,Nation,Pos,Squad,Age,Born,MP,Starts,Min,90s,Gls,Ast,G+A,G-PK,PK,PKatt,CrdY,CrdR,xG,npxG,xAG,npxG+xAG,PrgC,PrgP,PrgR,Gls,Ast,G+A,G-PK,G+A-PK,xG,xAG,xG+xAG,npxG,npxG+xAG,Matches
101,Jack Clarke,eng ENG,"FW,MF",Ipswich Town,24-168,2000,29,11,1056,11.7,0,4,4,0,0,0,2,0,1.0,1.0,2.0,2.9,32,35,47,0.00,0.34,0.34,0.00,0.34,0.08,0.17,0.25,0.08,0.25,Matches
102,Nathaniel Clyne,eng ENG,"DF,MF",Crystal Palace,34-035,1991,13,5,483,5.4,0,0,0,0,0,0,1,0,0.0,0.0,0.3,0.3,6,7,8,0.00,0.00,0.00,0.00,0.00,0.00,0.06,0.06,0.00,0.06,Matches
103,Conor Coady,eng ENG,DF,Leicester City,32-074,1993,19,16,1444,16.0,0,0,0,0,0,0,2,0,0.1,0.1,0.1,0.2,3,30,0,0.00,0.00,0.00,0.00,0.00,0.01,0.00,0.01,0.01,0.01,Matches
104,Séamus Coleman,ie IRL,DF,Everton,36-211,1988,3,2,197,2.2,0,0,0,0,0,0,1,0,0.6,0.6,0.0,0.6,1,8,2,0.00,0.00,0.00,0.00,0.00,0.26,0.00,0.26,0.26,0.26,Matches
105,Nathan Collins,ie IRL,DF,Brentford,24-010,2001,35,35,3150,35.0,2,3,5,2,0,0,5,0,2.5,2.5,1.8,4.3,28,117,18,0.06,0.09,0.14,0.06,0.14,0.07,0.05,0.12,0.07,0.12,Matches
106,Toby Collyer,eng ENG,MF,Manchester Utd,21-127,2004,6,0,179,2.0,0,0,0,0,0,0,0,0,0.2,0.2,0.3,0.4,0,5,2,0.00,0.00,0.00,0.00,0.00,0.09,0.13,0.22,0.09,0.22,Matches
107,Levi Colwill,eng ENG,DF,Chelsea,22-073,2003,32,32,2879,32.0,1,1,2,1,0,0,8,0,1.3,1.3,1.1,2.5,13,125,11,0.03,0.03,0.06,0.03,0.06,0.04,0.04,0.08,0.04,0.08,Matches
108,Lewis Cook,eng ENG,"MF,DF",Bournemouth,28-096,1997,34,30,2816,31.3,1,3,4,1,0,0,8,0,0.9,0.9,4.1,5.1,33,153,49,0.03,0.10,0.13,0.03,0.13,0.03,0.13,0.16,0.03,0.16,Matches
109,Maxwel Cornet,ci CIV,FW,Southampton,28-225,1996,2,1,72,0.8,0,0,0,0,0,0,1,0,0.2,0.2,0.0,0.2,1,0,5,0.00,0.00,0.00,0.00,0.00,0.20,0.00,0.20,0.20,0.20,Matches
110,Vladimír Coufal,cz CZE,DF,West Ham,32-261,1992,19,9,876,9.7,0,0,0,0,0,0,4,0,0.2,0.2,0.6,0.8,15,33,25,0.00,0.00,0.00,0.00,0.00,0.02,0.06,0.08,0.02,0.08,Matches
111,Woyo Coulibaly,fr FRA,DF,Leicester City,25-355,1999,4,1,109,1.2,0,0,0,0,0,0,1,0,0.0,0.0,0.0,0.0,4,3,2,0.00,0.00,0.00,0.00,0.00,0.04,0.00,0.04,0.04,0.04,Matches
112,Aaron Cresswell,eng ENG,DF,West Ham,35-146,1989,15,8,676,7.5,0,0,0,0,0,0,2,0,0.1,0.1,1.1,1.3,4,28,2,0.00,0.00,0.00,0.00,0.00,0.01,0.15,0.17,0.01,0.17,Matches
113,Marc Cucurella,es ESP,DF,Chelsea,26-292,1998,33,30,2718,30.2,4,1,5,4,0,0,10,1,2.6,2.6,2.1,4.7,31,107,108,0.13,0.03,0.17,0.13,0.17,0.09,0.07,0.16,0.09,0.16,Matches
114,Jorge Cuenca,es ESP,DF,Fulham,25-174,1999,6,3,259,2.9,0,0,0,0,0,0,0,0,0.0,0.0,0.0,0.0,0,9,0,0.00,0.00,0.00,0.00,0.00,0.01,0.00,0.01,0.01,0.01,Matches
115,Matheus Cunha,br BRA,"MF,FW",Wolves,25-348,1999,30,27,2425,26.9,15,6,21,15,0,0,3,0,7.9,7.9,7.3,15.2,104,131,147,0.56,0.22,0.78,0.56,0.78,0.29,0.27,0.57,0.29,0.57,Matches
116,Patson Daka,zm ZAM,"FW,MF",Leicester City,26-213,1998,21,5,653,7.3,1,0,1,1,0,0,0,0,1.3,1.3,0.1,1.3,10,8,34,0.14,0.00,0.14,0.14,0.14,0.17,0.01,0.18,0.17,0.18,Matches
117,Diogo Dalot,pt POR,DF,Manchester Utd,26-053,1999,32,31,2788,31.0,0,3,3,0,0,0,5,0,2.0,2.0,2.0,4.0,62,102,164,0.00,0.10,0.10,0.00,0.10,0.06,0.07,0.13,0.06,0.13,Matches
118,Mikkel Damsgaard,dk DEN,"MF,FW",Brentford,24-311,2000,35,31,2658,29.5,2,10,12,2,0,0,2,0,2.6,2.6,7.8,10.4,64,213,121,0.07,0.34,0.41,0.07,0.41,0.09,0.26,0.35,0.09,0.35,Matches
119,Danilo,br BRA,"MF,FW",Nott'ham Forest,24-011,2001,7,5,267,3.0,0,0,0,0,0,0,0,0,0.0,0.0,0.0,0.0,2,11,1,0.00,0.00,0.00,0.00,0.00,0.00,0.00,0.00,0.00,0.00,Matches
120,Jayden Danns,eng ENG,MF,Liverpool,19-114,2006,1,0,11,0.1,0,0,0,0,0,0,0,0,0.0,0.0,0.0,0.0,0,0,0,0.00,0.00,0.00,0.00,0.00,0.00,0.00,0.00,0.00,0.00,Matches
121,Kevin Danso,at AUT,DF,Tottenham,26-233,1998,7,6,572,6.4,0,0,0,0,0,0,0,0,0.4,0.4,0.1,0.5,11,17,1,0.00,0.00,0.00,0.00,0.00,0.06,0.01,0.07,0.06,0.07,Matches
122,Ben Davies,wls WAL,DF,Tottenham,32-016,1993,14,12,1126,12.5,0,0,0,0,0,0,4,0,0.3,0.3,0.2,0.5,14,50,6,0.00,0.00,0.00,0.00,0.00,0.02,0.02,0.04,0.02,0.04,Matches
123,Leif Davis,eng ENG,DF,Ipswich Town,25-118,2000,31,30,2563,28.5,1,2,3,1,0,0,5,1,0.9,0.9,4.3,5.2,48,55,117,0.04,0.07,0.11,0.04,0.11,0.03,0.15,0.18,0.03,0.18,Matches
124,Craig Dawson,eng ENG,DF,Wolves,35-004,1990,15,10,971,10.8,0,0,0,0,0,0,2,0,0.5,0.5,0.0,0.5,6,20,5,0.00,0.00,0.00,0.00,0.00,0.05,0.00,0.05,0.05,0.05,Matches
125,Kevin De Bruyne,be BEL,"MF,FW",Manchester City,33-316,1991,25,17,1538,17.1,4,7,11,4,0,0,2,0,3.8,3.8,7.6,11.4,47,135,137,0.23,0.41,0.64,0.23,0.64,0.22,0.44,0.67,0.22,0.67,Matches
Rk,Player,Nation,Pos,Squad,Age,Born,MP,Starts,Min,90s,Gls,Ast,G+A,G-PK,PK,PKatt,CrdY,CrdR,xG,npxG,xAG,npxG+xAG,PrgC,PrgP,PrgR,Gls,Ast,G+A,G-PK,G+A-PK,xG,xAG,xG+xAG,npxG,npxG+xAG,Matches
126,Bobby De Cordova-Reid,jm JAM,FW,Leicester City,32-097,1993,23,9,744,8.3,1,2,3,1,0,0,2,0,0.8,0.8,1.2,2.0,14,15,48,0.12,0.24,0.36,0.12,0.36,0.10,0.15,0.24,0.10,0.24,Matches
127,Liam Delap,eng ENG,FW,Ipswich Town,22-091,2003,34,31,2491,27.7,12,2,14,10,2,2,10,0,9.3,7.7,1.9,9.6,60,30,105,0.43,0.07,0.51,0.36,0.43,0.34,0.07,0.40,0.28,0.35,Matches
128,Sepp van den Berg,nl NED,DF,Brentford,23-141,2001,28,26,2316,25.7,0,0,0,0,0,0,2,0,1.7,1.7,0.5,2.2,10,72,27,0.00,0.00,0.00,0.00,0.00,0.07,0.02,0.09,0.07,0.09,Matches
129,Justin Devenny,nir NIR,MF,Crystal Palace,21-211,2003,20,4,429,4.8,1,0,1,1,0,0,1,0,0.7,0.7,0.4,1.1,4,16,12,0.21,0.00,0.21,0.21,0.21,0.14,0.09,0.22,0.14,0.22,Matches
130,Kiernan Dewsbury-Hall,eng ENG,"MF,FW",Chelsea,26-246,1998,12,2,259,2.9,0,1,1,0,0,0,0,0,0.2,0.2,1.1,1.3,5,14,11,0.00,0.35,0.35,0.00,0.35,0.08,0.37,0.45,0.08,0.45,Matches
131,Amad Diallo,ci CIV,"FW,MF",Manchester Utd,22-303,2002,23,17,1639,18.2,7,6,13,7,0,0,3,0,4.2,4.2,4.0,8.2,93,55,163,0.38,0.33,0.71,0.38,0.71,0.23,0.22,0.45,0.23,0.45,Matches
132,Rúben Dias,pt POR,DF,Manchester City,27-361,1997,24,22,2001,22.2,0,0,0,0,0,0,4,0,1.4,1.4,0.3,1.7,35,122,6,0.00,0.00,0.00,0.00,0.00,0.06,0.01,0.07,0.06,0.07,Matches
133,Luis Díaz,co COL,FW,Liverpool,28-117,1997,33,26,2225,24.7,12,5,17,12,0,0,2,0,10.0,10.0,4.9,14.9,103,103,269,0.49,0.20,0.69,0.49,0.69,0.40,0.20,0.60,0.40,0.60,Matches
134,Tyler Dibling,eng ENG,"FW,MF",Southampton,19-059,2006,31,18,1742,19.4,2,0,2,2,0,0,6,0,2.5,2.5,1.5,4.1,68,61,93,0.10,0.00,0.10,0.10,0.10,0.13,0.08,0.21,0.13,0.21,Matches
135,Lucas Digne,fr FRA,DF,Aston Villa,31-294,1993,31,27,2261,25.1,0,4,4,0,0,0,4,0,0.8,0.8,4.4,5.1,23,55,140,0.00,0.16,0.16,0.00,0.16,0.03,0.17,0.20,0.03,0.20,Matches
136,Issa Diop,fr FRA,DF,Fulham,28-121,1997,21,15,1339,14.9,0,0,0,0,0,0,2,0,0.5,0.5,0.1,0.6,6,25,3,0.00,0.00,0.00,0.00,0.00,0.04,0.01,0.04,0.04,0.04,Matches
137,Axel Disasi,fr FRA,DF,Aston Villa,27-060,1998,7,5,490,5.4,0,0,0,0,0,0,2,0,0.1,0.1,0.4,0.5,10,16,5,0.00,0.00,0.00,0.00,0.00,0.02,0.07,0.09,0.02,0.09,Matches
138,Axel Disasi,fr FRA,DF,Chelsea,27-060,1998,6,4,364,4.0,1,0,1,1,0,0,1,0,0.3,0.3,0.1,0.4,6,16,2,0.25,0.00,0.25,0.25,0.25,0.07,0.02,0.09,0.07,0.09,Matches
139,Roman Dixon,eng ENG,DF,Everton,20-135,2004,1,1,90,1.0,0,0,0,0,0,0,0,0,0.0,0.0,0.0,0.0,0,0,1,0.00,0.00,0.00,0.00,0.00,0.00,0.00,0.00,0.00,0.00,Matches
140,Nasser Djiga,bf BFA,"DF,FW",Wolves,22-176,2002,4,0,21,0.2,0,0,0,0,0,0,0,0,0.0,0.0,0.0,0.0,0,0,1,0.00,0.00,0.00,0.00,0.00,0.00,0.00,0.00,0.00,0.00,Matches
141,Matt Doherty,ie IRL,DF,Wolves,33-114,1992,28,23,1965,21.8,2,1,3,2,0,0,6,0,1.0,1.0,1.5,2.5,29,76,40,0.09,0.05,0.14,0.09,0.14,0.05,0.07,0.12,0.05,0.12,Matches
142,Jeremy Doku,be BEL,"FW,MF",Manchester City,22-348,2002,26,15,1397,15.5,3,6,9,3,0,0,1,0,1.0,1.0,4.4,5.4,189,66,259,0.19,0.39,0.58,0.19,0.58,0.07,0.28,0.35,0.07,0.35,Matches
143,Nicolás Domínguez,ar ARG,"MF,FW",Nott'ham Forest,26-316,1998,31,20,1734,19.3,0,1,1,0,0,0,9,0,1.4,1.4,1.3,2.7,13,68,27,0.00,0.05,0.05,0.00,0.05,0.07,0.07,0.14,0.07,0.14,Matches
144,Patrick Dorgu,dk DEN,DF,Manchester Utd,20-196,2004,9,8,630,7.0,0,0,0,0,0,0,3,1,0.4,0.4,0.4,0.8,27,23,54,0.00,0.00,0.00,0.00,0.00,0.05,0.06,0.12,0.05,0.12,Matches
145,Alfie Dorrington,eng ENG,DF,Tottenham,20-020,2005,1,0,14,0.2,0,0,0,0,0,0,0,0,0.0,0.0,0.0,0.0,0,0,0,0.00,0.00,0.00,0.00,0.00,0.00,0.00,0.00,0.00,0.00,Matches
146,Abdoulaye Doucouré,ml MLI,MF,Everton,32-129,1993,30,29,2425,26.9,3,1,4,3,0,0,5,1,3.9,3.9,2.3,6.2,40,78,91,0.11,0.04,0.15,0.11,0.15,0.14,0.09,0.23,0.14,0.23,Matches
147,Cheick Doucouré,ml MLI,MF,Crystal Palace,25-122,2000,13,4,452,5.0,0,0,0,0,0,0,1,0,0.4,0.4,0.0,0.4,2,19,7,0.00,0.00,0.00,0.00,0.00,0.08,0.00,0.08,0.08,0.08,Matches
148,Flynn Downes,eng ENG,MF,Southampton,26-110,1999,24,22,1881,20.9,1,0,1,1,0,0,10,0,0.6,0.6,1.1,1.7,25,63,28,0.05,0.00,0.05,0.05,0.05,0.03,0.05,0.08,0.03,0.08,Matches
149,Tommy Doyle,eng ENG,MF,Wolves,23-205,2001,24,3,488,5.4,0,1,1,0,0,0,1,0,0.6,0.6,0.5,1.1,6,40,4,0.00,0.18,0.18,0.00,0.18,0.10,0.09,0.20,0.10,0.20,Matches
150,Radu Drăgușin,ro ROU,DF,Tottenham,23-096,2002,16,14,1252,13.9,0,0,0,0,0,0,1,0,0.1,0.1,0.4,0.5,7,37,2,0.00,0.00,0.00,0.00,0.00,0.01,0.03,0.04,0.01,0.04,Matches
Rk,Player,Nation,Pos,Squad,Age,Born,MP,Starts,Min,90s,Gls,Ast,G+A,G-PK,PK,PKatt,CrdY,CrdR,xG,npxG,xAG,npxG+xAG,PrgC,PrgP,PrgR,Gls,Ast,G+A,G-PK,G+A-PK,xG,xAG,xG+xAG,npxG,npxG+xAG,Matches
151,Martin Dúbravka,sk SVK,GK,Newcastle Utd,36-115,1989,10,10,900,10.0,0,0,0,0,0,0,0,0,0.0,0.0,0.0,0.0,0,0,0,0.00,0.00,0.00,0.00,0.00,0.00,0.00,0.00,0.00,0.00,Matches
152,Lewis Dunk,eng ENG,DF,Brighton,33-170,1991,25,23,2083,23.1,0,0,0,0,0,0,5,0,0.8,0.8,0.5,1.3,20,142,3,0.00,0.00,0.00,0.00,0.00,0.03,0.02,0.06,0.03,0.06,Matches
153,Jáder Durán,co COL,FW,Aston Villa,21-148,2003,20,4,638,7.1,7,0,7,7,0,0,3,1,4.9,4.9,0.2,5.1,7,13,44,0.99,0.00,0.99,0.99,0.99,0.69,0.03,0.71,0.69,0.71,Matches
154,Ederson,br BRA,GK,Manchester City,31-266,1993,23,23,2050,22.8,0,4,4,0,0,0,3,0,0.0,0.0,1.5,1.5,0,1,0,0.00,0.18,0.18,0.00,0.18,0.00,0.07,0.07,0.00,0.07,Matches
155,George Edmundson,eng ENG,DF,Ipswich Town,27-252,1997,1,0,2,0.0,0,0,0,0,0,0,0,0,0.0,0.0,0.0,0.0,0,0,0,0.00,0.00,0.00,0.00,0.00,0.00,0.00,0.00,0.00,0.00,Matches
156,Odsonne Édouard,fr FRA,"MF,FW",Crystal Palace,27-114,1998,2,1,115,1.3,0,0,0,0,0,0,0,0,0.4,0.4,0.0,0.4,2,4,7,0.00,0.00,0.00,0.00,0.00,0.31,0.04,0.34,0.31,0.34,Matches
157,Odsonne Édouard,fr FRA,FW,Leicester City,27-114,1998,4,0,29,0.3,0,0,0,0,0,0,0,0,0.0,0.0,0.0,0.0,0,1,2,0.00,0.00,0.00,0.00,0.00,0.00,0.13,0.13,0.00,0.13,Matches
158,Samuel Edozie,eng ENG,"DF,FW",Southampton,22-102,2003,2,0,65,0.7,0,0,0,0,0,0,1,0,0.0,0.0,0.1,0.1,6,4,23,0.00,0.00,0.00,0.00,0.00,0.00,0.14,0.14,0.00,0.14,Matches
159,Ronnie Edwards,eng ENG,DF,Southampton,22-043,2003,1,0,12,0.1,0,0,0,0,0,0,0,0,0.0,0.0,0.0,0.0,0,0,0,0.00,0.00,0.00,0.00,0.00,0.00,0.00,0.00,0.00,0.00,Matches
160,Anthony Elanga,se SWE,"FW,MF",Nott'ham Forest,23-013,2002,35,28,2232,24.8,6,9,15,6,0,0,1,0,4.2,4.2,4.8,9.0,87,54,190,0.24,0.36,0.60,0.24,0.60,0.17,0.19,0.36,0.17,0.36,Matches
161,Harvey Elliott,eng ENG,"MF,FW",Liverpool,22-036,2003,15,1,267,3.0,0,1,1,0,0,0,1,0,0.8,0.8,0.9,1.7,8,29,25,0.00,0.34,0.34,0.00,0.34,0.28,0.29,0.57,0.28,0.57,Matches
162,Yunus Emre Konak,tr TUR,"FW,MF",Brentford,19-120,2006,9,0,41,0.5,0,0,0,0,0,0,0,0,0.2,0.2,0.0,0.2,1,2,2,0.00,0.00,0.00,0.00,0.00,0.34,0.00,0.34,0.34,0.34,Matches
163,Julio Enciso,py PAR,"FW,MF",Ipswich Town,21-107,2004,11,10,709,7.9,2,3,5,2,0,0,3,0,1.5,1.5,1.2,2.7,16,22,33,0.25,0.38,0.63,0.25,0.63,0.19,0.16,0.35,0.19,0.35,Matches
164,Julio Enciso,py PAR,"MF,FW",Brighton,21-107,2004,12,2,294,3.3,0,0,0,0,0,0,0,0,1.0,1.0,0.2,1.2,11,14,17,0.00,0.00,0.00,0.00,0.00,0.31,0.07,0.38,0.31,0.38,Matches
165,Wataru Endo,jp JPN,MF,Liverpool,32-090,1993,18,1,237,2.6,0,0,0,0,0,0,0,0,0.0,0.0,0.1,0.1,0,14,5,0.00,0.00,0.00,0.00,0.00,0.00,0.02,0.02,0.00,0.02,Matches
166,Christian Eriksen,dk DEN,MF,Manchester Utd,33-085,1992,21,11,1028,11.4,0,2,2,0,0,0,4,0,0.4,0.4,2.9,3.2,12,53,29,0.00,0.18,0.18,0.00,0.18,0.03,0.25,0.28,0.03,0.28,Matches
167,Romain Esse,eng ENG,MF,Crystal Palace,19-362,2005,4,0,34,0.4,1,0,1,1,0,0,0,0,0.3,0.3,0.1,0.5,0,1,6,2.65,0.00,2.65,2.65,2.65,0.83,0.35,1.17,0.83,1.17,Matches
168,Pervis Estupiñán,ec ECU,DF,Brighton,27-109,1998,28,24,2222,24.7,1,1,2,1,0,0,5,0,1.1,1.1,2.1,3.1,55,116,107,0.04,0.04,0.08,0.04,0.08,0.04,0.08,0.13,0.04,0.13,Matches
169,Evanilson,br BRA,FW,Bournemouth,25-216,1999,28,25,2058,22.9,10,1,11,10,0,1,1,1,11.6,10.8,1.6,12.5,28,24,88,0.44,0.04,0.48,0.44,0.48,0.51,0.07,0.58,0.47,0.55,Matches
170,Jake Evans,,FW,Leicester City,,,2,0,8,0.1,0,0,0,0,0,0,0,0,0.0,0.0,0.0,0.0,0,0,1,0.00,0.00,0.00,0.00,0.00,0.00,0.00,0.00,0.00,0.00,Matches
171,Jonny Evans,nir NIR,DF,Manchester Utd,37-127,1988,6,3,290,3.2,0,0,0,0,0,0,1,0,0.1,0.1,0.0,0.1,1,8,2,0.00,0.00,0.00,0.00,0.00,0.03,0.00,0.03,0.03,0.03,Matches
172,Eberechi Eze,eng ENG,"MF,FW",Crystal Palace,26-315,1998,31,29,2427,27.0,5,8,13,4,1,2,1,0,9.1,7.5,5.2,12.7,67,89,143,0.19,0.30,0.48,0.15,0.44,0.34,0.19,0.53,0.28,0.47,Matches
173,Łukasz Fabiański,pl POL,GK,West Ham,40-022,1985,13,12,1070,11.9,0,0,0,0,0,0,2,0,0.0,0.0,0.0,0.0,0,0,0,0.00,0.00,0.00,0.00,0.00,0.00,0.00,0.00,0.00,0.00,Matches
174,Wout Faes,be BEL,DF,Leicester City,27-037,1998,31,27,2545,28.3,1,0,1,1,0,0,4,0,1.4,1.4,0.1,1.5,12,80,1,0.04,0.00,0.04,0.04,0.04,0.05,0.00,0.05,0.05,0.05,Matches
175,Abdul Fatawu Issahaku,gh GHA,FW,Leicester City,21-063,2004,11,6,579,6.4,0,2,2,0,0,0,0,0,0.4,0.4,1.6,2.0,42,17,60,0.00,0.31,0.31,0.00,0.31,0.06,0.24,0.31,0.06,0.31,Matches
Rk,Player,Nation,Pos,Squad,Age,Born,MP,Starts,Min,90s,Gls,Ast,G+A,G-PK,PK,PKatt,CrdY,CrdR,xG,npxG,xAG,npxG+xAG,PrgC,PrgP,PrgR,Gls,Ast,G+A,G-PK,G+A-PK,xG,xAG,xG+xAG,npxG,npxG+xAG,Matches
176,João Félix,pt POR,"FW,MF",Chelsea,25-181,1999,12,3,369,4.1,1,1,2,1,0,0,2,0,2.2,2.2,1.0,3.2,21,26,30,0.24,0.24,0.49,0.24,0.49,0.54,0.23,0.78,0.54,0.78,Matches
177,Evan Ferguson,ie IRL,FW,West Ham,20-203,2004,8,1,156,1.7,0,0,0,0,0,0,0,0,0.6,0.6,0.3,0.9,1,1,7,0.00,0.00,0.00,0.00,0.00,0.32,0.17,0.50,0.32,0.50,Matches
178,Evan Ferguson,ie IRL,FW,Brighton,20-203,2004,13,2,246,2.7,1,0,1,1,0,0,0,0,0.5,0.5,0.4,1.0,2,1,9,0.37,0.00,0.37,0.37,0.37,0.20,0.15,0.35,0.20,0.35,Matches
179,Bruno Fernandes,pt POR,MF,Manchester Utd,30-244,1994,33,32,2758,30.6,8,9,17,5,3,3,4,2,9.5,7.1,7.6,14.7,65,281,118,0.26,0.29,0.55,0.16,0.46,0.31,0.25,0.56,0.23,0.48,Matches
180,Mateus Fernandes,pt POR,MF,Southampton,20-304,2004,33,31,2640,29.3,2,3,5,2,0,0,8,0,3.8,3.8,2.6,6.4,73,131,102,0.07,0.10,0.17,0.07,0.17,0.13,0.09,0.22,0.13,0.22,Matches
181,Enzo Fernández,ar ARG,MF,Chelsea,24-113,2001,33,29,2677,29.7,6,7,13,6,0,0,7,0,6.0,6.0,6.5,12.5,57,199,116,0.20,0.24,0.44,0.20,0.44,0.20,0.22,0.42,0.20,0.42,Matches
182,Mark Flekken,nl NED,GK,Brentford,31-331,1993,34,34,3005,33.4,0,2,2,0,0,0,1,0,0.0,0.0,0.5,0.5,0,0,0,0.00,0.06,0.06,0.00,0.06,0.00,0.02,0.02,0.00,0.02,Matches
183,Phil Foden,eng ENG,"MF,FW",Manchester City,24-347,2000,26,19,1693,18.8,7,2,9,7,0,0,2,0,5.1,5.1,4.7,9.8,47,95,119,0.37,0.11,0.48,0.37,0.48,0.27,0.25,0.52,0.27,0.52,Matches
184,Wesley Fofana,fr FRA,DF,Chelsea,24-144,2000,14,14,1172,13.0,0,0,0,0,0,0,7,0,0.4,0.4,0.4,0.8,19,32,4,0.00,0.00,0.00,0.00,0.00,0.03,0.03,0.07,0.03,0.06,Matches
185,Carlos Forbs,pt POR,"MF,FW",Wolves,21-052,2004,10,1,239,2.7,0,0,0,0,0,0,2,0,0.1,0.1,0.0,0.2,10,8,28,0.00,0.00,0.00,0.00,0.00,0.05,0.01,0.07,0.05,0.07,Matches
186,Fraser Forster,eng ENG,GK,Tottenham,37-054,1988,7,7,630,7.0,0,0,0,0,0,0,0,0,0.0,0.0,0.0,0.0,0,0,0,0.00,0.00,0.00,0.00,0.00,0.00,0.00,0.00,0.00,0.00,Matches
187,Matheus França,br BRA,"FW,MF",Crystal Palace,21-039,2004,2,0,26,0.3,1,0,1,1,0,0,0,0,0.1,0.1,0.0,0.1,1,2,2,3.46,0.00,3.46,3.46,3.46,0.43,0.00,0.43,0.43,0.43,Matches
188,Ryan Fraser,sct SCO,"FW,DF",Southampton,31-075,1994,8,4,306,3.4,0,0,0,0,0,0,0,1,0.0,0.0,0.1,0.1,10,8,18,0.00,0.00,0.00,0.00,0.00,0.01,0.03,0.04,0.01,0.04,Matches
189,Tyler Fredricson,eng ENG,DF,Manchester Utd,20-076,2005,2,2,165,1.8,0,0,0,0,0,0,0,0,0.0,0.0,0.0,0.0,2,8,0,0.00,0.00,0.00,0.00,0.00,0.00,0.00,0.00,0.00,0.00,Matches
190,Niclas Füllkrug,de GER,FW,West Ham,32-090,1993,15,5,668,7.4,3,2,5,3,0,0,2,0,2.0,2.0,1.9,3.9,6,11,25,0.40,0.27,0.67,0.40,0.67,0.27,0.25,0.52,0.27,0.52,Matches
191,Cody Gakpo,nl NED,FW,Liverpool,26-003,1999,32,20,1717,19.1,9,3,12,9,0,0,5,0,6.5,6.5,3.5,10.0,51,52,253,0.47,0.16,0.63,0.47,0.63,0.34,0.18,0.52,0.34,0.52,Matches
192,Idrissa Gana Gueye,sn SEN,MF,Everton,35-226,1989,34,32,2794,31.0,0,3,3,0,0,0,8,0,1.1,1.1,1.7,2.8,26,134,24,0.00,0.10,0.10,0.00,0.10,0.03,0.05,0.09,0.03,0.09,Matches
193,Andrés García,es ESP,"DF,MF",Aston Villa,22-092,2003,7,5,318,3.5,0,0,0,0,0,0,0,0,0.0,0.0,0.2,0.2,26,15,28,0.00,0.00,0.00,0.00,0.00,0.01,0.05,0.06,0.01,0.06,Matches
194,Alejandro Garnacho,ar ARG,"MF,FW",Manchester Utd,20-313,2004,34,23,2146,23.8,6,2,8,6,0,0,3,0,7.2,7.2,4.5,11.7,139,56,281,0.25,0.08,0.34,0.25,0.34,0.30,0.19,0.49,0.30,0.49,Matches
195,James Garner,eng ENG,"MF,DF",Everton,24-058,2001,18,14,1324,14.7,0,1,1,0,0,0,3,0,0.3,0.3,1.3,1.6,12,46,22,0.00,0.07,0.07,0.00,0.07,0.02,0.09,0.11,0.02,0.11,Matches
196,Tyrique George,eng ENG,FW,Chelsea,19-095,2006,7,0,103,1.1,1,1,2,1,0,0,1,0,0.2,0.2,0.7,0.9,9,2,18,0.87,0.87,1.75,0.87,1.75,0.17,0.63,0.80,0.17,0.80,Matches
197,Morgan Gibbs-White,eng ENG,MF,Nott'ham Forest,25-103,2000,31,31,2541,28.2,5,7,12,5,0,0,11,1,4.7,4.7,4.5,9.3,64,153,118,0.18,0.25,0.43,0.18,0.43,0.17,0.16,0.33,0.17,0.33,Matches
198,Billy Gilmour,sct SCO,MF,Brighton,23-333,2001,2,1,98,1.1,0,0,0,0,0,0,0,0,0.1,0.1,0.0,0.1,2,11,2,0.00,0.00,0.00,0.00,0.00,0.07,0.00,0.07,0.07,0.07,Matches
199,Ben Godfrey,eng ENG,DF,Ipswich Town,27-115,1998,3,2,159,1.8,0,0,0,0,0,0,1,0,0.0,0.0,0.0,0.0,2,4,1,0.00,0.00,0.00,0.00,0.00,0.00,0.00,0.00,0.00,0.00,Matches
200,Martial Godo,eng ENG,FW,Fulham,22-057,2003,1,0,16,0.2,0,0,0,0,0,0,0,0,0.0,0.0,0.0,0.0,0,0,3,0.00,0.00,0.00,0.00,0.00,0.00,0.00,0.00,0.00,0.00,Matches
Rk,Player,Nation,Pos,Squad,Age,Born,MP,Starts,Min,90s,Gls,Ast,G+A,G-PK,PK,PKatt,CrdY,CrdR,xG,npxG,xAG,npxG+xAG,PrgC,PrgP,PrgR,Gls,Ast,G+A,G-PK,G+A-PK,xG,xAG,xG+xAG,npxG,npxG+xAG,Matches
201,Michael Golding,eng ENG,MF,Leicester City,18-352,2006,1,0,1,0.0,0,0,0,0,0,0,0,0,0.0,0.0,0.0,0.0,0,0,0,0.00,0.00,0.00,0.00,0.00,0.00,0.00,0.00,0.00,0.00,Matches
202,João Gomes,br BRA,MF,Wolves,24-087,2001,33,33,2781,30.9,3,1,4,3,0,0,10,1,2.7,2.7,1.2,3.9,53,148,68,0.10,0.03,0.13,0.10,0.13,0.09,0.04,0.13,0.09,0.13,Matches
203,Rodrigo Gomes,pt POR,"DF,FW",Wolves,21-307,2003,22,6,672,7.5,2,0,2,2,0,0,0,0,0.6,0.6,0.9,1.5,22,25,65,0.27,0.00,0.27,0.27,0.27,0.08,0.12,0.20,0.08,0.20,Matches
204,Toti Gomes,pt POR,DF,Wolves,26-114,1999,28,27,2344,26.0,0,1,1,0,0,0,6,0,0.7,0.7,0.9,1.7,21,67,15,0.00,0.04,0.04,0.00,0.04,0.03,0.04,0.06,0.03,0.06,Matches
205,Diego Gómez,py PAR,MF,Brighton,22-044,2003,13,4,441,4.9,0,0,0,0,0,0,0,0,0.7,0.7,0.5,1.2,5,20,14,0.00,0.00,0.00,0.00,0.00,0.15,0.10,0.25,0.15,0.25,Matches
206,Joe Gomez,eng ENG,DF,Liverpool,27-352,1997,9,6,519,5.8,0,0,0,0,0,0,1,0,0.3,0.3,0.1,0.4,5,35,2,0.00,0.00,0.00,0.00,0.00,0.06,0.02,0.08,0.06,0.08,Matches
207,Nicolás González,es ESP,MF,Manchester City,23-127,2002,9,8,648,7.2,0,0,0,0,0,0,3,0,0.3,0.3,0.1,0.3,5,46,10,0.00,0.00,0.00,0.00,0.00,0.04,0.01,0.05,0.04,0.05,Matches
208,Anthony Gordon,eng ENG,FW,Newcastle Utd,24-075,2001,31,25,2235,24.8,6,5,11,5,1,2,2,0,8.0,6.4,4.9,11.4,111,93,197,0.24,0.20,0.44,0.20,0.40,0.32,0.20,0.52,0.26,0.46,Matches
209,Ryan Gravenberch,nl NED,MF,Liverpool,22-359,2002,34,34,2921,32.5,0,4,4,0,0,0,5,0,1.0,1.0,2.9,3.9,65,168,54,0.00,0.12,0.12,0.00,0.12,0.03,0.09,0.12,0.03,0.12,Matches
210,Archie Gray,eng ENG,"DF,MF",Tottenham,19-059,2006,25,16,1481,16.5,0,0,0,0,0,0,0,0,0.0,0.0,0.1,0.1,6,34,15,0.00,0.00,0.00,0.00,0.00,0.00,0.01,0.01,0.00,0.01,Matches
211,Jack Grealish,eng ENG,"FW,MF",Manchester City,29-242,1995,19,7,720,8.0,1,1,2,1,0,0,3,0,1.1,1.1,1.8,3.0,69,52,118,0.12,0.12,0.25,0.12,0.25,0.14,0.23,0.37,0.14,0.37,Matches
212,Jacob Greaves,eng ENG,DF,Ipswich Town,24-240,2000,22,22,1935,21.5,1,0,1,1,0,0,5,0,1.2,1.2,0.0,1.3,7,53,8,0.05,0.00,0.05,0.05,0.05,0.06,0.00,0.06,0.06,0.06,Matches
213,Brajan Gruda,de GER,"FW,MF",Brighton,20-344,2004,18,6,508,5.6,0,3,3,0,0,0,0,0,0.4,0.4,1.5,1.9,16,17,47,0.00,0.53,0.53,0.00,0.53,0.07,0.27,0.34,0.07,0.34,Matches
214,Albert Grønbaek,dk DEN,"FW,MF",Southampton,23-352,2001,4,2,143,1.6,0,0,0,0,0,0,0,0,0.1,0.1,0.0,0.1,1,1,3,0.00,0.00,0.00,0.00,0.00,0.07,0.01,0.08,0.07,0.08,Matches
215,Gonçalo Guedes,pt POR,"MF,FW",Wolves,28-162,1996,26,7,783,8.7,2,4,6,2,0,0,1,0,2.2,2.2,1.1,3.3,32,31,60,0.23,0.46,0.69,0.23,0.69,0.26,0.13,0.38,0.26,0.38,Matches
216,Marc Guéhi,eng ENG,DF,Crystal Palace,24-301,2000,33,33,2969,33.0,3,2,5,3,0,0,9,1,2.0,2.0,1.5,3.5,22,128,10,0.09,0.06,0.15,0.09,0.15,0.06,0.05,0.11,0.06,0.11,Matches
217,Luis Guilherme,br BRA,"MF,FW",West Ham,19-090,2006,11,1,138,1.5,0,0,0,0,0,0,0,0,0.3,0.3,0.1,0.4,3,3,13,0.00,0.00,0.00,0.00,0.00,0.19,0.05,0.24,0.19,0.24,Matches
218,Bruno Guimarães,br BRA,MF,Newcastle Utd,27-175,1997,35,35,3002,33.4,4,6,10,4,0,0,6,0,3.9,3.9,5.8,9.6,54,247,81,0.12,0.18,0.30,0.12,0.30,0.12,0.17,0.29,0.12,0.29,Matches
219,Marc Guiu,es ESP,FW,Chelsea,19-126,2006,3,0,73,0.8,0,0,0,0,0,0,0,0,0.0,0.0,0.0,0.0,0,0,3,0.00,0.00,0.00,0.00,0.00,0.00,0.04,0.04,0.00,0.04,Matches
220,İlkay Gündoğan,de GER,MF,Manchester City,34-198,1990,31,23,2050,22.8,0,5,5,0,0,0,1,0,2.7,2.7,2.8,5.5,57,115,86,0.00,0.22,0.22,0.00,0.22,0.12,0.12,0.24,0.12,0.24,Matches
221,Malo Gusto,fr FRA,DF,Chelsea,21-356,2003,29,19,1832,20.4,0,1,1,0,0,0,4,0,1.7,1.7,1.3,3.0,49,119,84,0.00,0.05,0.05,0.00,0.05,0.08,0.06,0.15,0.08,0.15,Matches
222,Joško Gvardiol,hr CRO,DF,Manchester City,23-107,2002,34,33,3007,33.4,5,0,5,5,0,0,2,0,4.4,4.0,2.0,6.0,81,251,98,0.15,0.00,0.15,0.15,0.15,0.13,0.06,0.19,0.12,0.18,Matches
223,Erling Haaland,no NOR,FW,Manchester City,24-293,2000,28,28,2480,27.6,21,3,24,19,2,3,2,0,20.8,18.4,2.8,21.2,19,18,103,0.76,0.11,0.87,0.69,0.80,0.76,0.10,0.86,0.67,0.77,Matches
224,Lewis Hall,eng ENG,DF,Newcastle Utd,20-244,2004,27,24,2189,24.3,0,4,4,0,0,0,3,0,0.4,0.4,4.3,4.7,41,123,80,0.00,0.16,0.16,0.00,0.16,0.02,0.18,0.19,0.02,0.19,Matches
225,Ali Al Hamadi,iq IRQ,FW,Ipswich Town,23-070,2002,11,0,134,1.5,0,0,0,0,0,0,3,0,0.4,0.4,0.1,0.4,4,3,14,0.00,0.00,0.00,0.00,0.00,0.24,0.05,0.28,0.24,0.28,Matches
Rk,Player,Nation,Pos,Squad,Age,Born,MP,Starts,Min,90s,Gls,Ast,G+A,G-PK,PK,PKatt,CrdY,CrdR,xG,npxG,xAG,npxG+xAG,PrgC,PrgP,PrgR,Gls,Ast,G+A,G-PK,G+A-PK,xG,xAG,xG+xAG,npxG,npxG+xAG,Matches
226,Marcus Harness,eng ENG,MF,Ipswich Town,29-075,1996,2,0,45,0.5,0,0,0,0,0,0,0,0,0.0,0.0,0.0,0.0,0,2,1,0.00,0.00,0.00,0.00,0.00,0.00,0.00,0.00,0.00,0.00,Matches
227,Jack Harrison,eng ENG,FW,Everton,28-171,1996,31,22,1900,21.1,1,0,1,1,0,0,0,0,3.3,3.3,3.7,7.0,64,45,116,0.05,0.00,0.05,0.05,0.05,0.16,0.17,0.33,0.16,0.33,Matches
228,Taylor Harwood-Bellis,eng ENG,DF,Southampton,23-100,2002,32,30,2654,29.5,1,0,1,1,0,0,9,0,1.8,1.8,1.0,2.8,29,119,9,0.03,0.00,0.03,0.03,0.03,0.06,0.03,0.09,0.06,0.09,Matches
229,Kai Havertz,de GER,"FW,MF",Arsenal,25-333,1999,21,21,1839,20.4,9,3,12,9,0,0,4,0,9.4,9.4,2.4,11.8,34,59,110,0.44,0.15,0.59,0.44,0.59,0.46,0.12,0.58,0.46,0.58,Matches
230,Ayden Heaven,eng ENG,DF,Manchester Utd,18-230,2006,2,1,95,1.1,0,0,0,0,0,0,0,0,0.0,0.0,0.0,0.0,1,2,1,0.00,0.00,0.00,0.00,0.00,0.00,0.00,0.00,0.00,0.00,Matches
231,Jan Paul van Hecke,nl NED,DF,Brighton,24-336,2000,31,30,2688,29.9,1,1,2,1,0,0,8,1,1.3,1.3,1.5,2.7,53,216,5,0.03,0.03,0.07,0.03,0.07,0.04,0.05,0.09,0.04,0.09,Matches
232,Hwang Hee-chan,kr KOR,"MF,FW",Wolves,29-104,1996,20,5,651,7.2,2,0,2,2,0,0,0,0,0.8,0.8,0.1,0.9,15,12,41,0.28,0.00,0.28,0.28,0.28,0.11,0.02,0.13,0.11,0.13,Matches
233,Dean Henderson,eng ENG,GK,Crystal Palace,28-059,1997,35,35,3150,35.0,0,0,0,0,0,0,3,0,0.0,0.0,0.1,0.1,0,0,0,0.00,0.00,0.00,0.00,0.00,0.00,0.00,0.00,0.00,0.00,Matches
234,Rico Henry,eng ENG,DF,Brentford,27-306,1997,4,0,83,0.9,0,0,0,0,0,0,0,0,0.0,0.0,0.0,0.0,0,1,1,0.00,0.00,0.00,0.00,0.00,0.00,0.00,0.00,0.00,0.00,Matches
235,Mads Hermansen,dk DEN,GK,Leicester City,24-303,2000,27,27,2385,26.5,0,0,0,0,0,0,1,0,0.0,0.0,0.0,0.0,0,1,0,0.00,0.00,0.00,0.00,0.00,0.00,0.00,0.00,0.00,0.00,Matches
236,Son Heung-min,kr KOR,FW,Tottenham,32-306,1992,28,23,2004,22.3,7,9,16,6,1,2,1,0,7.0,5.4,8.2,13.7,87,104,259,0.31,0.40,0.72,0.27,0.67,0.31,0.37,0.68,0.24,0.61,Matches
237,James Hill,eng ENG,DF,Bournemouth,23-120,2002,10,6,448,5.0,0,1,1,0,0,0,1,0,0.3,0.3,0.3,0.6,3,16,8,0.00,0.20,0.20,0.00,0.20,0.06,0.05,0.11,0.06,0.11,Matches
238,Jack Hinshelwood,eng ENG,"DF,MF",Brighton,20-029,2005,23,21,1744,19.4,2,2,4,2,0,0,5,0,1.5,1.5,1.3,2.8,18,63,47,0.10,0.10,0.21,0.10,0.21,0.08,0.07,0.14,0.08,0.14,Matches
239,George Hirst,sct SCO,FW,Ipswich Town,26-084,1999,23,3,493,5.5,3,1,4,3,0,0,2,0,1.6,1.6,0.3,1.9,9,13,29,0.55,0.18,0.73,0.55,0.73,0.28,0.06,0.35,0.28,0.35,Matches
240,Mason Holgate,eng ENG,"FW,DF",Everton,28-200,1996,1,0,6,0.1,0,0,0,0,0,0,0,0,0.0,0.0,0.0,0.0,0,0,0,0.00,0.00,0.00,0.00,0.00,0.00,0.00,0.00,0.00,0.00,Matches
241,Callum Hudson-Odoi,eng ENG,"FW,MF",Nott'ham Forest,24-184,2000,29,25,2152,23.9,5,2,7,5,0,0,2,0,2.5,2.5,2.7,5.2,127,66,186,0.21,0.08,0.29,0.21,0.29,0.10,0.11,0.22,0.10,0.22,Matches
242,Will Hughes,eng ENG,MF,Crystal Palace,30-023,1995,30,21,1899,21.1,0,3,3,0,0,0,11,0,1.0,1.0,2.7,3.8,19,83,24,0.00,0.14,0.14,0.00,0.14,0.05,0.13,0.18,0.05,0.18,Matches
243,Dean Huijsen,es ESP,DF,Bournemouth,20-026,2005,29,24,2234,24.8,3,1,4,3,0,0,8,0,1.9,1.9,2.0,3.8,36,116,10,0.12,0.04,0.16,0.12,0.16,0.08,0.08,0.15,0.08,0.15,Matches
244,Omari Hutchinson,eng ENG,"MF,FW",Ipswich Town,21-192,2003,28,27,2313,25.7,3,2,5,3,0,0,5,0,2.4,2.4,2.7,5.1,74,71,135,0.12,0.08,0.19,0.12,0.19,0.09,0.11,0.20,0.09,0.20,Matches
245,Rasmus Højlund,dk DEN,FW,Manchester Utd,22-095,2003,29,20,1744,19.4,4,0,4,4,0,0,2,0,3.8,3.8,1.3,5.1,26,16,83,0.21,0.00,0.21,0.21,0.21,0.20,0.06,0.26,0.20,0.26,Matches
246,Igor,br BRA,DF,Brighton,27-092,1998,12,9,903,10.0,0,0,0,0,0,0,4,0,0.0,0.0,0.2,0.2,9,44,0,0.00,0.00,0.00,0.00,0.00,0.00,0.02,0.02,0.00,0.02,Matches
247,Danny Ings,eng ENG,"FW,MF",West Ham,32-291,1992,15,1,284,3.2,1,2,3,1,0,0,0,0,2.3,2.3,1.3,3.5,6,5,29,0.32,0.63,0.95,0.32,0.95,0.72,0.41,1.12,0.72,1.12,Matches
248,Tim Iroegbunam,eng ENG,MF,Everton,21-314,2003,17,5,567,6.3,0,1,1,0,0,0,4,0,0.2,0.2,0.2,0.4,8,14,9,0.00,0.16,0.16,0.00,0.16,0.04,0.03,0.07,0.04,0.07,Matches
249,Andy Irving,sct SCO,MF,West Ham,24-362,2000,10,1,166,1.8,0,0,0,0,0,0,2,0,0.1,0.1,0.2,0.4,0,9,4,0.00,0.00,0.00,0.00,0.00,0.06,0.13,0.19,0.06,0.19,Matches
250,Alexander Isak,se SWE,FW,Newcastle Utd,25-231,1999,32,32,2577,28.6,23,6,29,19,4,4,1,0,19.9,16.8,4.3,21.1,81,80,200,0.80,0.21,1.01,0.66,0.87,0.69,0.15,0.85,0.59,0.74,Matches
Rk,Player,Nation,Pos,Squad,Age,Born,MP,Starts,Min,90s,Gls,Ast,G+A,G-PK,PK,PKatt,CrdY,CrdR,xG,npxG,xAG,npxG+xAG,PrgC,PrgP,PrgR,Gls,Ast,G+A,G-PK,G+A-PK,xG,xAG,xG+xAG,npxG,npxG+xAG,Matches
251,Alex Iwobi,ng NGA,"FW,MF",Fulham,29-007,1996,35,33,2796,31.1,9,6,15,9,0,0,1,0,4.6,4.6,6.9,11.5,135,199,224,0.29,0.19,0.48,0.29,0.48,0.15,0.22,0.37,0.15,0.37,Matches
252,Nicolas Jackson,sn SEN,FW,Chelsea,23-324,2001,29,27,2185,24.3,10,5,15,10,0,0,7,0,12.3,12.3,4.3,16.6,46,37,127,0.41,0.21,0.62,0.41,0.62,0.51,0.18,0.68,0.51,0.68,Matches
253,Reece James,eng ENG,"DF,MF",Chelsea,25-153,1999,16,10,838,9.3,1,0,1,1,0,0,1,0,0.3,0.3,0.5,0.8,6,51,10,0.11,0.00,0.11,0.11,0.11,0.03,0.06,0.09,0.03,0.09,Matches
254,Vitaly Janelt,de GER,MF,Brentford,27-000,1998,32,27,2254,25.0,1,3,4,1,0,0,3,0,0.8,0.8,2.2,3.0,17,80,38,0.04,0.12,0.16,0.04,0.16,0.03,0.09,0.12,0.03,0.12,Matches
255,Vitezslav Jaros,cz CZE,GK,Liverpool,23-291,2001,1,0,12,0.1,0,0,0,0,0,0,0,0,0.0,0.0,0.0,0.0,0,0,0,0.00,0.00,0.00,0.00,0.00,0.00,0.00,0.00,0.00,0.00,Matches
256,Daniel Jebbison,eng ENG,FW,Bournemouth,21-270,2003,13,0,80,0.9,0,0,0,0,0,0,1,0,0.2,0.2,0.2,0.4,2,3,11,0.00,0.00,0.00,0.00,0.00,0.23,0.22,0.45,0.23,0.45,Matches
257,Mathias Jensen,dk DEN,MF,Brentford,29-129,1996,21,8,816,9.1,0,2,2,0,0,0,2,0,0.2,0.2,1.6,1.8,6,56,26,0.00,0.22,0.22,0.00,0.22,0.03,0.18,0.20,0.03,0.20,Matches
258,Gabriel Jesus,br BRA,FW,Arsenal,28-037,1997,17,6,608,6.8,3,0,3,3,0,0,4,0,3.0,3.0,0.7,3.7,15,19,57,0.44,0.00,0.44,0.44,0.44,0.44,0.10,0.54,0.44,0.54,Matches
259,Raúl Jiménez,mx MEX,FW,Fulham,34-005,1991,35,27,2224,24.7,10,3,13,7,3,3,4,0,11.2,8.8,3.2,12.0,32,56,119,0.40,0.12,0.53,0.28,0.40,0.45,0.13,0.58,0.36,0.48,Matches
260,Kim Jisoo,kr KOR,DF,Brentford,20-137,2004,3,0,30,0.3,0,0,0,0,0,0,0,0,0.0,0.0,0.0,0.0,0,2,0,0.00,0.00,0.00,0.00,0.00,0.00,0.00,0.00,0.00,0.00,Matches
261,João Pedro,br BRA,"FW,MF",Brighton,23-226,2001,27,23,1948,21.6,10,6,16,5,5,5,4,1,8.9,5.0,5.0,10.0,66,78,128,0.46,0.28,0.74,0.23,0.51,0.41,0.23,0.64,0.23,0.46,Matches
262,Joelinton,br BRA,"MF,FW",Newcastle Utd,28-269,1996,29,29,2393,26.6,4,3,7,4,0,0,10,0,3.9,3.9,2.5,6.4,40,116,110,0.15,0.11,0.26,0.15,0.26,0.15,0.09,0.24,0.15,0.24,Matches
263,Ben Johnson,eng ENG,"DF,FW",Ipswich Town,25-106,2000,22,14,1348,15.0,1,2,3,1,0,0,5,1,1.1,1.1,1.3,2.3,16,26,33,0.07,0.13,0.20,0.07,0.20,0.07,0.09,0.16,0.07,0.16,Matches
264,Brennan Johnson,wls WAL,FW,Tottenham,23-352,2001,31,23,2083,23.1,11,3,14,11,0,0,5,0,9.8,9.8,2.3,12.1,57,70,194,0.48,0.13,0.60,0.48,0.60,0.43,0.10,0.52,0.43,0.52,Matches
265,Sam Johnstone,eng ENG,GK,Wolves,32-046,1993,7,7,630,7.0,0,0,0,0,0,0,0,0,0.0,0.0,0.0,0.0,0,0,0,0.00,0.00,0.00,0.00,0.00,0.00,0.00,0.00,0.00,0.00,Matches
266,Curtis Jones,eng ENG,"MF,DF",Liverpool,24-100,2001,30,17,1528,17.0,3,3,6,3,0,0,3,1,4.1,4.1,1.0,5.1,24,95,71,0.18,0.18,0.35,0.18,0.35,0.24,0.06,0.30,0.24,0.30,Matches
267,Jorginho,it ITA,MF,Arsenal,33-141,1991,14,9,703,7.8,0,0,0,0,0,0,5,0,0.1,0.1,0.4,0.5,12,48,6,0.00,0.00,0.00,0.00,0.00,0.01,0.05,0.06,0.01,0.06,Matches
268,Diogo Jota,pt POR,FW,Liverpool,28-157,1996,24,14,1154,12.8,6,3,9,6,0,0,2,0,7.5,7.5,1.8,9.3,36,33,86,0.47,0.23,0.70,0.47,0.70,0.59,0.14,0.73,0.59,0.73,Matches
269,James Justin,eng ENG,DF,Leicester City,27-076,1998,33,31,2669,29.7,2,1,3,2,0,0,5,0,1.5,1.5,0.6,2.1,39,87,92,0.07,0.03,0.10,0.07,0.10,0.05,0.02,0.07,0.05,0.07,Matches
270,Filip Jørgensen,dk DEN,GK,Chelsea,23-024,2002,6,6,540,6.0,0,0,0,0,0,0,0,0,0.0,0.0,0.0,0.0,0,0,0,0.00,0.00,0.00,0.00,0.00,0.00,0.00,0.00,0.00,0.00,Matches
271,Ferdi Kadioglu,tr TUR,"DF,MF",Brighton,25-215,1999,6,5,385,4.3,1,0,1,1,0,0,1,0,0.4,0.4,0.2,0.6,1,15,27,0.23,0.00,0.23,0.23,0.23,0.10,0.04,0.14,0.10,0.14,Matches
272,Daichi Kamada,jp JPN,MF,Crystal Palace,28-278,1996,31,14,1424,15.8,0,0,0,0,0,0,4,1,1.1,1.1,1.8,2.9,24,80,54,0.00,0.00,0.00,0.00,0.00,0.07,0.11,0.18,0.07,0.18,Matches
273,Boubacar Kamara,fr FRA,MF,Aston Villa,25-168,1999,23,17,1463,16.3,0,0,0,0,0,0,2,0,0.4,0.4,0.9,1.3,16,74,7,0.00,0.00,0.00,0.00,0.00,0.02,0.05,0.08,0.02,0.08,Matches
274,Michael Kayode,it ITA,DF,Brentford,20-304,2004,9,3,291,3.2,0,1,1,0,0,0,1,0,0.1,0.1,1.0,1.1,8,5,16,0.00,0.31,0.31,0.00,0.31,0.02,0.30,0.33,0.02,0.33,Matches
275,Michael Keane,eng ENG,DF,Everton,32-119,1993,11,9,852,9.5,2,0,2,2,0,0,5,0,0.4,0.4,0.1,0.5,1,12,3,0.21,0.00,0.21,0.21,0.21,0.05,0.01,0.06,0.05,0.06,Matches
Rk,Player,Nation,Pos,Squad,Age,Born,MP,Starts,Min,90s,Gls,Ast,G+A,G-PK,PK,PKatt,CrdY,CrdR,xG,npxG,xAG,npxG+xAG,PrgC,PrgP,PrgR,Gls,Ast,G+A,G-PK,G+A-PK,xG,xAG,xG+xAG,npxG,npxG+xAG,Matches
276,Caoimhín Kelleher,ie IRL,GK,Liverpool,26-168,1998,10,10,900,10.0,0,0,0,0,0,0,0,0,0.0,0.0,0.0,0.0,0,0,0,0.00,0.00,0.00,0.00,0.00,0.00,0.00,0.00,0.00,0.00,Matches
277,Lloyd Kelly,eng ENG,DF,Newcastle Utd,26-216,1998,10,4,303,3.4,0,1,1,0,0,0,2,0,0.4,0.4,0.5,0.9,0,9,5,0.00,0.30,0.30,0.00,0.30,0.12,0.14,0.26,0.12,0.26,Matches
278,Milos Kerkez,hu HUN,DF,Bournemouth,21-184,2003,35,35,3077,34.2,2,5,7,2,0,0,4,0,0.5,0.5,3.7,4.2,96,144,169,0.06,0.15,0.20,0.06,0.20,0.02,0.11,0.12,0.01,0.12,Matches
279,Bilal El Khannouss,ma MAR,MF,Leicester City,21-000,2004,30,25,2003,22.3,2,3,5,2,0,0,4,0,1.1,1.1,4.1,5.2,71,119,83,0.09,0.13,0.22,0.09,0.22,0.05,0.18,0.23,0.05,0.23,Matches
280,Abdukodir Khusanov,uz UZB,DF,Manchester City,21-070,2004,6,6,503,5.6,0,0,0,0,0,0,1,0,0.0,0.0,0.1,0.1,1,25,2,0.00,0.00,0.00,0.00,0.00,0.00,0.02,0.02,0.00,0.02,Matches
281,Max Kilman,eng ENG,DF,West Ham,27-352,1997,35,35,3078,34.2,0,1,1,0,0,0,4,0,1.4,1.4,1.2,2.6,29,107,6,0.00,0.03,0.03,0.00,0.03,0.04,0.03,0.08,0.04,0.08,Matches
282,Joshua King,eng ENG,"MF,FW",Fulham,18-127,2007,5,1,80,0.9,0,0,0,0,0,0,0,0,0.2,0.2,0.4,0.6,1,4,9,0.00,0.00,0.00,0.00,0.00,0.22,0.48,0.70,0.22,0.70,Matches
283,Antonín Kinský,cz CZE,GK,Tottenham,22-058,2003,4,4,360,4.0,0,0,0,0,0,0,0,0,0.0,0.0,0.1,0.1,1,1,0,0.00,0.00,0.00,0.00,0.00,0.00,0.02,0.02,0.00,0.02,Matches
284,Jakub Kiwior,pl POL,DF,Arsenal,25-084,2000,14,7,852,9.5,1,0,1,1,0,0,0,0,0.2,0.2,0.3,0.4,5,36,0,0.11,0.00,0.11,0.11,0.11,0.02,0.03,0.05,0.02,0.05,Matches
285,Justin Kluivert,nl NED,"MF,FW",Bournemouth,26-005,1999,31,27,2161,24.0,12,6,18,6,6,6,8,0,10.0,5.3,4.8,10.1,74,95,153,0.50,0.25,0.75,0.25,0.50,0.42,0.20,0.62,0.22,0.42,Matches
286,Ibrahima Konaté,fr FRA,DF,Liverpool,25-350,1999,28,27,2320,25.8,1,2,3,1,0,0,5,0,1.7,1.7,1.0,2.7,21,103,3,0.04,0.08,0.12,0.04,0.12,0.07,0.04,0.10,0.07,0.10,Matches
287,Ezri Konsa,eng ENG,DF,Aston Villa,27-199,1997,31,30,2666,29.6,1,0,1,1,0,0,0,0,0.9,0.9,0.4,1.3,17,77,11,0.03,0.00,0.03,0.03,0.03,0.03,0.01,0.04,0.03,0.04,Matches
288,Mateo Kovačić,hr CRO,MF,Manchester City,31-004,1994,29,23,2049,22.8,6,1,7,6,0,0,5,0,1.7,1.7,3.6,5.3,52,149,15,0.26,0.04,0.31,0.26,0.31,0.08,0.16,0.23,0.08,0.23,Matches
289,Caleb Kporha,eng ENG,DF,Crystal Palace,18-299,2006,2,0,13,0.1,0,0,0,0,0,0,0,0,0.0,0.0,0.0,0.0,1,0,0,0.00,0.00,0.00,0.00,0.00,0.00,0.00,0.00,0.00,0.00,Matches
290,Emil Krafth,se SWE,DF,Newcastle Utd,30-281,1994,10,2,289,3.2,0,0,0,0,0,0,0,0,0.0,0.0,0.1,0.1,3,7,1,0.00,0.00,0.00,0.00,0.00,0.01,0.03,0.04,0.01,0.04,Matches
291,Mohammed Kudus,gh GHA,"FW,MF",West Ham,24-281,2000,29,29,2421,26.9,4,2,6,4,0,0,2,1,6.6,6.6,2.5,9.0,93,76,201,0.15,0.07,0.22,0.15,0.22,0.24,0.09,0.34,0.24,0.34,Matches
292,Dejan Kulusevski,se SWE,"MF,FW",Tottenham,25-015,2000,31,26,2371,26.3,7,4,11,7,0,0,3,0,4.2,4.2,6.2,10.4,120,123,210,0.27,0.15,0.42,0.27,0.42,0.16,0.24,0.39,0.16,0.39,Matches
293,Maxence Lacroix,fr FRA,DF,Crystal Palace,25-034,2000,32,32,2846,31.6,1,1,2,1,0,0,5,0,3.1,3.1,0.8,3.9,8,61,7,0.03,0.03,0.06,0.03,0.06,0.10,0.02,0.12,0.10,0.12,Matches
294,Adam Lallana,eng ENG,MF,Southampton,37-000,1988,14,5,361,4.0,0,2,2,0,0,0,4,0,0.2,0.2,0.9,1.1,6,24,10,0.00,0.50,0.50,0.00,0.50,0.04,0.23,0.27,0.04,0.27,Matches
295,Tariq Lamptey,gh GHA,DF,Brighton,24-222,2000,14,9,802,8.9,2,2,4,2,0,0,0,0,0.4,0.4,0.8,1.2,28,12,43,0.22,0.22,0.45,0.22,0.45,0.04,0.09,0.13,0.04,0.13,Matches
296,Will Lankshear,eng ENG,"FW,MF",Tottenham,20-020,2005,3,0,11,0.1,0,0,0,0,0,0,0,0,0.0,0.0,0.0,0.0,0,0,1,0.00,0.00,0.00,0.00,0.00,0.00,0.00,0.00,0.00,0.00,Matches
297,Roméo Lavia,be BEL,MF,Chelsea,21-124,2004,13,10,684,7.6,0,1,1,0,0,0,4,0,0.2,0.2,0.7,0.9,3,24,7,0.00,0.13,0.13,0.00,0.13,0.02,0.10,0.12,0.02,0.12,Matches
298,Mario Lemina,ga GAB,"MF,DF",Wolves,31-251,1993,17,15,1364,15.2,1,3,4,1,0,0,4,0,1.4,1.4,1.1,2.5,8,48,21,0.07,0.20,0.26,0.07,0.26,0.09,0.07,0.17,0.09,0.17,Matches
299,Bernd Leno,de GER,GK,Fulham,33-067,1992,35,35,3150,35.0,0,1,1,0,0,0,4,0,0.0,0.0,0.1,0.1,0,0,0,0.00,0.03,0.03,0.00,0.03,0.00,0.00,0.00,0.00,0.00,Matches
300,Jefferson Lerma,co COL,"MF,DF",Crystal Palace,30-197,1994,30,23,2034,22.6,0,1,1,0,0,0,8,0,1.0,1.0,1.5,2.5,11,86,25,0.00,0.04,0.04,0.00,0.04,0.04,0.06,0.11,0.04,0.11,Matches
Rk,Player,Nation,Pos,Squad,Age,Born,MP,Starts,Min,90s,Gls,Ast,G+A,G-PK,PK,PKatt,CrdY,CrdR,xG,npxG,xAG,npxG+xAG,PrgC,PrgP,PrgR,Gls,Ast,G+A,G-PK,G+A-PK,xG,xAG,xG+xAG,npxG,npxG+xAG,Matches
301,Rico Lewis,eng ENG,"DF,MF",Manchester City,20-170,2004,27,20,1818,20.2,1,2,3,1,0,0,5,1,1.4,1.4,0.3,1.7,36,104,68,0.05,0.10,0.15,0.05,0.15,0.07,0.02,0.08,0.07,0.08,Matches
302,Keane Lewis-Potter,eng ENG,"DF,FW",Brentford,24-077,2001,35,33,2839,31.5,1,3,4,1,0,0,6,0,2.6,2.6,3.0,5.6,92,90,144,0.03,0.10,0.13,0.03,0.13,0.08,0.10,0.18,0.08,0.18,Matches
303,Myles Lewis-Skelly,eng ENG,DF,Arsenal,18-226,2006,20,13,1168,13.0,1,0,1,1,0,0,2,2,0.1,0.1,0.4,0.5,32,62,33,0.08,0.00,0.08,0.08,0.08,0.01,0.03,0.04,0.01,0.04,Matches
304,Matthijs de Ligt,nl NED,DF,Manchester Utd,25-271,1999,29,25,2123,23.6,2,0,2,2,0,0,3,0,2.5,2.5,0.3,2.8,7,55,6,0.08,0.00,0.08,0.08,0.08,0.10,0.01,0.12,0.10,0.12,Matches
305,Pedro Lima,br BRA,DF,Wolves,18-313,2006,3,1,70,0.8,0,0,0,0,0,0,0,0,0.1,0.1,0.1,0.1,4,4,11,0.00,0.00,0.00,0.00,0.00,0.07,0.09,0.16,0.07,0.16,Matches
306,Victor Lindelöf,se SWE,DF,Manchester Utd,30-297,1994,13,4,485,5.4,0,0,0,0,0,0,1,0,0.0,0.0,0.1,0.1,1,10,1,0.00,0.00,0.00,0.00,0.00,0.00,0.01,0.01,0.00,0.01,Matches
307,Jesper Lindstrøm,dk DEN,FW,Everton,25-070,2000,25,15,1239,13.8,0,1,1,0,0,0,2,0,2.1,2.1,2.0,4.1,30,25,81,0.00,0.07,0.07,0.00,0.07,0.15,0.15,0.30,0.15,0.30,Matches
308,Valentino Livramento,eng ENG,DF,Newcastle Utd,22-179,2002,34,29,2570,28.6,0,1,1,0,0,0,1,0,0.2,0.2,2.3,2.6,73,144,98,0.00,0.04,0.04,0.00,0.04,0.01,0.08,0.09,0.01,0.09,Matches
309,Sean Longstaff,eng ENG,MF,Newcastle Utd,27-192,1997,24,8,797,8.9,0,0,0,0,0,0,2,0,0.6,0.6,0.2,0.8,4,40,22,0.00,0.00,0.00,0.00,0.00,0.07,0.02,0.09,0.07,0.09,Matches
310,Saša Lukić,rs SRB,MF,Fulham,28-270,1996,28,26,2169,24.1,0,2,2,0,0,0,12,0,1.2,1.2,2.6,3.8,37,92,29,0.00,0.08,0.08,0.00,0.08,0.05,0.11,0.16,0.05,0.16,Matches
311,Joe Lumley,eng ENG,GK,Southampton,30-084,1995,3,3,270,3.0,0,0,0,0,0,0,0,0,0.0,0.0,0.0,0.0,0,0,0,0.00,0.00,0.00,0.00,0.00,0.00,0.00,0.00,0.00,0.00,Matches
312,Massimo Luongo,au AUS,MF,Ipswich Town,32-227,1992,9,2,196,2.2,0,0,0,0,0,0,0,0,0.0,0.0,0.0,0.0,0,5,1,0.00,0.00,0.00,0.00,0.00,0.00,0.00,0.00,0.00,0.00,Matches
313,Ian Maatsen,nl NED,DF,Aston Villa,23-061,2002,26,8,957,10.6,1,2,3,1,0,0,2,0,0.8,0.8,2.7,3.5,27,40,91,0.09,0.19,0.28,0.09,0.28,0.07,0.25,0.33,0.07,0.33,Matches
314,Alexis Mac Allister,ar ARG,MF,Liverpool,26-137,1998,34,30,2575,28.6,5,5,10,5,0,0,6,0,2.8,2.8,4.6,7.4,34,174,79,0.17,0.17,0.35,0.17,0.35,0.10,0.16,0.26,0.10,0.26,Matches
315,James Maddison,eng ENG,MF,Tottenham,28-168,1996,31,21,1809,20.1,9,7,16,9,0,0,6,0,5.8,5.8,4.2,10.0,45,164,95,0.45,0.35,0.80,0.45,0.80,0.29,0.21,0.50,0.29,0.50,Matches
316,Noni Madueke,eng ENG,FW,Chelsea,23-061,2002,29,24,1813,20.1,7,3,10,7,0,0,3,0,9.1,9.1,4.0,13.1,142,66,212,0.35,0.15,0.50,0.35,0.50,0.45,0.20,0.65,0.45,0.65,Matches
317,Gabriel Magalhães,br BRA,DF,Arsenal,27-142,1997,28,28,2363,26.3,3,1,4,3,0,0,4,0,2.6,2.6,0.9,3.5,10,126,11,0.11,0.04,0.15,0.11,0.15,0.10,0.03,0.13,0.10,0.13,Matches
318,Edmond-Paris Maghoma,eng ENG,"MF,FW",Brentford,24-002,2001,8,0,119,1.3,0,0,0,0,0,0,0,0,0.1,0.1,0.1,0.2,4,13,4,0.00,0.00,0.00,0.00,0.00,0.09,0.08,0.17,0.09,0.17,Matches
319,Harry Maguire,eng ENG,DF,Manchester Utd,32-066,1993,24,17,1539,17.1,1,0,1,1,0,0,7,0,1.4,1.4,0.3,1.7,6,43,7,0.06,0.00,0.06,0.06,0.06,0.08,0.01,0.10,0.08,0.10,Matches
320,Kobbie Mainoo,eng ENG,MF,Manchester Utd,20-021,2005,22,18,1506,16.7,0,0,0,0,0,0,5,0,0.6,0.6,1.6,2.2,21,59,42,0.00,0.00,0.00,0.00,0.00,0.03,0.09,0.13,0.03,0.13,Matches
321,Tyrell Malacia,nl NED,DF,Manchester Utd,25-266,1999,3,2,100,1.1,0,0,0,0,0,0,1,0,0.0,0.0,0.0,0.0,3,3,6,0.00,0.00,0.00,0.00,0.00,0.00,0.03,0.03,0.00,0.03,Matches
322,Donyell Malen,nl NED,FW,Aston Villa,26-121,1999,12,2,293,3.3,3,0,3,3,0,0,0,0,2.2,2.2,0.1,2.2,11,5,25,0.92,0.00,0.92,0.92,0.92,0.66,0.02,0.68,0.66,0.68,Matches
323,Orel Mangala,be BEL,MF,Everton,27-053,1998,19,14,1261,14.0,1,0,1,1,0,0,2,0,1.1,1.1,0.6,1.8,6,34,19,0.07,0.00,0.07,0.07,0.07,0.08,0.05,0.13,0.08,0.13,Matches
324,Ryan Manning,ie IRL,"DF,MF",Southampton,28-330,1996,23,18,1459,16.2,0,1,1,0,0,0,2,0,0.3,0.3,3.2,3.6,14,35,74,0.00,0.06,0.06,0.00,0.06,0.02,0.20,0.22,0.02,0.22,Matches
325,Solly March,eng ENG,"FW,MF",Brighton,30-294,1994,8,1,168,1.9,0,0,0,0,0,0,2,0,0.1,0.1,0.3,0.4,5,2,20,0.00,0.00,0.00,0.00,0.00,0.05,0.15,0.19,0.05,0.19,Matches
Rk,Player,Nation,Pos,Squad,Age,Born,MP,Starts,Min,90s,Gls,Ast,G+A,G-PK,PK,PKatt,CrdY,CrdR,xG,npxG,xAG,npxG+xAG,PrgC,PrgP,PrgR,Gls,Ast,G+A,G-PK,G+A-PK,xG,xAG,xG+xAG,npxG,npxG+xAG,Matches
326,Omar Marmoush,eg EGY,"FW,MF",Manchester City,26-092,1999,13,12,998,11.1,6,0,6,6,0,0,0,0,4.8,4.8,1.7,6.5,21,29,68,0.54,0.00,0.54,0.54,0.54,0.43,0.15,0.59,0.43,0.59,Matches
327,Gabriel Martinelli,br BRA,"FW,MF",Arsenal,23-326,2001,30,22,2041,22.7,7,4,11,7,0,0,1,0,5.9,5.9,4.7,10.6,112,47,267,0.31,0.18,0.49,0.31,0.49,0.26,0.21,0.47,0.26,0.47,Matches
328,Emiliano Martínez,ar ARG,GK,Aston Villa,32-250,1992,34,34,2970,33.0,0,0,0,0,0,0,4,0,0.0,0.0,0.5,0.5,0,4,0,0.00,0.00,0.00,0.00,0.00,0.00,0.02,0.02,0.00,0.02,Matches
329,Lisandro Martínez,ar ARG,DF,Manchester Utd,27-112,1998,20,20,1751,19.5,2,1,3,2,0,0,7,0,1.3,1.3,1.1,2.4,23,117,7,0.10,0.05,0.15,0.10,0.15,0.07,0.06,0.13,0.07,0.13,Matches
330,Pape Matar Sarr,sn SEN,MF,Tottenham,22-238,2002,33,19,1726,19.2,3,2,5,3,0,0,6,0,3.3,3.3,1.6,4.9,32,85,50,0.16,0.10,0.26,0.16,0.26,0.17,0.08,0.26,0.17,0.26,Matches
331,Jean-Philippe Mateta,fr FRA,FW,Crystal Palace,27-316,1997,34,31,2517,28.0,14,2,16,12,2,2,2,0,12.1,10.6,3.1,13.6,38,47,114,0.50,0.07,0.57,0.43,0.50,0.43,0.11,0.54,0.38,0.49,Matches
332,Stephy Mavididi,eng ENG,FW,Leicester City,26-344,1998,30,16,1615,17.9,4,1,5,4,0,0,2,0,1.8,1.8,2.6,4.4,91,57,138,0.22,0.06,0.28,0.22,0.28,0.10,0.15,0.25,0.10,0.25,Matches
333,Konstantinos Mavropanos,gr GRE,DF,West Ham,27-150,1997,31,20,1947,21.6,0,0,0,0,0,0,6,1,1.5,1.5,0.5,2.0,16,60,2,0.00,0.00,0.00,0.00,0.00,0.07,0.02,0.09,0.07,0.09,Matches
334,Noussair Mazraoui,ma MAR,DF,Manchester Utd,27-177,1997,34,31,2639,29.3,0,1,1,0,0,0,2,0,0.7,0.7,1.3,2.0,37,102,51,0.00,0.03,0.03,0.00,0.03,0.02,0.05,0.07,0.02,0.07,Matches
335,Bryan Mbeumo,cm CMR,FW,Brentford,25-276,1999,35,35,3144,34.9,18,6,24,13,5,5,3,0,10.8,6.9,8.0,14.9,118,128,319,0.52,0.17,0.69,0.37,0.54,0.31,0.23,0.54,0.20,0.43,Matches
336,James Mcatee,eng ENG,"MF,FW",Manchester City,22-204,2002,14,2,304,3.4,3,0,3,3,0,0,1,0,2.8,2.8,0.3,3.1,7,6,26,0.89,0.00,0.89,0.89,0.89,0.83,0.10,0.93,0.83,0.93,Matches
337,Kasey McAteer,ie IRL,"FW,MF",Leicester City,23-169,2001,15,6,612,6.8,0,1,1,0,0,0,2,0,0.7,0.7,0.6,1.3,16,11,52,0.00,0.15,0.15,0.00,0.15,0.10,0.09,0.19,0.10,0.19,Matches
338,Alex McCarthy,eng ENG,GK,Southampton,35-158,1989,5,5,450,5.0,0,0,0,0,0,0,0,0,0.0,0.0,0.0,0.0,0,0,0,0.00,0.00,0.00,0.00,0.00,0.00,0.00,0.00,0.00,0.00,Matches
339,John McGinn,sct SCO,"MF,FW",Aston Villa,30-204,1994,31,25,2052,22.8,1,4,5,1,0,0,7,0,2.9,2.6,3.4,6.0,31,96,72,0.04,0.18,0.22,0.04,0.22,0.13,0.15,0.28,0.11,0.27,Matches
340,Dwight McNeil,eng ENG,"MF,FW",Everton,25-169,1999,18,14,1262,14.0,4,4,8,4,0,0,1,0,1.1,1.1,3.8,4.8,35,63,74,0.29,0.29,0.57,0.29,0.57,0.08,0.27,0.35,0.08,0.35,Matches
341,Scott McTominay,sct SCO,MF,Manchester Utd,28-153,1996,2,0,19,0.2,0,0,0,0,0,0,0,0,0.1,0.1,0.0,0.1,0,1,2,0.00,0.00,0.00,0.00,0.00,0.33,0.00,0.33,0.33,0.33,Matches
342,Ben Mee,eng ENG,DF,Brentford,35-231,1989,7,2,183,2.0,0,0,0,0,0,0,2,0,0.0,0.0,0.0,0.0,3,11,2,0.00,0.00,0.00,0.00,0.00,0.00,0.00,0.00,0.00,0.00,Matches
343,Jayden Meghoma,eng ENG,DF,Brentford,18-316,2006,1,0,5,0.1,0,0,0,0,0,0,0,0,0.0,0.0,0.0,0.0,0,0,0,0.00,0.00,0.00,0.00,0.00,0.00,0.00,0.00,0.00,0.00,Matches
344,Mikel Merino,es ESP,"MF,FW",Arsenal,28-322,1996,26,15,1418,15.8,6,2,8,6,0,0,2,0,4.4,4.4,1.9,6.3,9,62,88,0.38,0.13,0.51,0.38,0.51,0.28,0.12,0.40,0.28,0.40,Matches
345,Shumaira Mheuka,eng ENG,MF,Chelsea,17-202,2007,1,0,1,0.0,0,0,0,0,0,0,0,0,0.1,0.1,0.0,0.1,0,0,0,0.00,0.00,0.00,0.00,0.00,5.06,0.00,5.06,5.06,5.06,Matches
346,Nikola Milenković,rs SRB,DF,Nott'ham Forest,27-210,1997,34,34,3060,34.0,4,2,6,4,0,0,4,0,3.6,3.6,1.0,4.6,3,49,6,0.12,0.06,0.18,0.12,0.18,0.10,0.03,0.13,0.10,0.13,Matches
347,Lewis Miley,eng ENG,MF,Newcastle Utd,19-009,2006,12,1,249,2.8,1,0,1,1,0,0,0,0,0.5,0.5,0.0,0.6,2,14,7,0.36,0.00,0.36,0.36,0.36,0.20,0.01,0.21,0.20,0.21,Matches
348,James Milner,eng ENG,MF,Brighton,39-126,1986,3,3,169,1.9,0,0,0,0,0,0,1,0,0.2,0.2,0.2,0.4,1,10,10,0.00,0.00,0.00,0.00,0.00,0.09,0.12,0.21,0.09,0.21,Matches
349,Tyrone Mings,eng ENG,DF,Aston Villa,32-058,1993,13,11,1051,11.7,0,0,0,0,0,0,1,0,0.8,0.8,0.2,1.0,6,39,0,0.00,0.00,0.00,0.00,0.00,0.07,0.02,0.09,0.07,0.09,Matches
350,Yankuba Minteh,gm GAM,"FW,MF",Brighton,20-292,2004,29,17,1587,17.6,6,4,10,6,0,0,6,0,4.0,4.0,4.7,8.7,71,40,163,0.34,0.23,0.57,0.34,0.57,0.22,0.27,0.49,0.22,0.49,Matches
Rk,Player,Nation,Pos,Squad,Age,Born,MP,Starts,Min,90s,Gls,Ast,G+A,G-PK,PK,PKatt,CrdY,CrdR,xG,npxG,xAG,npxG+xAG,PrgC,PrgP,PrgR,Gls,Ast,G+A,G-PK,G+A-PK,xG,xAG,xG+xAG,npxG,npxG+xAG,Matches
351,Tyrick Mitchell,eng ENG,DF,Crystal Palace,25-251,1999,35,35,2942,32.7,0,4,4,0,0,0,2,0,1.2,1.2,5.7,7.0,56,64,166,0.00,0.12,0.12,0.00,0.12,0.04,0.18,0.21,0.04,0.21,Matches
352,Kaoru Mitoma,jp JPN,"FW,MF",Brighton,27-355,1997,33,28,2521,28.0,9,3,12,9,0,0,1,0,8.8,8.8,4.4,13.2,138,82,277,0.32,0.11,0.43,0.32,0.43,0.31,0.16,0.47,0.31,0.47,Matches
353,Jakub Moder,pl POL,MF,Brighton,26-033,1999,4,0,11,0.1,0,0,0,0,0,0,0,0,0.0,0.0,0.2,0.2,2,4,0,0.00,0.00,0.00,0.00,0.00,0.00,1.45,1.45,0.00,1.45,Matches
354,Jeremy Monga,,"FW,MF",Leicester City,,,4,0,52,0.6,0,0,0,0,0,0,0,0,0.0,0.0,0.0,0.0,3,2,5,0.00,0.00,0.00,0.00,0.00,0.00,0.00,0.00,0.00,0.00,Matches
355,Mikey Moore,eng ENG,FW,Tottenham,17-272,2007,8,2,208,2.3,0,1,1,0,0,0,0,0,0.2,0.2,0.3,0.5,9,7,31,0.00,0.43,0.43,0.00,0.43,0.09,0.15,0.23,0.09,0.23,Matches
356,Morato,br BRA,DF,Nott'ham Forest,23-314,2001,24,5,809,9.0,0,0,0,0,0,0,3,0,0.2,0.2,0.0,0.2,0,14,1,0.00,0.00,0.00,0.00,0.00,0.02,0.00,0.02,0.02,0.02,Matches
357,Álex Moreno,es ESP,"DF,MF",Nott'ham Forest,31-336,1993,15,11,955,10.6,0,1,1,0,0,0,2,0,0.2,0.2,1.3,1.4,26,34,34,0.00,0.09,0.09,0.00,0.09,0.02,0.12,0.13,0.02,0.13,Matches
358,Sam Morsy,eg EGY,MF,Ipswich Town,33-242,1991,30,28,2486,27.6,1,1,2,1,0,0,10,0,0.3,0.3,0.8,1.2,16,104,9,0.04,0.04,0.07,0.04,0.07,0.01,0.03,0.04,0.01,0.04,Matches
359,Yerson Mosquera,co COL,DF,Wolves,24-008,2001,5,5,441,4.9,0,0,0,0,0,0,2,0,0.3,0.3,0.1,0.4,0,7,0,0.00,0.00,0.00,0.00,0.00,0.07,0.02,0.09,0.07,0.09,Matches
360,Mason Mount,eng ENG,"MF,FW",Manchester Utd,26-120,1999,14,5,430,4.8,1,0,1,1,0,0,3,0,2.3,2.3,0.2,2.5,11,21,23,0.21,0.00,0.21,0.21,0.21,0.48,0.04,0.52,0.48,0.52,Matches
361,Divin Mubama,eng ENG,FW,Manchester City,20-197,2004,1,0,28,0.3,0,0,0,0,0,0,0,0,0.0,0.0,0.0,0.0,0,1,0,0.00,0.00,0.00,0.00,0.00,0.12,0.00,0.12,0.12,0.12,Matches
362,Mykhailo Mudryk,ua UKR,FW,Chelsea,24-125,2001,7,1,151,1.7,0,0,0,0,0,0,0,0,0.3,0.3,1.0,1.2,7,5,12,0.00,0.00,0.00,0.00,0.00,0.15,0.58,0.73,0.15,0.73,Matches
363,Marshall Munetsi,zw ZIM,"MF,FW",Wolves,28-322,1996,11,10,878,9.8,1,1,2,1,0,0,0,0,3.0,3.0,1.5,4.5,7,8,26,0.10,0.10,0.21,0.10,0.21,0.31,0.15,0.46,0.31,0.46,Matches
364,Rodrigo Muniz,br BRA,FW,Fulham,24-006,2001,31,8,964,10.7,8,1,9,8,0,0,1,0,5.8,5.8,0.7,6.5,6,27,31,0.75,0.09,0.84,0.75,0.84,0.54,0.07,0.61,0.54,0.61,Matches
365,Daniel Muñoz,co COL,DF,Crystal Palace,28-349,1996,34,34,2958,32.9,4,4,8,4,0,0,10,0,4.7,4.7,4.5,9.1,54,89,191,0.12,0.12,0.24,0.12,0.24,0.14,0.14,0.28,0.14,0.28,Matches
366,Arijanet Muric,xk KVX,GK,Ipswich Town,26-184,1998,18,18,1620,18.0,0,0,0,0,0,0,1,0,0.0,0.0,0.0,0.0,0,1,0,0.00,0.00,0.00,0.00,0.00,0.00,0.00,0.00,0.00,0.00,Matches
367,Murillo,br BRA,DF,Nott'ham Forest,22-310,2002,34,34,3008,33.4,2,0,2,2,0,0,5,0,1.4,1.4,1.1,2.5,20,103,5,0.06,0.00,0.06,0.06,0.06,0.04,0.03,0.07,0.04,0.07,Matches
368,Jacob Murphy,eng ENG,FW,Newcastle Utd,30-075,1995,32,28,2139,23.8,8,11,19,8,0,0,3,0,5.7,5.7,8.1,13.8,70,67,216,0.34,0.46,0.80,0.34,0.80,0.24,0.34,0.58,0.24,0.58,Matches
369,Vitaliy Mykolenko,ua UKR,DF,Everton,25-346,1999,32,32,2812,31.2,0,1,1,0,0,0,3,0,0.4,0.4,1.6,2.1,31,105,90,0.00,0.03,0.03,0.00,0.03,0.01,0.05,0.07,0.01,0.07,Matches
370,Iliman Ndiaye,sn SEN,FW,Everton,25-065,2000,30,27,2252,25.0,7,0,7,5,2,2,3,0,5.2,3.6,1.6,5.2,81,50,115,0.28,0.00,0.28,0.20,0.20,0.21,0.06,0.27,0.15,0.21,Matches
371,Wilfred Ndidi,ng NGA,MF,Leicester City,28-145,1996,26,26,2147,23.9,0,4,4,0,0,0,8,0,2.0,2.0,1.8,3.9,17,65,75,0.00,0.17,0.17,0.00,0.17,0.09,0.08,0.16,0.09,0.16,Matches
372,Kosta Nedeljković,rs SRB,DF,Aston Villa,19-145,2005,5,0,126,1.4,0,0,0,0,0,0,0,0,0.0,0.0,0.0,0.0,1,6,0,0.00,0.00,0.00,0.00,0.00,0.00,0.00,0.00,0.00,0.00,Matches
373,Reiss Nelson,eng ENG,FW,Arsenal,25-151,1999,1,0,3,0.0,0,0,0,0,0,0,0,0,0.0,0.0,0.0,0.0,0,0,0,0.00,0.00,0.00,0.00,0.00,0.00,0.00,0.00,0.00,0.00,Matches
374,Reiss Nelson,eng ENG,FW,Fulham,25-151,1999,11,5,487,5.4,1,1,2,1,0,0,1,0,1.1,1.1,1.0,2.1,45,35,63,0.18,0.18,0.37,0.18,0.37,0.20,0.18,0.39,0.20,0.39,Matches
375,Neto,br BRA,GK,Bournemouth,35-295,1989,2,2,180,2.0,0,0,0,0,0,0,0,0,0.0,0.0,0.0,0.0,0,0,0,0.00,0.00,0.00,0.00,0.00,0.00,0.00,0.00,0.00,0.00,Matches
Rk,Player,Nation,Pos,Squad,Age,Born,MP,Starts,Min,90s,Gls,Ast,G+A,G-PK,PK,PKatt,CrdY,CrdR,xG,npxG,xAG,npxG+xAG,PrgC,PrgP,PrgR,Gls,Ast,G+A,G-PK,G+A-PK,xG,xAG,xG+xAG,npxG,npxG+xAG,Matches
376,Pedro Neto,pt POR,FW,Chelsea,25-062,2000,32,21,2013,22.4,4,5,9,4,0,0,8,0,2.9,2.9,6.1,9.0,118,57,229,0.18,0.22,0.40,0.18,0.40,0.13,0.27,0.40,0.13,0.40,Matches
377,Eddie Nketiah,eng ENG,"FW,MF",Crystal Palace,25-345,1999,26,8,895,9.9,1,1,2,1,0,0,6,1,4.5,4.5,1.6,6.1,38,17,68,0.10,0.10,0.20,0.10,0.20,0.45,0.16,0.62,0.45,0.62,Matches
378,Christopher Nkunku,fr FRA,FW,Chelsea,27-177,1997,27,9,921,10.2,3,2,5,3,0,0,2,0,4.8,4.8,2.1,6.9,17,25,68,0.29,0.20,0.49,0.29,0.49,0.47,0.21,0.68,0.47,0.67,Matches
379,Gustavo Nunes,br BRA,"FW,MF",Brentford,19-171,2005,3,0,12,0.1,0,0,0,0,0,0,0,0,0.0,0.0,0.0,0.0,1,0,0,0.00,0.00,0.00,0.00,0.00,0.00,0.00,0.00,0.00,0.00,Matches
380,Matheus Nunes,pt POR,"DF,MF",Manchester City,26-256,1998,24,17,1494,16.6,1,5,6,1,0,0,4,0,0.9,0.9,4.2,5.1,59,69,156,0.06,0.30,0.36,0.06,0.36,0.05,0.25,0.31,0.05,0.31,Matches
381,Darwin Núñez,uy URU,FW,Liverpool,25-320,1999,27,8,1051,11.7,5,2,7,5,0,0,8,0,5.3,5.3,1.2,6.5,22,27,69,0.43,0.17,0.60,0.43,0.60,0.45,0.11,0.56,0.45,0.56,Matches
382,Ethan Nwaneri,eng ENG,"FW,MF",Arsenal,18-050,2007,25,10,821,9.1,4,2,6,4,0,0,1,0,1.1,1.1,1.0,2.2,44,30,102,0.44,0.22,0.66,0.44,0.66,0.12,0.11,0.24,0.12,0.24,Matches
383,Christian Nørgaard,dk DEN,MF,Brentford,31-061,1994,31,31,2549,28.3,5,3,8,5,0,0,6,1,3.9,3.9,1.0,5.0,12,133,37,0.18,0.11,0.28,0.18,0.28,0.14,0.04,0.17,0.14,0.17,Matches
384,Jake O'Brien,ie IRL,DF,Everton,23-360,2001,18,15,1391,15.5,2,0,2,2,0,0,5,0,0.7,0.7,0.6,1.3,7,43,24,0.13,0.00,0.13,0.13,0.13,0.05,0.04,0.08,0.05,0.08,Matches
385,Matt O'Riley,dk DEN,MF,Brighton,24-170,2000,18,10,847,9.4,1,1,2,1,0,0,1,0,2.0,2.0,1.7,3.6,19,34,47,0.11,0.11,0.21,0.11,0.21,0.21,0.18,0.39,0.21,0.39,Matches
386,Dara O'Shea,ie IRL,DF,Ipswich Town,26-067,1999,32,32,2852,31.7,0,2,2,0,0,0,6,0,1.2,1.2,0.5,1.7,3,71,8,0.00,0.06,0.06,0.00,0.06,0.04,0.02,0.05,0.04,0.05,Matches
387,Chidozie Obi-Martin,dk DEN,FW,Manchester Utd,17-162,2007,6,1,155,1.7,0,0,0,0,0,0,1,0,0.6,0.6,0.0,0.6,2,1,12,0.00,0.00,0.00,0.00,0.00,0.35,0.00,0.35,0.35,0.35,Matches
388,Wilson Odobert,fr FRA,FW,Tottenham,20-163,2004,13,7,629,7.0,1,0,1,1,0,0,0,0,1.2,1.2,0.9,2.1,40,21,56,0.14,0.00,0.14,0.14,0.14,0.17,0.13,0.30,0.17,0.30,Matches
389,Chiedozie Ogbene,ie IRL,FW,Ipswich Town,28-009,1997,5,3,238,2.6,0,0,0,0,0,0,0,0,0.0,0.0,0.1,0.1,7,0,15,0.00,0.00,0.00,0.00,0.00,0.00,0.03,0.03,0.00,0.03,Matches
390,Caleb Okoli,it ITA,DF,Leicester City,23-301,2001,18,12,1124,12.5,1,0,1,1,0,0,4,0,0.6,0.6,0.0,0.6,3,32,2,0.08,0.00,0.08,0.08,0.08,0.05,0.00,0.05,0.05,0.05,Matches
391,Robin Olsen,se SWE,GK,Aston Villa,35-122,1990,3,1,180,2.0,0,0,0,0,0,0,0,0,0.0,0.0,0.0,0.0,0,0,0,0.00,0.00,0.00,0.00,0.00,0.00,0.00,0.00,0.00,0.00,Matches
392,Amadou Onana,be BEL,MF,Aston Villa,23-267,2001,23,17,1378,15.3,3,0,3,3,0,0,4,0,2.1,2.1,0.3,2.4,21,60,14,0.20,0.00,0.20,0.20,0.20,0.14,0.02,0.16,0.14,0.16,Matches
393,André Onana,cm CMR,GK,Manchester Utd,29-038,1996,33,33,2970,33.0,0,0,0,0,0,0,0,0,0.0,0.0,0.2,0.2,0,1,0,0.00,0.00,0.00,0.00,0.00,0.00,0.01,0.01,0.00,0.01,Matches
394,Paul Onuachu,ng NGA,FW,Southampton,30-347,1994,24,11,1029,11.4,4,1,5,4,0,0,4,0,3.6,3.6,0.5,4.1,7,13,40,0.35,0.09,0.44,0.35,0.44,0.32,0.04,0.36,0.32,0.36,Matches
395,Frank Onyeka,ng NGA,MF,Brentford,27-129,1998,2,0,25,0.3,0,0,0,0,0,0,0,0,0.0,0.0,0.0,0.0,0,1,0,0.00,0.00,0.00,0.00,0.00,0.00,0.00,0.00,0.00,0.00,Matches
396,Lewis Orford,eng ENG,MF,West Ham,19-081,2006,2,0,49,0.5,0,0,0,0,0,0,0,0,0.0,0.0,0.0,0.0,0,0,1,0.00,0.00,0.00,0.00,0.00,0.05,0.04,0.09,0.05,0.09,Matches
397,Stefan Ortega,de GER,GK,Manchester City,32-185,1992,13,12,1100,12.2,0,0,0,0,0,0,1,0,0.0,0.0,0.0,0.0,0,0,0,0.00,0.00,0.00,0.00,0.00,0.00,0.00,0.00,0.00,0.00,Matches
398,William Osula,dk DEN,FW,Newcastle Utd,21-279,2003,12,0,104,1.2,1,0,1,1,0,0,0,0,0.1,0.1,0.1,0.2,2,2,12,0.87,0.00,0.87,0.87,0.87,0.10,0.08,0.18,0.10,0.18,Matches
399,Dango Ouattara,bf BFA,FW,Bournemouth,23-088,2002,32,21,2005,22.3,7,4,11,7,0,0,3,0,8.4,8.4,5.5,13.8,79,43,191,0.31,0.18,0.49,0.31,0.49,0.38,0.25,0.62,0.38,0.62,Matches
400,Nico O’Reilly,eng ENG,DF,Manchester City,20-050,2005,8,6,513,5.7,2,0,2,2,0,0,0,0,1.3,1.3,0.4,1.6,16,17,25,0.35,0.00,0.35,0.35,0.35,0.23,0.06,0.29,0.23,0.29,Matches
Rk,Player,Nation,Pos,Squad,Age,Born,MP,Starts,Min,90s,Gls,Ast,G+A,G-PK,PK,PKatt,CrdY,CrdR,xG,npxG,xAG,npxG+xAG,PrgC,PrgP,PrgR,Gls,Ast,G+A,G-PK,G+A-PK,xG,xAG,xG+xAG,npxG,npxG+xAG,Matches
401,Alex Palmer,eng ENG,GK,Ipswich Town,28-273,1996,11,11,990,11.0,0,0,0,0,0,0,2,0,0.0,0.0,0.0,0.0,0,1,0,0.00,0.00,0.00,0.00,0.00,0.00,0.00,0.00,0.00,0.00,Matches
402,Cole Palmer,eng ENG,MF,Chelsea,23-004,2002,34,33,2921,32.5,15,8,23,11,4,5,6,0,17.0,13.0,10.0,23.0,110,200,169,0.46,0.25,0.71,0.34,0.59,0.52,0.31,0.83,0.40,0.71,Matches
403,Emerson Palmieri,it ITA,DF,West Ham,30-280,1994,30,26,2105,23.4,2,1,3,2,0,0,5,0,2.0,2.0,1.5,3.4,47,66,83,0.09,0.04,0.13,0.09,0.13,0.08,0.06,0.15,0.08,0.15,Matches
404,Lucas Paquetá,br BRA,"MF,FW",West Ham,27-256,1997,31,27,2336,26.0,4,0,4,2,2,2,9,0,5.2,3.6,3.1,6.7,22,145,82,0.15,0.00,0.15,0.08,0.08,0.20,0.12,0.32,0.14,0.26,Matches
405,Thomas Partey,gh GHA,"MF,DF",Arsenal,31-331,1993,32,28,2527,28.1,4,2,6,4,0,0,4,0,2.0,2.0,1.9,4.0,32,171,47,0.14,0.07,0.21,0.14,0.21,0.07,0.07,0.14,0.07,0.14,Matches
406,Nathan Patterson,sct SCO,DF,Everton,23-206,2001,10,3,347,3.9,0,1,1,0,0,0,1,0,0.1,0.1,0.4,0.5,6,13,18,0.00,0.26,0.26,0.00,0.26,0.02,0.11,0.13,0.02,0.13,Matches
407,Andreas Pereira,br BRA,MF,Fulham,29-129,1996,31,23,1879,20.9,2,4,6,2,0,1,7,0,3.5,2.7,4.5,7.2,27,99,78,0.10,0.19,0.29,0.10,0.29,0.17,0.21,0.38,0.13,0.34,Matches
408,Ricardo Pereira,pt POR,DF,Leicester City,31-216,1993,8,4,342,3.8,0,0,0,0,0,0,1,0,0.1,0.1,0.0,0.1,3,14,5,0.00,0.00,0.00,0.00,0.00,0.02,0.00,0.02,0.02,0.02,Matches
409,Kalvin Phillips,eng ENG,MF,Ipswich Town,29-159,1995,19,14,1237,13.7,0,0,0,0,0,0,6,1,0.4,0.4,0.2,0.7,4,51,4,0.00,0.00,0.00,0.00,0.00,0.03,0.02,0.05,0.03,0.05,Matches
410,Jaden Philogene Bidace,eng ENG,"FW,MF",Aston Villa,23-091,2002,11,2,332,3.7,0,0,0,0,0,0,4,1,0.5,0.5,0.3,0.8,7,4,17,0.00,0.00,0.00,0.00,0.00,0.13,0.08,0.20,0.13,0.20,Matches
411,Jaden Philogene Bidace,eng ENG,"FW,DF",Ipswich Town,23-091,2002,10,5,474,5.3,2,0,2,2,0,0,1,0,2.0,2.0,0.2,2.2,13,10,36,0.38,0.00,0.38,0.38,0.38,0.37,0.05,0.42,0.37,0.42,Matches
412,Jordan Pickford,eng ENG,GK,Everton,31-064,1994,35,35,3150,35.0,0,1,1,0,0,0,7,0,0.0,0.0,0.4,0.4,0,0,0,0.00,0.03,0.03,0.00,0.03,0.00,0.01,0.01,0.00,0.01,Matches
413,Ethan Pinnock,jm JAM,DF,Brentford,31-346,1993,22,21,1913,21.3,2,0,2,2,0,0,2,0,1.1,1.1,1.2,2.3,3,41,9,0.09,0.00,0.09,0.09,0.09,0.05,0.05,0.11,0.05,0.11,Matches
414,Daniel Podence,pt POR,"MF,FW",Wolves,29-201,1995,2,0,48,0.5,0,0,0,0,0,0,0,0,0.0,0.0,0.0,0.0,1,2,3,0.00,0.00,0.00,0.00,0.00,0.07,0.00,0.07,0.07,0.07,Matches
415,Alfie Pond,eng ENG,DF,Wolves,21-070,2004,1,0,1,0.0,0,0,0,0,0,0,0,0,0.0,0.0,0.0,0.0,0,0,0,0.00,0.00,0.00,0.00,0.00,0.00,0.00,0.00,0.00,0.00,Matches
416,Nick Pope,eng ENG,GK,Newcastle Utd,33-021,1992,25,25,2250,25.0,0,0,0,0,0,0,2,0,0.0,0.0,0.0,0.0,0,1,0,0.00,0.00,0.00,0.00,0.00,0.00,0.00,0.00,0.00,0.00,Matches
417,Pedro Porro,es ESP,DF,Tottenham,25-239,1999,31,26,2463,27.4,2,6,8,2,0,0,4,0,1.5,1.5,4.0,5.5,63,147,106,0.07,0.22,0.29,0.07,0.29,0.06,0.15,0.20,0.06,0.20,Matches
418,Jarell Quansah,eng ENG,DF,Liverpool,22-101,2003,12,3,405,4.5,0,0,0,0,0,0,2,0,0.1,0.1,0.1,0.2,2,16,4,0.00,0.00,0.00,0.00,0.00,0.02,0.02,0.04,0.02,0.04,Matches
419,Hákon Rafn Valdimarsson,is ISL,GK,Brentford,23-209,2001,2,1,145,1.6,0,0,0,0,0,0,0,0,0.0,0.0,0.0,0.0,0,0,0,0.00,0.00,0.00,0.00,0.00,0.00,0.00,0.00,0.00,0.00,Matches
420,Aaron Ramsdale,eng ENG,GK,Southampton,26-361,1998,27,27,2430,27.0,0,0,0,0,0,0,2,0,0.0,0.0,0.0,0.0,0,0,0,0.00,0.00,0.00,0.00,0.00,0.00,0.00,0.00,0.00,0.00,Matches
421,Jacob Ramsey,eng ENG,"FW,MF",Aston Villa,23-347,2001,27,18,1516,16.8,1,3,4,1,0,0,2,0,1.5,1.5,2.3,3.7,57,67,105,0.06,0.18,0.24,0.06,0.24,0.09,0.13,0.22,0.09,0.22,Matches
422,Marcus Rashford,eng ENG,"FW,MF",Manchester Utd,27-191,1997,15,12,978,10.9,4,1,5,4,0,0,2,0,1.7,1.7,2.1,3.8,20,21,79,0.37,0.09,0.46,0.37,0.46,0.16,0.19,0.35,0.16,0.35,Matches
423,Marcus Rashford,eng ENG,FW,Aston Villa,27-191,1997,10,4,444,4.9,2,2,4,1,1,1,0,0,3.1,2.3,2.3,4.5,22,13,42,0.41,0.41,0.81,0.20,0.61,0.62,0.46,1.08,0.46,0.92,Matches
424,David Raya,es ESP,GK,Arsenal,29-237,1995,35,35,3150,35.0,0,0,0,0,0,0,2,0,0.0,0.0,0.0,0.0,0,13,0,0.00,0.00,0.00,0.00,0.00,0.00,0.00,0.00,0.00,0.00,Matches
425,Harrison Reed,eng ENG,MF,Fulham,30-103,1995,12,0,109,1.2,0,0,0,0,0,0,2,0,0.2,0.2,0.1,0.3,1,4,7,0.00,0.00,0.00,0.00,0.00,0.21,0.07,0.27,0.21,0.27,Matches
Rk,Player,Nation,Pos,Squad,Age,Born,MP,Starts,Min,90s,Gls,Ast,G+A,G-PK,PK,PKatt,CrdY,CrdR,xG,npxG,xAG,npxG+xAG,PrgC,PrgP,PrgR,Gls,Ast,G+A,G-PK,G+A-PK,xG,xAG,xG+xAG,npxG,npxG+xAG,Matches
426,Remy Rees-Dottin,eng ENG,FW,Bournemouth,19-065,2006,1,0,1,0.0,0,0,0,0,0,0,0,0,0.0,0.0,0.0,0.0,0,0,0,0.00,0.00,0.00,0.00,0.00,0.00,0.00,0.00,0.00,0.00,Matches
427,Sergio Reguilón,es ESP,DF,Tottenham,28-145,1996,3,0,123,1.4,0,0,0,0,0,0,2,0,0.1,0.1,0.0,0.1,4,12,10,0.00,0.00,0.00,0.00,0.00,0.05,0.02,0.07,0.05,0.07,Matches
428,Vitor Reis,br BRA,DF,Manchester City,19-118,2006,1,0,1,0.0,0,0,0,0,0,0,0,0,0.0,0.0,0.0,0.0,0,0,0,0.00,0.00,0.00,0.00,0.00,0.00,0.00,0.00,0.00,0.00,Matches
429,Chadi Riad,ma MAR,DF,Crystal Palace,21-327,2003,1,1,90,1.0,0,0,0,0,0,0,0,0,0.0,0.0,0.0,0.0,2,7,0,0.00,0.00,0.00,0.00,0.00,0.00,0.00,0.00,0.00,0.00,Matches
430,Declan Rice,eng ENG,MF,Arsenal,26-116,1999,33,31,2645,29.4,3,7,10,3,0,0,7,1,3.3,3.3,6.5,9.7,88,180,92,0.10,0.24,0.34,0.10,0.34,0.11,0.22,0.33,0.11,0.33,Matches
431,Chris Richards,us USA,DF,Crystal Palace,25-043,2000,21,19,1652,18.4,1,0,1,1,0,0,4,1,1.3,1.3,0.1,1.4,5,35,1,0.05,0.00,0.05,0.05,0.05,0.07,0.01,0.08,0.07,0.08,Matches
432,Richarlison,br BRA,FW,Tottenham,28-000,1997,13,4,475,5.3,4,1,5,4,0,0,2,0,3.7,3.7,0.9,4.6,8,11,22,0.76,0.19,0.95,0.76,0.95,0.70,0.17,0.87,0.70,0.87,Matches
433,Andrew Robertson,sct SCO,DF,Liverpool,31-060,1994,31,27,2308,25.6,0,0,0,0,0,0,3,1,1.0,1.0,4.1,5.1,58,165,95,0.00,0.00,0.00,0.00,0.00,0.04,0.16,0.20,0.04,0.20,Matches
434,Antonee Robinson,us USA,DF,Fulham,27-275,1997,34,33,2989,33.2,0,10,10,0,0,0,8,0,0.7,0.7,4.1,4.8,114,123,265,0.00,0.30,0.30,0.00,0.30,0.02,0.12,0.15,0.02,0.15,Matches
435,Jay Robinson,eng ENG,"MF,FW",Southampton,18-056,2007,2,0,36,0.4,0,0,0,0,0,0,0,0,0.0,0.0,0.0,0.0,1,0,2,0.00,0.00,0.00,0.00,0.00,0.00,0.10,0.10,0.00,0.10,Matches
436,Rodri,es ESP,MF,Manchester City,28-322,1996,2,1,65,0.7,0,0,0,0,0,0,0,0,0.0,0.0,0.0,0.0,0,4,1,0.00,0.00,0.00,0.00,0.00,0.00,0.06,0.06,0.00,0.06,Matches
437,Guido Rodríguez,ar ARG,MF,West Ham,31-028,1994,20,14,1018,11.3,0,0,0,0,0,0,5,0,0.2,0.2,0.1,0.3,2,31,5,0.00,0.00,0.00,0.00,0.00,0.02,0.01,0.03,0.02,0.03,Matches
438,Mads Roerslev,dk DEN,DF,Brentford,25-320,1999,19,11,1101,12.2,0,2,2,0,0,0,2,0,0.2,0.2,3.0,3.2,17,51,54,0.00,0.16,0.16,0.00,0.16,0.02,0.24,0.26,0.02,0.26,Matches
439,Morgan Rogers,eng ENG,"FW,MF",Aston Villa,22-288,2002,34,34,2853,31.7,8,8,16,8,0,0,9,0,6.2,6.2,7.4,13.6,108,117,177,0.25,0.25,0.50,0.25,0.50,0.20,0.23,0.43,0.20,0.43,Matches
440,Cristian Romero,ar ARG,DF,Tottenham,27-013,1998,18,18,1416,15.7,1,0,1,1,0,0,3,0,1.6,1.6,0.6,2.2,12,71,3,0.06,0.00,0.06,0.06,0.06,0.10,0.04,0.14,0.10,0.14,Matches
441,Georginio Rutter,fr FRA,"MF,FW",Brighton,23-020,2002,28,19,1656,18.4,5,3,8,5,0,0,2,0,4.6,4.6,2.5,7.1,42,67,79,0.27,0.16,0.43,0.27,0.43,0.25,0.14,0.39,0.25,0.39,Matches
442,José Sá,pt POR,GK,Wolves,32-113,1993,27,27,2430,27.0,0,0,0,0,0,0,2,0,0.0,0.0,0.1,0.1,0,2,0,0.00,0.00,0.00,0.00,0.00,0.00,0.01,0.01,0.00,0.01,Matches
443,Bukayo Saka,eng ENG,"FW,MF",Arsenal,23-247,2001,22,18,1539,17.1,6,10,16,5,1,1,3,0,6.3,5.5,6.8,12.3,82,62,233,0.35,0.58,0.94,0.29,0.88,0.37,0.40,0.77,0.32,0.72,Matches
444,Mohamed Salah,eg EGY,FW,Liverpool,32-329,1992,35,35,3101,34.5,28,18,46,19,9,9,1,0,24.0,17.0,13.2,30.1,143,133,440,0.81,0.52,1.34,0.55,1.07,0.70,0.38,1.08,0.49,0.87,Matches
445,William Saliba,fr FRA,DF,Arsenal,24-047,2001,33,33,2904,32.3,2,0,2,2,0,0,2,1,2.3,2.3,0.9,3.1,16,134,6,0.06,0.00,0.06,0.06,0.06,0.07,0.03,0.10,0.07,0.10,Matches
446,Robert Sánchez,es ESP,GK,Chelsea,27-173,1997,29,29,2610,29.0,0,0,0,0,0,0,5,0,0.0,0.0,0.1,0.1,0,1,0,0.00,0.00,0.00,0.00,0.00,0.00,0.00,0.00,0.00,0.00,Matches
447,Jadon Sancho,eng ENG,FW,Chelsea,25-046,2000,29,18,1687,18.7,3,4,7,3,0,0,2,0,2.2,2.2,3.6,5.8,98,87,218,0.16,0.21,0.37,0.16,0.37,0.12,0.19,0.31,0.12,0.31,Matches
448,Ibrahim Sangaré,ci CIV,MF,Nott'ham Forest,27-159,1997,10,4,370,4.1,0,1,1,0,0,0,3,0,0.0,0.0,0.4,0.4,0,16,3,0.00,0.24,0.24,0.00,0.24,0.00,0.09,0.10,0.00,0.10,Matches
449,Pablo Sarabia,es ESP,"MF,FW",Wolves,32-364,1992,21,6,716,8.0,3,2,5,3,0,0,3,0,2.9,2.9,1.6,4.5,12,51,52,0.38,0.25,0.63,0.38,0.63,0.36,0.20,0.56,0.36,0.56,Matches
450,Jeremy Sarmiento,ec ECU,MF,Brighton,22-328,2002,1,0,9,0.1,0,0,0,0,0,0,0,0,0.0,0.0,0.0,0.0,0,0,2,0.00,0.00,0.00,0.00,0.00,0.00,0.00,0.00,0.00,0.00,Matches
Rk,Player,Nation,Pos,Squad,Age,Born,MP,Starts,Min,90s,Gls,Ast,G+A,G-PK,PK,PKatt,CrdY,CrdR,xG,npxG,xAG,npxG+xAG,PrgC,PrgP,PrgR,Gls,Ast,G+A,G-PK,G+A-PK,xG,xAG,xG+xAG,npxG,npxG+xAG,Matches
451,Ismaila Sarr,sn SEN,"MF,FW",Crystal Palace,27-074,1998,35,27,2482,27.6,7,4,11,7,0,0,4,0,9.1,9.1,7.1,16.2,69,79,169,0.25,0.15,0.40,0.25,0.40,0.33,0.26,0.59,0.33,0.59,Matches
452,Sávio,br BRA,"FW,MF",Manchester City,21-030,2004,27,21,1734,19.3,1,8,9,1,0,0,3,0,4.9,4.9,6.8,11.6,133,66,239,0.05,0.42,0.47,0.05,0.47,0.25,0.35,0.60,0.25,0.60,Matches
453,Oliver Scarles,eng ENG,DF,West Ham,19-149,2005,14,6,594,6.6,0,0,0,0,0,0,1,0,0.1,0.1,0.0,0.1,11,21,39,0.00,0.00,0.00,0.00,0.00,0.02,0.00,0.02,0.02,0.02,Matches
454,Dane Scarlett,eng ENG,"FW,MF",Tottenham,21-047,2004,3,0,34,0.4,0,1,1,0,0,0,0,0,0.0,0.0,0.0,0.1,1,1,1,0.00,2.65,2.65,0.00,2.65,0.09,0.12,0.22,0.09,0.22,Matches
455,Kevin Schade,de GER,FW,Brentford,23-164,2001,35,23,2069,23.0,10,2,12,10,0,0,3,0,7.7,7.7,3.4,11.1,56,32,146,0.43,0.09,0.52,0.43,0.52,0.33,0.15,0.48,0.33,0.48,Matches
456,Fabian Schär,ch SUI,DF,Newcastle Utd,33-141,1991,31,30,2664,29.6,4,0,4,4,0,0,7,1,2.4,2.4,0.4,2.8,14,102,18,0.14,0.00,0.14,0.14,0.14,0.08,0.01,0.10,0.08,0.10,Matches
457,Jeffrey Schlupp,gh GHA,"MF,DF",Crystal Palace,32-138,1992,12,0,103,1.1,0,0,0,0,0,0,0,0,0.2,0.2,0.2,0.3,4,5,9,0.00,0.00,0.00,0.00,0.00,0.14,0.14,0.28,0.14,0.28,Matches
458,Alex Scott,eng ENG,MF,Bournemouth,21-262,2003,18,7,709,7.9,0,0,0,0,0,0,2,0,0.7,0.7,0.8,1.5,15,49,33,0.00,0.00,0.00,0.00,0.00,0.08,0.11,0.19,0.08,0.19,Matches
459,Matz Sels,be BEL,GK,Nott'ham Forest,33-073,1992,35,35,3150,35.0,0,0,0,0,0,0,4,0,0.0,0.0,0.0,0.0,0,1,0,0.00,0.00,0.00,0.00,0.00,0.00,0.00,0.00,0.00,0.00,Matches
460,Nélson Semedo,pt POR,DF,Wolves,31-175,1993,31,30,2661,29.6,0,4,4,0,0,0,7,0,0.8,0.8,2.7,3.5,61,70,109,0.00,0.14,0.14,0.00,0.14,0.03,0.09,0.12,0.03,0.12,Matches
461,Antoine Semenyo,gh GHA,FW,Bournemouth,25-123,2000,34,33,2933,32.6,9,5,14,9,0,0,9,0,9.3,9.3,5.8,15.1,133,106,259,0.28,0.15,0.43,0.28,0.43,0.29,0.18,0.46,0.29,0.46,Matches
462,Marcos Senesi,ar ARG,DF,Bournemouth,28-000,1997,15,12,1014,11.3,0,0,0,0,0,0,5,0,0.8,0.8,0.2,1.0,12,51,5,0.00,0.00,0.00,0.00,0.00,0.07,0.02,0.09,0.07,0.09,Matches
463,Ryan Sessegnon,eng ENG,"FW,DF",Fulham,24-357,2000,13,6,470,5.2,4,2,6,4,0,0,1,0,1.6,1.6,1.0,2.5,14,14,51,0.77,0.38,1.15,0.77,1.15,0.30,0.18,0.49,0.30,0.49,Matches
464,Luke Shaw,eng ENG,DF,Manchester Utd,29-302,1995,5,2,218,2.4,0,0,0,0,0,0,1,0,0.0,0.0,0.7,0.7,6,18,7,0.00,0.00,0.00,0.00,0.00,0.01,0.29,0.31,0.01,0.31,Matches
465,Zain Silcott-Duberry,ms MSR,FW,Bournemouth,19-305,2005,1,0,1,0.0,0,0,0,0,0,0,0,0,0.0,0.0,0.0,0.0,0,0,0,0.00,0.00,0.00,0.00,0.00,0.00,0.00,0.00,0.00,0.00,Matches
466,Bernardo Silva,pt POR,"MF,FW",Manchester City,30-273,1994,30,26,2401,26.7,3,4,7,3,0,0,7,0,3.2,3.2,4.4,7.6,94,115,184,0.11,0.15,0.26,0.11,0.26,0.12,0.16,0.29,0.12,0.29,Matches
467,Jota Silva,pt POR,"FW,MF",Nott'ham Forest,25-282,1999,28,5,844,9.4,3,1,4,3,0,0,5,0,2.0,2.0,2.9,4.9,20,18,58,0.32,0.11,0.43,0.32,0.43,0.22,0.31,0.52,0.22,0.52,Matches
468,Eric da Silva Moreira,de GER,"MF,DF",Nott'ham Forest,19-007,2006,2,0,30,0.3,0,0,0,0,0,0,0,0,0.0,0.0,0.0,0.0,1,0,1,0.00,0.00,0.00,0.00,0.00,0.00,0.00,0.00,0.00,0.00,Matches
469,Jahmai Simpson-Pusey,eng ENG,DF,Manchester City,19-187,2005,2,1,96,1.1,0,0,0,0,0,0,1,0,0.0,0.0,0.0,0.0,1,3,0,0.00,0.00,0.00,0.00,0.00,0.00,0.00,0.00,0.00,0.00,Matches
470,Luis Sinisterra,co COL,"FW,MF",Bournemouth,25-327,1999,12,1,236,2.6,1,1,2,1,0,0,0,0,1.2,1.2,1.4,2.6,19,6,38,0.38,0.38,0.76,0.38,0.76,0.46,0.54,1.00,0.46,1.00,Matches
471,Oliver Skipp,eng ENG,MF,Leicester City,24-236,2000,21,8,996,11.1,0,0,0,0,0,0,8,0,0.2,0.2,0.3,0.4,16,31,19,0.00,0.00,0.00,0.00,0.00,0.01,0.02,0.04,0.01,0.04,Matches
472,William Smallbone,ie IRL,MF,Southampton,25-078,2000,15,6,646,7.2,1,0,1,1,0,0,1,0,0.4,0.4,0.6,1.1,5,25,23,0.14,0.00,0.14,0.14,0.14,0.06,0.09,0.15,0.06,0.15,Matches
473,Adam Smith,eng ENG,DF,Bournemouth,34-011,1991,22,17,1409,15.7,0,0,0,0,0,0,6,0,0.7,0.7,0.3,1.0,12,40,31,0.00,0.00,0.00,0.00,0.00,0.04,0.02,0.06,0.04,0.06,Matches
474,Emile Smith Rowe,eng ENG,MF,Fulham,24-286,2000,31,23,1886,21.0,6,2,8,6,0,0,2,0,4.4,4.4,1.1,5.5,50,120,115,0.29,0.10,0.38,0.29,0.38,0.21,0.05,0.26,0.21,0.26,Matches
475,Dominic Solanke,eng ENG,FW,Tottenham,27-238,1997,25,24,2119,23.5,8,3,11,8,0,0,0,0,10.1,10.1,2.9,13.1,29,45,88,0.34,0.13,0.47,0.34,0.47,0.43,0.13,0.56,0.43,0.56,Matches
Rk,Player,Nation,Pos,Squad,Age,Born,MP,Starts,Min,90s,Gls,Ast,G+A,G-PK,PK,PKatt,CrdY,CrdR,xG,npxG,xAG,npxG+xAG,PrgC,PrgP,PrgR,Gls,Ast,G+A,G-PK,G+A-PK,xG,xAG,xG+xAG,npxG,npxG+xAG,Matches
476,Carlos Soler,es ESP,"MF,FW",West Ham,28-128,1997,29,14,1358,15.1,1,1,2,1,0,0,5,0,1.7,1.7,1.2,2.9,16,52,33,0.07,0.07,0.13,0.07,0.13,0.11,0.08,0.19,0.11,0.19,Matches
477,Julio Soler,ar ARG,FW,Bournemouth,20-083,2005,1,0,2,0.0,0,0,0,0,0,0,0,0,0.0,0.0,0.0,0.0,0,0,0,0.00,0.00,0.00,0.00,0.00,0.00,0.00,0.00,0.00,0.00,Matches
478,Ramón Sosa,py PAR,"FW,MF",Nott'ham Forest,25-252,1999,19,1,295,3.3,1,0,1,1,0,0,1,0,1.0,1.0,0.5,1.5,12,6,17,0.31,0.00,0.31,0.31,0.31,0.31,0.15,0.45,0.31,0.45,Matches
479,Tomáš Souček,cz CZE,MF,West Ham,30-072,1995,32,27,2330,25.9,8,1,9,8,0,0,8,0,6.0,6.0,1.0,7.0,6,70,65,0.31,0.04,0.35,0.31,0.35,0.23,0.04,0.27,0.23,0.27,Matches
480,Boubakary Soumaré,fr FRA,MF,Leicester City,26-072,1999,28,23,1960,21.8,0,0,0,0,0,0,8,0,0.3,0.3,0.4,0.7,31,95,21,0.00,0.00,0.00,0.00,0.00,0.01,0.02,0.03,0.01,0.03,Matches
481,Djed Spence,eng ENG,DF,Tottenham,24-274,2000,22,17,1604,17.8,1,2,3,1,0,0,4,1,0.6,0.6,1.8,2.3,56,100,70,0.06,0.11,0.17,0.06,0.17,0.03,0.10,0.13,0.03,0.13,Matches
482,Jay Stansfield,eng ENG,MF,Fulham,22-167,2002,1,0,1,0.0,0,0,0,0,0,0,0,0,0.0,0.0,0.0,0.0,0,0,0,0.00,0.00,0.00,0.00,0.00,0.00,0.00,0.00,0.00,0.00,Matches
483,Jason Steele,eng ENG,GK,Brighton,34-265,1990,2,2,180,2.0,0,0,0,0,0,0,0,0,0.0,0.0,0.0,0.0,0,0,0,0.00,0.00,0.00,0.00,0.00,0.00,0.00,0.00,0.00,0.00,Matches
484,Jack Stephens,eng ENG,DF,Southampton,31-103,1994,17,15,1209,13.4,1,0,1,1,0,0,2,2,0.6,0.6,0.2,0.7,13,53,2,0.07,0.00,0.07,0.07,0.07,0.04,0.01,0.05,0.04,0.05,Matches
485,Raheem Sterling,eng ENG,"FW,MF",Arsenal,30-153,1994,16,6,437,4.9,0,2,2,0,0,0,1,0,1.3,1.3,0.5,1.8,25,17,73,0.00,0.41,0.41,0.00,0.41,0.27,0.10,0.37,0.27,0.37,Matches
486,Ross Stewart,sct SCO,FW,Southampton,28-303,1996,9,3,286,3.2,0,0,0,0,0,0,1,0,0.3,0.3,0.0,0.3,1,1,6,0.00,0.00,0.00,0.00,0.00,0.08,0.00,0.08,0.08,0.08,Matches
487,Jakub Stolarczyk,pl POL,GK,Leicester City,24-142,2000,7,7,630,7.0,0,0,0,0,0,0,1,0,0.0,0.0,0.0,0.0,0,1,0,0.00,0.00,0.00,0.00,0.00,0.00,0.00,0.00,0.00,0.00,Matches
488,John Stones,eng ENG,"DF,MF",Manchester City,30-347,1994,11,6,548,6.1,2,0,2,2,0,0,1,0,0.4,0.4,0.1,0.5,10,21,2,0.33,0.00,0.33,0.33,0.33,0.07,0.01,0.08,0.07,0.08,Matches
489,Jørgen Strand Larsen,no NOR,FW,Wolves,25-093,2000,32,29,2463,27.4,13,2,15,13,0,0,4,0,10.0,10.0,2.4,12.4,16,28,106,0.48,0.07,0.55,0.48,0.55,0.37,0.09,0.45,0.37,0.45,Matches
490,Yukinari Sugawara,jp JPN,"DF,MF",Southampton,24-316,2000,29,15,1467,16.3,1,1,2,1,0,0,4,0,0.5,0.5,2.2,2.7,32,68,76,0.06,0.06,0.12,0.06,0.12,0.03,0.14,0.17,0.03,0.17,Matches
491,Kamaldeen Sulemana,gh GHA,"FW,MF",Southampton,23-084,2002,23,14,1178,13.1,1,1,2,1,0,0,2,0,1.4,1.4,1.0,2.4,57,26,76,0.08,0.08,0.15,0.08,0.15,0.10,0.08,0.18,0.10,0.18,Matches
492,Crysencio Summerville,nl NED,"FW,MF",West Ham,23-192,2001,19,7,786,8.7,1,1,2,1,0,0,2,0,1.6,1.6,1.7,3.3,29,18,71,0.11,0.11,0.23,0.11,0.23,0.19,0.19,0.38,0.19,0.38,Matches
493,Sammie Szmodics,ie IRL,"FW,MF",Ipswich Town,29-228,1995,19,13,979,10.9,4,0,4,4,0,0,2,0,3.4,3.4,0.2,3.6,16,18,46,0.37,0.00,0.37,0.37,0.37,0.31,0.02,0.33,0.31,0.33,Matches
494,Dominik Szoboszlai,hu HUN,MF,Liverpool,24-197,2000,33,26,2279,25.3,5,5,10,5,0,0,6,0,7.1,7.1,6.2,13.3,65,118,120,0.20,0.20,0.39,0.20,0.39,0.28,0.24,0.53,0.28,0.53,Matches
495,Matt Targett,eng ENG,DF,Newcastle Utd,29-234,1995,2,0,21,0.2,0,0,0,0,0,0,0,0,0.0,0.0,0.0,0.0,0,0,1,0.00,0.00,0.00,0.00,0.00,0.00,0.00,0.00,0.00,0.00,Matches
496,James Tarkowski,eng ENG,DF,Everton,32-172,1992,33,33,2922,32.5,1,1,2,1,0,0,6,0,1.3,1.3,2.9,4.2,9,75,3,0.03,0.03,0.06,0.03,0.06,0.04,0.09,0.13,0.04,0.13,Matches
497,Marcus Tavernier,eng ENG,"FW,MF",Bournemouth,26-049,1999,26,17,1670,18.6,3,5,8,3,0,0,5,0,5.3,5.3,2.8,8.1,41,102,106,0.16,0.27,0.43,0.16,0.43,0.29,0.15,0.44,0.29,0.44,Matches
498,Charlie Taylor,eng ENG,DF,Southampton,31-234,1993,7,2,266,3.0,0,0,0,0,0,0,1,0,0.0,0.0,0.1,0.1,3,8,6,0.00,0.00,0.00,0.00,0.00,0.00,0.03,0.03,0.00,0.03,Matches
499,Jack Taylor,ie IRL,MF,Ipswich Town,26-321,1998,29,3,766,8.5,1,0,1,1,0,0,3,0,0.7,0.7,0.5,1.2,11,41,21,0.12,0.00,0.12,0.12,0.12,0.08,0.06,0.15,0.08,0.15,Matches
500,Mathys Tel,fr FRA,FW,Tottenham,20-013,2005,10,8,649,7.2,2,1,3,1,1,1,1,0,2.3,1.5,1.4,2.9,18,16,57,0.28,0.14,0.42,0.14,0.28,0.32,0.19,0.51,0.21,0.40,Matches
Rk,Player,Nation,Pos,Squad,Age,Born,MP,Starts,Min,90s,Gls,Ast,G+A,G-PK,PK,PKatt,CrdY,CrdR,xG,npxG,xAG,npxG+xAG,PrgC,PrgP,PrgR,Gls,Ast,G+A,G-PK,G+A-PK,xG,xAG,xG+xAG,npxG,npxG+xAG,Matches
501,Kenny Tete,nl NED,DF,Fulham,29-213,1995,19,18,1504,16.7,0,2,2,0,0,0,4,0,1.2,1.2,0.9,2.1,33,50,47,0.00,0.12,0.12,0.00,0.12,0.07,0.05,0.13,0.07,0.13,Matches
502,Thiago,br BRA,FW,Brentford,23-318,2001,5,1,142,1.6,0,0,0,0,0,0,0,0,0.1,0.1,0.1,0.2,3,2,4,0.00,0.00,0.00,0.00,0.00,0.06,0.04,0.10,0.06,0.10,Matches
503,Luke Thomas,eng ENG,DF,Leicester City,23-334,2001,11,10,873,9.7,0,0,0,0,0,0,1,0,0.4,0.4,0.3,0.6,3,30,13,0.00,0.00,0.00,0.00,0.00,0.04,0.03,0.06,0.04,0.06,Matches
504,Youri Tielemans,be BEL,MF,Aston Villa,28-003,1997,35,35,2997,33.3,3,7,10,3,0,1,4,0,3.1,2.3,6.9,9.2,39,234,48,0.09,0.21,0.30,0.09,0.30,0.09,0.21,0.30,0.07,0.28,Matches
505,Kieran Tierney,sct SCO,"DF,FW",Arsenal,27-339,1997,10,1,181,2.0,0,0,0,0,0,0,0,0,0.2,0.2,0.9,1.1,5,12,22,0.00,0.00,0.00,0.00,0.00,0.10,0.43,0.53,0.10,0.53,Matches
506,Jurriën Timber,nl NED,DF,Arsenal,23-327,2001,30,27,2417,26.9,1,3,4,1,0,0,7,0,1.2,1.2,0.8,2.1,57,146,104,0.04,0.11,0.15,0.04,0.15,0.05,0.03,0.08,0.05,0.08,Matches
507,Jean-Clair Todibo,fr FRA,DF,West Ham,25-131,1999,24,17,1564,17.4,0,0,0,0,0,0,2,0,0.2,0.2,0.0,0.2,9,31,5,0.00,0.00,0.00,0.00,0.00,0.01,0.00,0.01,0.01,0.01,Matches
508,Harry Toffolo,eng ENG,DF,Nott'ham Forest,29-264,1995,4,1,137,1.5,0,0,0,0,0,0,1,0,0.0,0.0,0.0,0.0,0,2,4,0.00,0.00,0.00,0.00,0.00,0.01,0.00,0.01,0.01,0.01,Matches
509,Takehiro Tomiyasu,jp JPN,DF,Arsenal,26-186,1998,1,0,7,0.1,0,0,0,0,0,0,0,0,0.2,0.2,0.0,0.2,0,1,0,0.00,0.00,0.00,0.00,0.00,2.37,0.00,2.37,2.37,2.37,Matches
510,Sandro Tonali,it ITA,MF,Newcastle Utd,25-002,2000,33,25,2360,26.2,3,2,5,3,0,0,5,0,3.7,3.7,1.4,5.0,33,116,48,0.11,0.08,0.19,0.11,0.19,0.14,0.05,0.19,0.14,0.19,Matches
511,Pau Torres,es ESP,DF,Aston Villa,28-114,1997,21,21,1819,20.2,0,0,0,0,0,0,1,0,0.5,0.5,0.1,0.6,33,77,4,0.00,0.00,0.00,0.00,0.00,0.03,0.00,0.03,0.03,0.03,Matches
512,Conor Townsend,eng ENG,DF,Ipswich Town,32-067,1993,6,3,335,3.7,0,1,1,0,0,0,1,0,0.0,0.0,0.7,0.7,2,8,13,0.00,0.27,0.27,0.00,0.27,0.01,0.18,0.18,0.01,0.18,Matches
513,Adama Traoré,es ESP,"FW,MF",Fulham,29-105,1996,33,16,1592,17.7,2,6,8,2,0,0,3,0,3.9,3.9,4.7,8.6,89,61,145,0.11,0.34,0.45,0.11,0.45,0.22,0.27,0.49,0.22,0.49,Matches
514,Boubacar Traoré,ml MLI,MF,Wolves,23-263,2001,1,0,1,0.0,0,0,0,0,0,0,0,0,0.0,0.0,0.0,0.0,0,0,0,0.00,0.00,0.00,0.00,0.00,0.00,0.00,0.00,0.00,0.00,Matches
515,Mark Travers,ie IRL,GK,Bournemouth,25-357,1999,5,5,450,5.0,0,0,0,0,0,0,0,0,0.0,0.0,0.0,0.0,0,0,0,0.00,0.00,0.00,0.00,0.00,0.00,0.00,0.00,0.00,0.00,Matches
516,Ryan Trevitt,eng ENG,MF,Brentford,22-059,2003,1,0,4,0.0,0,0,0,0,0,0,0,0,0.0,0.0,0.0,0.0,0,0,1,0.00,0.00,0.00,0.00,0.00,0.00,0.00,0.00,0.00,0.00,Matches
517,Kieran Trippier,eng ENG,DF,Newcastle Utd,34-233,1990,24,14,1281,14.2,0,3,3,0,0,0,1,0,0.1,0.1,1.3,1.3,25,111,53,0.00,0.21,0.21,0.00,0.21,0.01,0.09,0.09,0.01,0.09,Matches
518,Leandro Trossard,be BEL,FW,Arsenal,30-157,1994,35,26,2354,26.2,8,5,13,8,0,0,4,1,6.8,6.8,5.3,12.0,75,95,207,0.31,0.19,0.50,0.31,0.50,0.26,0.20,0.46,0.26,0.46,Matches
519,Kostas Tsimikas,gr GRE,DF,Liverpool,28-363,1996,17,8,747,8.3,0,1,1,0,0,0,2,0,0.4,0.4,2.1,2.5,16,71,42,0.00,0.12,0.12,0.00,0.12,0.05,0.26,0.30,0.05,0.30,Matches
520,Axel Tuanzebe,cd COD,DF,Ipswich Town,27-177,1997,19,17,1446,16.1,0,1,1,0,0,0,5,1,0.2,0.2,0.3,0.5,9,46,8,0.00,0.06,0.06,0.00,0.06,0.01,0.02,0.03,0.01,0.03,Matches
521,Destiny Udogie,it ITA,DF,Tottenham,22-163,2002,24,23,1834,20.4,0,1,1,0,0,0,2,0,0.3,0.3,1.5,1.8,54,120,93,0.00,0.05,0.05,0.00,0.05,0.01,0.07,0.09,0.01,0.09,Matches
522,Manuel Ugarte Ribeiro,uy URU,MF,Manchester Utd,24-029,2001,27,21,1706,19.0,1,2,3,1,0,0,10,0,1.0,1.0,1.1,2.1,16,59,20,0.05,0.11,0.16,0.05,0.16,0.05,0.06,0.11,0.05,0.11,Matches
523,Lesley Ugochukwu,fr FRA,MF,Southampton,21-045,2004,24,16,1525,16.9,1,1,2,1,0,0,6,0,0.9,0.9,1.0,1.9,29,49,20,0.06,0.06,0.12,0.06,0.12,0.05,0.06,0.11,0.05,0.11,Matches
524,Enes Ünal,tr TUR,"FW,MF",Bournemouth,28-000,1997,17,2,345,3.8,2,1,3,2,0,0,2,0,2.7,2.7,0.4,3.1,4,12,22,0.52,0.26,0.78,0.52,0.78,0.72,0.10,0.82,0.72,0.82,Matches
525,Virgil van Dijk,nl NED,DF,Liverpool,33-306,1991,35,35,3150,35.0,3,1,4,3,0,0,4,0,2.2,2.2,0.7,3.0,18,180,6,0.09,0.03,0.11,0.09,0.11,0.06,0.02,0.08,0.06,0.08,Matches
Rk,Player,Nation,Pos,Squad,Age,Born,MP,Starts,Min,90s,Gls,Ast,G+A,G-PK,PK,PKatt,CrdY,CrdR,xG,npxG,xAG,npxG+xAG,PrgC,PrgP,PrgR,Gls,Ast,G+A,G-PK,G+A-PK,xG,xAG,xG+xAG,npxG,npxG+xAG,Matches
526,Jamie Vardy,eng ENG,FW,Leicester City,38-119,1987,33,33,2655,29.5,8,3,11,7,1,2,5,0,10.7,9.1,2.9,12.0,27,20,110,0.27,0.10,0.37,0.24,0.34,0.36,0.10,0.46,0.31,0.41,Matches
527,Renato Veiga,pt POR,"DF,MF",Chelsea,21-285,2003,7,1,181,2.0,0,0,0,0,0,0,2,0,0.1,0.1,0.0,0.1,4,7,3,0.00,0.00,0.00,0.00,0.00,0.07,0.00,0.07,0.07,0.07,Matches
528,Joël Veltman,nl NED,DF,Brighton,33-115,1992,20,19,1665,18.5,0,0,0,0,0,0,4,0,0.5,0.5,0.5,0.9,30,80,32,0.00,0.00,0.00,0.00,0.00,0.03,0.02,0.05,0.03,0.05,Matches
529,Micky van de Ven,nl NED,DF,Tottenham,24-021,2001,12,11,950,10.6,0,2,2,0,0,0,4,0,0.6,0.6,1.2,1.7,8,51,1,0.00,0.19,0.19,0.00,0.19,0.05,0.11,0.16,0.05,0.16,Matches
530,Bart Verbruggen,nl NED,GK,Brighton,22-265,2002,33,33,2970,33.0,0,1,1,0,0,0,5,0,0.0,0.0,0.0,0.0,0,2,0,0.00,0.03,0.03,0.00,0.03,0.00,0.00,0.00,0.00,0.00,Matches
531,Jannik Vestergaard,dk DEN,DF,Leicester City,32-280,1992,18,16,1391,15.5,0,0,0,0,0,0,5,0,0.1,0.1,0.1,0.2,3,32,2,0.00,0.00,0.00,0.00,0.00,0.01,0.01,0.01,0.01,0.01,Matches
532,Guglielmo Vicario,it ITA,GK,Tottenham,28-215,1996,23,23,2070,23.0,0,0,0,0,0,0,1,0,0.0,0.0,0.0,0.0,0,1,0,0.00,0.00,0.00,0.00,0.00,0.00,0.00,0.00,0.00,0.00,Matches
533,Carlos Vinícius,br BRA,"MF,FW",Fulham,30-046,1995,3,0,16,0.2,0,0,0,0,0,0,0,0,0.0,0.0,0.0,0.0,1,0,3,0.00,0.00,0.00,0.00,0.00,0.21,0.00,0.21,0.21,0.21,Matches
534,Kyle Walker,eng ENG,DF,Manchester City,34-347,1990,15,9,970,10.8,0,0,0,0,0,0,3,0,0.1,0.1,0.4,0.6,12,64,11,0.00,0.00,0.00,0.00,0.00,0.01,0.04,0.05,0.01,0.05,Matches
535,Kyle Walker-Peters,eng ENG,DF,Southampton,28-027,1997,33,33,2918,32.4,0,2,2,0,0,0,5,0,0.8,0.8,2.8,3.6,114,139,144,0.00,0.06,0.06,0.00,0.06,0.03,0.09,0.11,0.03,0.11,Matches
536,Christian Walton,eng ENG,GK,Ipswich Town,29-182,1995,6,6,540,6.0,0,0,0,0,0,0,0,0,0.0,0.0,0.0,0.0,0,0,0,0.00,0.00,0.00,0.00,0.00,0.00,0.00,0.00,0.00,0.00,Matches
537,Aaron Wan-Bissaka,eng ENG,DF,West Ham,27-165,1997,33,32,2884,32.0,2,3,5,2,0,0,1,0,1.2,1.2,3.2,4.4,101,132,150,0.06,0.09,0.16,0.06,0.16,0.04,0.10,0.14,0.04,0.14,Matches
538,Danny Ward,wls WAL,GK,Leicester City,31-322,1993,2,1,135,1.5,0,0,0,0,0,0,0,0,0.0,0.0,0.0,0.0,0,0,0,0.00,0.00,0.00,0.00,0.00,0.00,0.00,0.00,0.00,0.00,Matches
539,Joel Ward,eng ENG,DF,Crystal Palace,35-193,1989,1,0,1,0.0,0,0,0,0,0,0,0,0,0.0,0.0,0.0,0.0,0,0,0,0.00,0.00,0.00,0.00,0.00,0.00,0.00,0.00,0.00,0.00,Matches
540,James Ward-Prowse,eng ENG,MF,West Ham,30-190,1994,12,9,813,9.0,0,1,1,0,0,0,2,0,0.6,0.6,1.3,1.9,9,47,4,0.00,0.11,0.11,0.00,0.11,0.07,0.14,0.21,0.07,0.21,Matches
541,James Ward-Prowse,eng ENG,MF,Nott'ham Forest,30-190,1994,9,5,400,4.4,0,1,1,0,0,0,2,1,0.1,0.1,1.1,1.2,1,16,3,0.00,0.23,0.23,0.00,0.23,0.01,0.25,0.26,0.01,0.26,Matches
542,Ollie Watkins,eng ENG,FW,Aston Villa,29-131,1995,35,28,2333,25.9,15,7,22,13,2,2,2,0,14.7,13.2,3.0,16.2,52,29,148,0.58,0.27,0.85,0.50,0.77,0.57,0.12,0.69,0.51,0.62,Matches
543,Adam Webster,eng ENG,DF,Brighton,30-126,1995,11,8,617,6.9,0,0,0,0,0,0,0,0,0.0,0.0,0.5,0.5,7,40,2,0.00,0.00,0.00,0.00,0.00,0.00,0.07,0.08,0.00,0.08,Matches
544,Danny Welbeck,eng ENG,FW,Brighton,34-165,1990,28,22,1942,21.6,9,4,13,9,0,0,5,0,8.1,8.1,1.2,9.3,19,42,83,0.42,0.19,0.60,0.42,0.60,0.38,0.06,0.43,0.38,0.43,Matches
545,Welington,br BRA,"DF,MF",Southampton,24-080,2001,7,3,215,2.4,0,0,0,0,0,0,1,0,0.0,0.0,0.0,0.1,3,6,10,0.00,0.00,0.00,0.00,0.00,0.02,0.01,0.03,0.02,0.03,Matches
546,Timo Werner,de GER,"FW,MF",Tottenham,29-065,1996,18,4,516,5.7,0,3,3,0,0,0,0,0,1.0,1.0,2.5,3.5,42,30,89,0.00,0.52,0.52,0.00,0.52,0.17,0.44,0.61,0.17,0.61,Matches
547,Adam Wharton,eng ENG,MF,Crystal Palace,20-342,2004,20,16,1318,14.6,0,2,2,0,0,0,2,0,0.4,0.4,3.0,3.4,14,107,11,0.00,0.14,0.14,0.00,0.14,0.03,0.21,0.23,0.03,0.23,Matches
548,Ben White,eng ENG,DF,Arsenal,27-214,1997,14,10,941,10.5,0,1,1,0,0,0,2,0,0.4,0.4,0.8,1.2,11,44,28,0.00,0.10,0.10,0.00,0.10,0.04,0.08,0.12,0.04,0.12,Matches
549,Mats Wieffer,nl NED,"MF,DF",Brighton,25-175,1999,22,7,745,8.3,1,3,4,1,0,0,5,0,0.7,0.7,1.5,2.2,13,52,18,0.12,0.36,0.48,0.12,0.48,0.09,0.18,0.27,0.09,0.27,Matches
550,Neco Williams,wls WAL,DF,Nott'ham Forest,24-027,2001,32,25,2324,25.8,1,3,4,1,0,0,7,0,2.3,2.3,1.5,3.8,60,82,86,0.04,0.12,0.15,0.04,0.15,0.09,0.06,0.15,0.09,0.15,Matches
Rk,Player,Nation,Pos,Squad,Age,Born,MP,Starts,Min,90s,Gls,Ast,G+A,G-PK,PK,PKatt,CrdY,CrdR,xG,npxG,xAG,npxG+xAG,PrgC,PrgP,PrgR,Gls,Ast,G+A,G-PK,G+A-PK,xG,xAG,xG+xAG,npxG,npxG+xAG,Matches
551,Willian,br BRA,"FW,MF",Fulham,36-274,1988,9,2,241,2.7,0,0,0,0,0,0,0,0,0.3,0.3,0.5,0.7,9,38,31,0.00,0.00,0.00,0.00,0.00,0.10,0.17,0.27,0.10,0.27,Matches
552,Joe Willock,eng ENG,"MF,FW",Newcastle Utd,25-263,1999,30,11,1026,11.4,0,2,2,0,0,0,3,0,1.6,1.6,1.9,3.5,36,38,82,0.00,0.18,0.18,0.00,0.18,0.14,0.17,0.31,0.14,0.31,Matches
553,Callum Wilson,eng ENG,FW,Newcastle Utd,33-072,1992,15,1,285,3.2,0,0,0,0,0,0,1,0,0.4,0.4,0.1,0.4,5,3,12,0.00,0.00,0.00,0.00,0.00,0.12,0.02,0.14,0.12,0.14,Matches
554,Harry Wilson,wls WAL,"FW,MF",Fulham,28-049,1997,22,10,1003,11.1,5,1,6,5,0,0,2,0,3.7,3.7,1.1,4.8,17,48,83,0.45,0.09,0.54,0.45,0.54,0.33,0.10,0.43,0.33,0.43,Matches
555,Harry Winks,eng ENG,MF,Leicester City,29-097,1996,22,17,1538,17.1,0,2,2,0,0,0,4,0,0.2,0.2,1.2,1.5,19,101,11,0.00,0.12,0.12,0.00,0.12,0.01,0.07,0.09,0.01,0.09,Matches
556,Ben Winterburn,eng ENG,"FW,MF",Bournemouth,20-248,2004,3,0,23,0.3,0,0,0,0,0,0,0,0,0.0,0.0,0.0,0.0,2,0,2,0.00,0.00,0.00,0.00,0.00,0.00,0.00,0.00,0.00,0.00,Matches
557,Yoane Wissa,cd COD,FW,Brentford,28-249,1996,32,31,2650,29.4,18,3,21,18,0,0,2,0,16.5,16.5,1.8,18.3,51,57,135,0.61,0.10,0.71,0.61,0.71,0.56,0.06,0.62,0.56,0.62,Matches
558,Chris Wood,nz NZL,FW,Nott'ham Forest,33-154,1991,33,32,2689,29.9,19,3,22,16,3,3,1,0,11.7,9.3,2.5,11.8,13,36,87,0.64,0.10,0.74,0.54,0.64,0.39,0.08,0.47,0.31,0.40,Matches
559,Nathan Wood-Gordon,eng ENG,DF,Southampton,22-344,2002,9,7,624,6.9,0,0,0,0,0,0,2,0,0.2,0.2,0.0,0.3,2,17,0,0.00,0.00,0.00,0.00,0.00,0.03,0.00,0.04,0.03,0.04,Matches
560,Luke Woolfenden,eng ENG,DF,Ipswich Town,26-201,1998,15,12,1187,13.2,0,0,0,0,0,0,2,0,0.0,0.0,0.0,0.0,7,15,0,0.00,0.00,0.00,0.00,0.00,0.00,0.00,0.00,0.00,0.00,Matches
561,Yehor Yarmoliuk,ua UKR,MF,Brentford,21-070,2004,28,12,1196,13.3,0,0,0,0,0,0,5,0,0.6,0.6,0.9,1.5,15,52,44,0.00,0.00,0.00,0.00,0.00,0.05,0.07,0.11,0.05,0.11,Matches
562,Ryan Yates,eng ENG,MF,Nott'ham Forest,27-170,1997,32,18,1874,20.8,2,1,3,2,0,0,10,0,2.3,2.3,1.1,3.4,17,48,14,0.10,0.05,0.14,0.10,0.14,0.11,0.05,0.16,0.11,0.16,Matches
563,Leny Yoro,fr FRA,DF,Manchester Utd,19-178,2005,20,11,1114,12.4,0,0,0,0,0,0,5,0,0.7,0.7,0.1,0.8,19,52,4,0.00,0.00,0.00,0.00,0.00,0.06,0.01,0.06,0.06,0.06,Matches
564,Ashley Young,eng ENG,"DF,FW",Everton,39-305,1985,29,17,1622,18.0,1,3,4,1,0,0,6,1,0.3,0.3,1.6,1.8,20,83,27,0.06,0.17,0.22,0.06,0.22,0.01,0.09,0.10,0.01,0.10,Matches
565,Illia Zabarnyi,ua UKR,DF,Bournemouth,22-251,2002,33,32,2842,31.6,0,0,0,0,0,0,3,1,1.1,1.1,0.6,1.6,25,128,4,0.00,0.00,0.00,0.00,0.00,0.03,0.02,0.05,0.03,0.05,Matches
566,Oleksandr Zinchenko,ua UKR,"DF,MF",Arsenal,28-146,1996,13,4,455,5.1,0,1,1,0,0,0,1,0,0.3,0.3,0.1,0.4,10,37,12,0.00,0.20,0.20,0.00,0.20,0.05,0.03,0.08,0.05,0.08,Matches
567,Joshua Zirkzee,nl NED,"FW,MF",Manchester Utd,23-353,2001,32,14,1402,15.6,3,1,4,3,0,0,2,0,4.8,4.8,1.5,6.3,14,44,69,0.19,0.06,0.26,0.19,0.26,0.31,0.10,0.41,0.31,0.41,Matches
568,Martin Ødegaard,no NOR,MF,Arsenal,26-144,1998,27,24,2130,23.7,2,7,9,1,1,1,4,0,4.6,3.8,5.0,8.8,82,240,144,0.08,0.30,0.38,0.04,0.34,0.19,0.21,0.41,0.16,0.37,Matches
