Rk,Player,Nation,Pos,Squad,Age,Born,90s,SCA,SCA90,PassLive,PassDead,TO,Sh,Fld,Def,GCA,GCA90,PassLive,PassDead,TO,Sh,Fld,Def,Matches
1,Max Aarons,eng ENG,DF,Bournemouth,25-126,2000,1.0,2,2.09,2,0,0,0,0,0,0,0.00,0,0,0,0,0,0,Matches
2,Joshua Acheampong,eng ENG,DF,Chelsea,19-005,2006,1.9,2,1.06,2,0,0,0,0,0,0,0.00,0,0,0,0,0,0,Matches
3,Tyler Adams,us USA,MF,Bournemouth,26-085,1999,19.0,37,1.95,32,0,0,1,0,4,4,0.21,3,0,0,0,0,1,Matches
4,Tosin Adarabioyo,eng ENG,DF,Chelsea,27-228,1997,13.7,12,0.88,7,0,0,5,0,0,1,0.07,0,0,0,1,0,0,Matches
5,Simon Adingra,ci CIV,"FW,MF",Brighton,23-129,2002,10.6,39,3.68,27,0,6,6,0,0,7,0.66,5,0,1,1,0,0,Matches
6,Emmanuel Agbadou,ci CIV,DF,Wolves,27-327,1997,12.7,15,1.18,14,1,0,0,0,0,2,0.16,2,0,0,0,0,0,Matches
7,Asher Agbinone,eng ENG,MF,Crystal Palace,19-224,2005,0.1,1,15.00,1,0,0,0,0,0,0,0.00,0,0,0,0,0,0,Matches
8,Ola Aina,ng NGA,DF,Nott'ham Forest,28-214,1996,30.4,58,1.91,46,5,3,1,2,1,3,0.10,2,0,0,0,0,1,Matches
9,Rayan Aït-Nouri,dz ALG,DF,Wolves,23-338,2001,31.8,78,2.45,47,13,7,7,3,1,12,0.38,10,1,0,0,0,1,Matches
10,Kristoffer Ajer,no NOR,DF,Brentford,27-023,1998,15.6,18,1.15,15,0,1,2,0,0,2,0.13,2,0,0,0,0,0,Matches
11,Manuel Akanji,ch SUI,DF,Manchester City,29-295,1995,19.4,34,1.75,34,0,0,0,0,0,2,0.10,2,0,0,0,0,0,Matches
12,Nathan Aké,nl NED,DF,Manchester City,30-081,1995,7.5,8,1.06,8,0,0,0,0,0,0,0.00,0,0,0,0,0,0,Matches
13,Carlos Alcaraz,ar ARG,MF,Southampton,22-161,2002,0.1,1,9.00,1,0,0,0,0,0,0,0.00,0,0,0,0,0,0,Matches
14,Carlos Alcaraz,ar ARG,"FW,MF",Everton,22-161,2002,6.4,26,4.03,21,1,3,0,1,0,4,0.62,4,0,0,0,0,0,Matches
15,Trent Alexander-Arnold,eng ENG,DF,Liverpool,26-215,1998,25.5,94,3.68,72,14,4,4,0,0,10,0.39,9,1,0,0,0,0,Matches
16,Alisson,br BRA,GK,Liverpool,32-220,1992,24.9,6,0.24,6,0,0,0,0,0,1,0.04,1,0,0,0,0,0,Matches
17,Miguel Almirón,py PAR,FW,Newcastle Utd,31-089,1994,1.7,8,4.59,6,0,1,1,0,0,0,0.00,0,0,0,0,0,0,Matches
18,Edson Álvarez,mx MEX,MF,West Ham,27-198,1997,18.1,25,1.38,21,0,2,1,1,0,2,0.11,2,0,0,0,0,0,Matches
19,Will Alves,eng ENG,FW,Leicester City,20-096,2005,0.0,0,0.00,0,0,0,0,0,0,0,0.00,0,0,0,0,0,0,Matches
20,Harry Amass,eng ENG,DF,Manchester Utd,18-055,2007,2.8,6,2.11,6,0,0,0,0,0,0,0.00,0,0,0,0,0,0,Matches
21,Samuel Amo-Ameyaw,eng ENG,"FW,DF",Southampton,18-296,2006,0.3,2,6.43,1,0,0,0,1,0,0,0.00,0,0,0,0,0,0,Matches
22,Mathis Amougou,fr FRA,MF,Chelsea,19-112,2006,0.1,0,0.00,0,0,0,0,0,0,0,0.00,0,0,0,0,0,0,Matches
23,Joachim Andersen,dk DEN,DF,Crystal Palace,28-344,1996,1.0,1,1.00,1,0,0,0,0,0,0,0.00,0,0,0,0,0,0,Matches
24,Joachim Andersen,dk DEN,DF,Fulham,28-344,1996,25.7,30,1.17,23,1,0,6,0,0,2,0.08,1,1,0,0,0,0,Matches
25,Elliot Anderson,eng ENG,MF,Nott'ham Forest,22-185,2002,27.4,78,2.85,38,18,7,7,3,5,10,0.36,4,3,0,1,1,1,Matches
Rk,Player,Nation,Pos,Squad,Age,Born,90s,SCA,SCA90,PassLive,PassDead,TO,Sh,Fld,Def,GCA,GCA90,PassLive,PassDead,TO,Sh,Fld,Def,Matches
26,André,br BRA,MF,Wolves,23-298,2001,25.0,45,1.80,37,3,1,0,0,4,3,0.12,2,1,0,0,0,0,Matches
27,Michail Antonio,jm JAM,FW,West Ham,35-043,1990,9.3,22,2.37,14,0,1,5,1,1,4,0.43,0,0,0,4,0,0,Matches
28,Antony,br BRA,"DF,MF",Manchester Utd,25-075,2000,1.6,8,5.11,6,0,1,0,1,0,0,0.00,0,0,0,0,0,0,Matches
29,Julian Araujo,mx MEX,DF,Bournemouth,23-270,2001,4.7,4,0.85,4,0,0,0,0,0,0,0.00,0,0,0,0,0,0,Matches
30,Cameron Archer,eng ENG,FW,Southampton,23-293,2001,15.3,17,1.12,8,0,4,4,1,0,0,0.00,0,0,0,0,0,0,Matches
31,Alphonse Areola,fr FRA,GK,West Ham,32-072,1993,23.1,3,0.13,2,1,0,0,0,0,0,0.00,0,0,0,0,0,0,Matches
32,Joe Aribo,ng NGA,"MF,DF",Southampton,28-293,1996,21.2,37,1.75,32,0,2,1,2,0,1,0.05,1,0,0,0,0,0,Matches
33,Adam Armstrong,eng ENG,"FW,MF",Southampton,28-089,1997,13.9,19,1.37,12,1,2,4,0,0,4,0.29,1,0,0,3,0,0,Matches
34,Harrison Armstrong,eng ENG,MF,Everton,18-111,2007,0.5,1,1.87,1,0,0,0,0,0,0,0.00,0,0,0,0,0,0,Matches
35,Kepa Arrizabalaga,es ESP,GK,Bournemouth,30-219,1994,28.0,4,0.14,2,2,0,0,0,0,0,0.00,0,0,0,0,0,0,Matches
36,Marco Asensio,es ESP,"MF,FW",Aston Villa,29-109,1996,6.0,27,4.50,16,7,0,1,2,1,3,0.50,2,0,0,1,0,0,Matches
37,Brandon Austin,eng ENG,GK,Tottenham,26-122,1999,1.0,0,0.00,0,0,0,0,0,0,0,0.00,0,0,0,0,0,0,Matches
38,Taiwo Awoniyi,ng NGA,FW,Nott'ham Forest,27-271,1997,4.5,9,1.98,5,0,1,2,1,0,1,0.22,0,0,0,1,0,0,Matches
39,Yasin Ayari,se SWE,MF,Brighton,21-216,2003,19.5,58,2.97,35,11,3,3,4,2,6,0.31,4,2,0,0,0,0,Matches
40,Jordan Ayew,gh GHA,"FW,MF",Crystal Palace,33-241,1991,0.2,1,4.29,1,0,0,0,0,0,0,0.00,0,0,0,0,0,0,Matches
41,Jordan Ayew,gh GHA,"FW,MF",Leicester City,33-241,1991,15.8,35,2.21,22,7,2,3,0,1,2,0.13,1,0,0,1,0,0,Matches
42,Benoît Badiashile,fr FRA,DF,Chelsea,24-045,2001,3.7,0,0.00,0,0,0,0,0,0,0,0.00,0,0,0,0,0,0,Matches
43,Leon Bailey,jm JAM,"FW,MF",Aston Villa,27-274,1997,12.6,38,3.01,23,1,8,3,3,0,4,0.32,4,0,0,0,0,0,Matches
44,Carlos Baleba,cm CMR,MF,Brighton,21-127,2004,26.7,60,2.25,50,0,2,4,1,3,4,0.15,2,0,0,0,1,1,Matches
45,Ross Barkley,eng ENG,MF,Aston Villa,31-156,1993,6.3,18,2.84,15,1,2,0,0,0,3,0.47,3,0,0,0,0,0,Matches
46,Harvey Barnes,eng ENG,FW,Newcastle Utd,27-152,1997,16.7,57,3.40,40,1,6,5,5,0,9,0.54,6,0,1,1,1,0,Matches
47,Calvin Bassey,ng NGA,DF,Fulham,25-130,1999,32.2,23,0.72,19,1,2,0,0,1,3,0.09,2,0,0,0,0,1,Matches
48,Altay Bayındır,tr TUR,GK,Manchester Utd,27-026,1998,2.0,0,0.00,0,0,0,0,0,0,0,0.00,0,0,0,0,0,0,Matches
49,Jan Bednarek,pl POL,DF,Southampton,29-028,1996,27.1,16,0.59,15,0,0,1,0,0,0,0.00,0,0,0,0,0,0,Matches
50,Armel Bella Kotchap,de GER,DF,Southampton,23-150,2001,3.7,2,0.54,1,0,0,0,0,1,0,0.00,0,0,0,0,0,0,Matches
Rk,Player,Nation,Pos,Squad,Age,Born,90s,SCA,SCA90,PassLive,PassDead,TO,Sh,Fld,Def,GCA,GCA90,PassLive,PassDead,TO,Sh,Fld,Def,Matches
51,Jean-Ricner Bellegarde,fr FRA,"MF,FW",Wolves,26-317,1998,17.2,53,3.08,33,3,4,4,7,2,10,0.58,8,0,0,0,1,1,Matches
52,Rodrigo Bentancur,uy URU,MF,Tottenham,27-319,1997,16.9,45,2.67,36,0,1,5,1,2,3,0.18,3,0,0,0,0,0,Matches
53,Daniel Bentley,eng ENG,GK,Wolves,31-301,1993,1.0,0,0.00,0,0,0,0,0,0,0,0.00,0,0,0,0,0,0,Matches
54,Sander Berge,no NOR,MF,Fulham,27-085,1998,23.2,41,1.76,36,1,1,1,0,2,2,0.09,2,0,0,0,0,0,Matches
55,Lucas Bergvall,se SWE,MF,Tottenham,19-097,2006,13.5,22,1.63,16,4,0,2,0,0,4,0.30,3,0,0,1,0,0,Matches
56,Victor Bernth Kristiansen,dk DEN,DF,Leicester City,22-145,2002,26.4,41,1.55,32,6,1,0,2,0,3,0.11,3,0,0,0,0,0,Matches
57,Beto,gw GNB,FW,Everton,27-099,1998,14.1,17,1.21,11,0,3,1,2,0,0,0.00,0,0,0,0,0,0,Matches
58,Philip Billing,dk DEN,MF,Bournemouth,28-333,1996,2.0,16,7.83,13,0,0,1,0,2,0,0.00,0,0,0,0,0,0,Matches
59,Yves Bissouma,ml MLI,MF,Tottenham,28-253,1996,14.4,15,1.04,14,0,0,0,0,1,0,0.00,0,0,0,0,0,0,Matches
60,Oscar Bobb,no NOR,FW,Manchester City,21-302,2003,0.2,2,12.00,1,0,1,0,0,0,0,0.00,0,0,0,0,0,0,Matches
61,Lamare Bogarde,nl NED,"DF,MF",Aston Villa,21-125,2004,5.3,10,1.89,8,1,0,0,0,1,1,0.19,1,0,0,0,0,0,Matches
62,Willy Boly,ci CIV,DF,Nott'ham Forest,34-096,1991,1.7,0,0.00,0,0,0,0,0,0,0,0.00,0,0,0,0,0,0,Matches
63,Sven Botman,nl NED,DF,Newcastle Utd,25-118,2000,2.6,0,0.00,0,0,0,0,0,0,0,0.00,0,0,0,0,0,0,Matches
64,Jarrod Bowen,eng ENG,"FW,MF",West Ham,28-141,1996,30.2,104,3.44,63,13,5,12,9,2,13,0.43,9,2,1,1,0,0,Matches
65,Conor Bradley,nir NIR,DF,Liverpool,21-305,2003,6.3,16,2.54,11,0,4,0,1,0,2,0.32,2,0,0,0,0,0,Matches
66,Jarrad Branthwaite,eng ENG,DF,Everton,22-317,2002,26.1,13,0.50,11,1,0,0,1,0,2,0.08,1,1,0,0,0,0,Matches
67,James Bree,eng ENG,DF,Southampton,27-211,1997,9.9,15,1.51,12,2,0,1,0,0,1,0.10,1,0,0,0,0,0,Matches
68,Ben Brereton,cl CHI,FW,Southampton,26-022,1999,5.0,9,1.80,7,0,0,0,2,0,0,0.00,0,0,0,0,0,0,Matches
69,Nathan Broadhead,wls WAL,"MF,FW",Ipswich Town,27-035,1998,6.7,19,2.83,14,0,5,0,0,0,2,0.30,1,0,1,0,0,0,Matches
70,Armando Broja,al ALB,FW,Everton,23-242,2001,3.7,7,1.89,7,0,0,0,0,0,0,0.00,0,0,0,0,0,0,Matches
71,David Brooks,wls WAL,"FW,MF",Bournemouth,27-306,1997,9.2,35,3.79,29,3,2,1,0,0,2,0.22,1,0,0,1,0,0,Matches
72,Emi Buendía,ar ARG,"MF,FW",Aston Villa,28-136,1996,1.1,3,2.76,2,0,0,1,0,0,0,0.00,0,0,0,0,0,0,Matches
73,Santiago Bueno,uy URU,DF,Wolves,26-182,1998,18.7,12,0.64,10,1,0,0,0,1,4,0.21,3,0,0,0,0,1,Matches
74,Facundo Buonanotte,ar ARG,"FW,MF",Leicester City,20-138,2004,16.4,50,3.05,27,11,8,1,3,0,4,0.24,1,2,1,0,0,0,Matches
75,Cameron Burgess,au AUS,DF,Ipswich Town,29-201,1995,16.1,13,0.81,13,0,0,0,0,0,3,0.19,3,0,0,0,0,0,Matches
Rk,Player,Nation,Pos,Squad,Age,Born,90s,SCA,SCA90,PassLive,PassDead,TO,Sh,Fld,Def,GCA,GCA90,PassLive,PassDead,TO,Sh,Fld,Def,Matches
76,Dan Burn,eng ENG,DF,Newcastle Utd,33-001,1992,34.0,21,0.62,16,1,0,3,1,0,3,0.09,2,1,0,0,0,0,Matches
77,Wes Burns,wls WAL,"FW,DF",Ipswich Town,30-168,1994,10.3,16,1.55,12,0,1,1,2,0,1,0.10,1,0,0,0,0,0,Matches
78,Nathan Butler-Oyedeji,eng ENG,FW,Arsenal,22-126,2003,0.1,0,0.00,0,0,0,0,0,0,0,0.00,0,0,0,0,0,0,Matches
79,Moisés Caicedo,ec ECU,"MF,DF",Chelsea,23-189,2001,34.2,94,2.75,82,0,2,0,3,7,9,0.26,6,0,0,0,2,1,Matches
80,Tom Cairney,sct SCO,MF,Fulham,34-110,1991,5.5,28,5.08,25,2,0,0,1,0,3,0.54,3,0,0,0,0,0,Matches
81,Jens Cajuste,se SWE,MF,Ipswich Town,25-273,1999,19.8,30,1.51,23,2,4,0,0,1,1,0.05,0,0,1,0,0,0,Matches
82,Riccardo Calafiori,it ITA,DF,Arsenal,22-356,2002,10.3,13,1.26,11,0,1,1,0,0,2,0.19,2,0,0,0,0,0,Matches
83,Dominic Calvert-Lewin,eng ENG,FW,Everton,28-055,1997,17.6,25,1.42,14,0,4,2,3,2,4,0.23,1,0,2,0,1,0,Matches
84,Diego Carlos,br BRA,DF,Aston Villa,32-056,1993,9.2,4,0.43,3,0,0,1,0,0,0,0.00,0,0,0,0,0,0,Matches
85,Fabio Carvalho,pt POR,"FW,MF",Brentford,22-253,2002,5.1,10,1.97,7,0,1,2,0,0,1,0.20,1,0,0,0,0,0,Matches
86,Casemiro,br BRA,MF,Manchester Utd,33-076,1992,14.8,49,3.31,45,1,0,3,0,0,3,0.20,3,0,0,0,0,0,Matches
87,Kaelan Casey,eng ENG,DF,West Ham,20-194,2004,0.0,0,0.00,0,0,0,0,0,0,0,0.00,0,0,0,0,0,0,Matches
88,Matty Cash,pl POL,DF,Aston Villa,27-276,1997,20.0,22,1.10,20,1,1,0,0,0,2,0.10,2,0,0,0,0,0,Matches
89,Eiran Cashin,ie IRL,DF,Brighton,23-182,2001,0.2,1,4.50,1,0,0,0,0,0,0,0.00,0,0,0,0,0,0,Matches
90,Timothy Castagne,be BEL,DF,Fulham,29-156,1995,18.3,25,1.36,21,0,1,2,1,0,3,0.16,2,0,0,1,0,0,Matches
91,Trevoh Chalobah,eng ENG,DF,Crystal Palace,25-309,1999,11.8,11,0.93,10,0,1,0,0,0,0,0.00,0,0,0,0,0,0,Matches
92,Trevoh Chalobah,eng ENG,DF,Chelsea,25-309,1999,9.3,12,1.29,9,0,0,2,0,1,3,0.32,1,0,0,1,0,1,Matches
93,Conor Chaplin,eng ENG,"MF,FW",Ipswich Town,28-083,1997,7.9,21,2.66,19,2,0,0,0,0,1,0.13,1,0,0,0,0,0,Matches
94,Youssef Chermiti,pt POR,"FW,MF",Everton,20-351,2004,0.5,0,0.00,0,0,0,0,0,0,0,0.00,0,0,0,0,0,0,Matches
95,Federico Chiesa,it ITA,FW,Liverpool,27-197,1997,0.5,3,5.87,3,0,0,0,0,0,1,1.96,1,0,0,0,0,0,Matches
96,Ben Chilwell,eng ENG,DF,Crystal Palace,28-140,1996,1.5,3,1.93,2,0,0,1,0,0,0,0.00,0,0,0,0,0,0,Matches
97,Chiquinho,pt POR,MF,Wolves,25-094,2000,0.1,2,25.71,2,0,0,0,0,0,0,0.00,0,0,0,0,0,0,Matches
98,Hamza Choudhury,bd BAN,"MF,DF",Leicester City,27-221,1997,1.5,3,2.05,2,0,1,0,0,0,0,0.00,0,0,0,0,0,0,Matches
99,Ryan Christie,sct SCO,MF,Bournemouth,30-077,1995,23.5,85,3.62,72,7,0,3,2,1,9,0.38,8,1,0,0,0,0,Matches
100,Harry Clarke,eng ENG,DF,Ipswich Town,24-069,2001,4.2,1,0.24,1,0,0,0,0,0,0,0.00,0,0,0,0,0,0,Matches
Rk,Player,Nation,Pos,Squad,Age,Born,90s,SCA,SCA90,PassLive,PassDead,TO,Sh,Fld,Def,GCA,GCA90,PassLive,PassDead,TO,Sh,Fld,Def,Matches
101,Jack Clarke,eng ENG,"FW,MF",Ipswich Town,24-168,2000,11.7,40,3.41,34,2,2,0,0,2,5,0.43,4,1,0,0,0,0,Matches
102,Nathaniel Clyne,eng ENG,"DF,MF",Crystal Palace,34-035,1991,5.4,3,0.56,3,0,0,0,0,0,0,0.00,0,0,0,0,0,0,Matches
103,Conor Coady,eng ENG,DF,Leicester City,32-074,1993,16.0,5,0.31,5,0,0,0,0,0,0,0.00,0,0,0,0,0,0,Matches
104,Séamus Coleman,ie IRL,DF,Everton,36-211,1988,2.2,2,0.91,1,0,1,0,0,0,1,0.46,1,0,0,0,0,0,Matches
105,Nathan Collins,ie IRL,DF,Brentford,24-010,2001,35.0,30,0.86,22,2,1,3,2,0,8,0.23,4,1,0,1,2,0,Matches
106,Toby Collyer,eng ENG,MF,Manchester Utd,21-127,2004,2.0,5,2.50,4,0,0,1,0,0,0,0.00,0,0,0,0,0,0,Matches
107,Levi Colwill,eng ENG,DF,Chelsea,22-073,2003,32.0,38,1.19,34,2,0,1,0,1,3,0.09,2,0,0,0,0,1,Matches
108,Lewis Cook,eng ENG,"MF,DF",Bournemouth,28-096,1997,31.3,87,2.78,67,18,0,2,0,0,5,0.16,2,1,0,2,0,0,Matches
109,Maxwel Cornet,ci CIV,FW,Southampton,28-225,1996,0.8,0,0.00,0,0,0,0,0,0,0,0.00,0,0,0,0,0,0,Matches
110,Vladimír Coufal,cz CZE,DF,West Ham,32-261,1992,9.7,13,1.34,9,4,0,0,0,0,1,0.10,0,1,0,0,0,0,Matches
111,Woyo Coulibaly,fr FRA,DF,Leicester City,25-355,1999,1.2,0,0.00,0,0,0,0,0,0,0,0.00,0,0,0,0,0,0,Matches
112,Aaron Cresswell,eng ENG,DF,West Ham,35-146,1989,7.5,12,1.60,5,7,0,0,0,0,0,0.00,0,0,0,0,0,0,Matches
113,Marc Cucurella,es ESP,DF,Chelsea,26-292,1998,30.2,48,1.59,42,3,0,2,1,0,5,0.17,4,1,0,0,0,0,Matches
114,Jorge Cuenca,es ESP,DF,Fulham,25-174,1999,2.9,1,0.35,1,0,0,0,0,0,0,0.00,0,0,0,0,0,0,Matches
115,Matheus Cunha,br BRA,"MF,FW",Wolves,25-348,1999,26.9,118,4.38,67,11,17,8,12,3,16,0.59,10,0,4,0,1,1,Matches
116,Patson Daka,zm ZAM,"FW,MF",Leicester City,26-213,1998,7.3,10,1.38,7,0,2,1,0,0,1,0.14,0,0,1,0,0,0,Matches
117,Diogo Dalot,pt POR,DF,Manchester Utd,26-053,1999,31.0,74,2.39,57,5,7,4,0,1,5,0.16,3,0,1,1,0,0,Matches
118,Mikkel Damsgaard,dk DEN,"MF,FW",Brentford,24-311,2000,29.5,114,3.86,86,14,6,2,1,5,21,0.71,15,3,1,0,1,1,Matches
119,Danilo,br BRA,"MF,FW",Nott'ham Forest,24-011,2001,3.0,7,2.37,7,0,0,0,0,0,2,0.68,2,0,0,0,0,0,Matches
120,Jayden Danns,eng ENG,MF,Liverpool,19-114,2006,0.1,0,0.00,0,0,0,0,0,0,0,0.00,0,0,0,0,0,0,Matches
121,Kevin Danso,at AUT,DF,Tottenham,26-233,1998,6.4,7,1.10,6,0,0,1,0,0,2,0.31,2,0,0,0,0,0,Matches
122,Ben Davies,wls WAL,DF,Tottenham,32-016,1993,12.5,8,0.64,7,0,0,0,0,1,0,0.00,0,0,0,0,0,0,Matches
123,Leif Davis,eng ENG,DF,Ipswich Town,25-118,2000,28.5,85,2.98,42,36,3,2,1,1,4,0.14,3,0,1,0,0,0,Matches
124,Craig Dawson,eng ENG,DF,Wolves,35-004,1990,10.8,7,0.65,6,0,0,1,0,0,2,0.19,1,0,0,1,0,0,Matches
125,Kevin De Bruyne,be BEL,"MF,FW",Manchester City,33-316,1991,17.1,104,6.08,67,24,3,6,2,2,11,0.64,9,1,0,1,0,0,Matches
Rk,Player,Nation,Pos,Squad,Age,Born,90s,SCA,SCA90,PassLive,PassDead,TO,Sh,Fld,Def,GCA,GCA90,PassLive,PassDead,TO,Sh,Fld,Def,Matches
126,Bobby De Cordova-Reid,jm JAM,FW,Leicester City,32-097,1993,8.3,13,1.57,8,0,0,3,2,0,3,0.36,1,0,0,1,1,0,Matches
127,Liam Delap,eng ENG,FW,Ipswich Town,22-091,2003,27.7,62,2.24,28,0,12,7,13,2,7,0.25,3,0,2,0,2,0,Matches
128,Sepp van den Berg,nl NED,DF,Brentford,23-141,2001,25.7,21,0.82,19,0,0,1,1,0,2,0.08,1,0,0,0,1,0,Matches
129,Justin Devenny,nir NIR,MF,Crystal Palace,21-211,2003,4.8,11,2.30,8,2,0,1,0,0,0,0.00,0,0,0,0,0,0,Matches
130,Kiernan Dewsbury-Hall,eng ENG,"MF,FW",Chelsea,26-246,1998,2.9,5,1.73,5,0,0,0,0,0,1,0.35,1,0,0,0,0,0,Matches
131,Amad Diallo,ci CIV,"FW,MF",Manchester Utd,22-303,2002,18.2,83,4.56,56,9,8,2,4,4,17,0.93,7,0,4,1,1,4,Matches
132,Rúben Dias,pt POR,DF,Manchester City,27-361,1997,22.2,22,0.99,15,0,0,5,0,2,1,0.04,1,0,0,0,0,0,Matches
133,Luis Díaz,co COL,FW,Liverpool,28-117,1997,24.7,116,4.69,87,0,16,9,4,0,16,0.65,13,0,1,0,2,0,Matches
134,Tyler Dibling,eng ENG,"FW,MF",Southampton,19-059,2006,19.4,56,2.89,34,1,11,5,5,0,4,0.21,2,0,1,1,0,0,Matches
135,Lucas Digne,fr FRA,DF,Aston Villa,31-294,1993,25.1,63,2.51,39,18,1,4,0,1,5,0.20,5,0,0,0,0,0,Matches
136,Issa Diop,fr FRA,DF,Fulham,28-121,1997,14.9,6,0.40,5,0,0,1,0,0,0,0.00,0,0,0,0,0,0,Matches
137,Axel Disasi,fr FRA,DF,Aston Villa,27-060,1998,5.4,9,1.65,7,0,1,0,0,1,0,0.00,0,0,0,0,0,0,Matches
138,Axel Disasi,fr FRA,DF,Chelsea,27-060,1998,4.0,2,0.49,2,0,0,0,0,0,0,0.00,0,0,0,0,0,0,Matches
139,Roman Dixon,eng ENG,DF,Everton,20-135,2004,1.0,0,0.00,0,0,0,0,0,0,0,0.00,0,0,0,0,0,0,Matches
140,Nasser Djiga,bf BFA,"DF,FW",Wolves,22-176,2002,0.2,0,0.00,0,0,0,0,0,0,0,0.00,0,0,0,0,0,0,Matches
141,Matt Doherty,ie IRL,DF,Wolves,33-114,1992,21.8,24,1.10,18,3,1,1,1,0,3,0.14,3,0,0,0,0,0,Matches
142,Jeremy Doku,be BEL,"FW,MF",Manchester City,22-348,2002,15.5,68,4.38,52,1,12,1,2,0,13,0.84,10,0,3,0,0,0,Matches
143,Nicolás Domínguez,ar ARG,"MF,FW",Nott'ham Forest,26-316,1998,19.3,32,1.66,24,1,0,2,3,2,0,0.00,0,0,0,0,0,0,Matches
144,Patrick Dorgu,dk DEN,DF,Manchester Utd,20-196,2004,7.0,13,1.86,12,0,0,0,1,0,1,0.14,0,0,0,0,1,0,Matches
145,Alfie Dorrington,eng ENG,DF,Tottenham,20-020,2005,0.2,0,0.00,0,0,0,0,0,0,0,0.00,0,0,0,0,0,0,Matches
146,Abdoulaye Doucouré,ml MLI,MF,Everton,32-129,1993,26.9,54,2.00,48,0,3,2,0,1,2,0.07,1,0,0,0,0,1,Matches
147,Cheick Doucouré,ml MLI,MF,Crystal Palace,25-122,2000,5.0,9,1.79,5,0,0,2,1,1,3,0.60,1,0,0,1,1,0,Matches
148,Flynn Downes,eng ENG,MF,Southampton,26-110,1999,20.9,30,1.44,26,2,0,1,0,1,2,0.10,1,1,0,0,0,0,Matches
149,Tommy Doyle,eng ENG,MF,Wolves,23-205,2001,5.4,17,3.13,11,4,1,1,0,0,3,0.55,2,0,1,0,0,0,Matches
150,Radu Drăgușin,ro ROU,DF,Tottenham,23-096,2002,13.9,8,0.58,8,0,0,0,0,0,1,0.07,1,0,0,0,0,0,Matches
Rk,Player,Nation,Pos,Squad,Age,Born,90s,SCA,SCA90,PassLive,PassDead,TO,Sh,Fld,Def,GCA,GCA90,PassLive,PassDead,TO,Sh,Fld,Def,Matches
151,Martin Dúbravka,sk SVK,GK,Newcastle Utd,36-115,1989,10.0,0,0.00,0,0,0,0,0,0,0,0.00,0,0,0,0,0,0,Matches
152,Lewis Dunk,eng ENG,DF,Brighton,33-170,1991,23.1,19,0.82,17,0,0,2,0,0,3,0.13,2,0,0,1,0,0,Matches
153,Jáder Durán,co COL,FW,Aston Villa,21-148,2003,7.1,18,2.54,9,0,0,4,3,2,1,0.14,0,0,0,0,0,1,Matches
154,Ederson,br BRA,GK,Manchester City,31-266,1993,22.8,6,0.26,6,0,0,0,0,0,4,0.18,4,0,0,0,0,0,Matches
155,George Edmundson,eng ENG,DF,Ipswich Town,27-252,1997,0.0,0,0.00,0,0,0,0,0,0,0,0.00,0,0,0,0,0,0,Matches
156,Odsonne Édouard,fr FRA,"MF,FW",Crystal Palace,27-114,1998,1.3,1,0.78,1,0,0,0,0,0,0,0.00,0,0,0,0,0,0,Matches
157,Odsonne Édouard,fr FRA,FW,Leicester City,27-114,1998,0.3,2,6.21,2,0,0,0,0,0,0,0.00,0,0,0,0,0,0,Matches
158,Samuel Edozie,eng ENG,"DF,FW",Southampton,22-102,2003,0.7,4,5.54,3,0,0,0,1,0,0,0.00,0,0,0,0,0,0,Matches
159,Ronnie Edwards,eng ENG,DF,Southampton,22-043,2003,0.1,0,0.00,0,0,0,0,0,0,0,0.00,0,0,0,0,0,0,Matches
160,Anthony Elanga,se SWE,"FW,MF",Nott'ham Forest,23-013,2002,24.8,89,3.59,50,19,5,7,8,0,14,0.57,10,2,1,0,1,0,Matches
161,Harvey Elliott,eng ENG,"MF,FW",Liverpool,22-036,2003,3.0,15,5.06,11,3,1,0,0,0,2,0.67,2,0,0,0,0,0,Matches
162,Yunus Emre Konak,tr TUR,"FW,MF",Brentford,19-120,2006,0.5,0,0.00,0,0,0,0,0,0,0,0.00,0,0,0,0,0,0,Matches
163,Julio Enciso,py PAR,"FW,MF",Ipswich Town,21-107,2004,7.9,23,2.92,12,4,4,2,0,1,4,0.51,2,1,1,0,0,0,Matches
164,Julio Enciso,py PAR,"MF,FW",Brighton,21-107,2004,3.3,12,3.69,5,1,3,1,2,0,0,0.00,0,0,0,0,0,0,Matches
165,Wataru Endo,jp JPN,MF,Liverpool,32-090,1993,2.6,6,2.26,6,0,0,0,0,0,0,0.00,0,0,0,0,0,0,Matches
166,Christian Eriksen,dk DEN,MF,Manchester Utd,33-085,1992,11.4,51,4.46,34,14,0,3,0,0,7,0.61,5,2,0,0,0,0,Matches
167,Romain Esse,eng ENG,MF,Crystal Palace,19-362,2005,0.4,2,5.14,2,0,0,0,0,0,0,0.00,0,0,0,0,0,0,Matches
168,Pervis Estupiñán,ec ECU,DF,Brighton,27-109,1998,24.7,52,2.11,34,13,0,2,3,0,4,0.16,3,0,0,0,1,0,Matches
169,Evanilson,br BRA,FW,Bournemouth,25-216,1999,22.9,56,2.45,35,0,3,9,9,0,8,0.35,2,0,1,1,4,0,Matches
170,Jake Evans,,FW,Leicester City,,,0.1,0,0.00,0,0,0,0,0,0,0,0.00,0,0,0,0,0,0,Matches
171,Jonny Evans,nir NIR,DF,Manchester Utd,37-127,1988,3.2,2,0.62,2,0,0,0,0,0,0,0.00,0,0,0,0,0,0,Matches
172,Eberechi Eze,eng ENG,"MF,FW",Crystal Palace,26-315,1998,27.0,125,4.64,66,26,11,12,9,1,9,0.33,8,1,0,0,0,0,Matches
173,Łukasz Fabiański,pl POL,GK,West Ham,40-022,1985,11.9,3,0.25,2,1,0,0,0,0,0,0.00,0,0,0,0,0,0,Matches
174,Wout Faes,be BEL,DF,Leicester City,27-037,1998,28.3,17,0.60,15,0,0,1,0,1,0,0.00,0,0,0,0,0,0,Matches
175,Abdul Fatawu Issahaku,gh GHA,FW,Leicester City,21-063,2004,6.4,17,2.64,10,0,2,1,4,0,3,0.47,2,0,0,1,0,0,Matches
Rk,Player,Nation,Pos,Squad,Age,Born,90s,SCA,SCA90,PassLive,PassDead,TO,Sh,Fld,Def,GCA,GCA90,PassLive,PassDead,TO,Sh,Fld,Def,Matches
176,João Félix,pt POR,"FW,MF",Chelsea,25-181,1999,4.1,18,4.38,12,0,2,3,1,0,3,0.73,1,0,1,0,1,0,Matches
177,Evan Ferguson,ie IRL,FW,West Ham,20-203,2004,1.7,4,2.31,2,0,1,1,0,0,0,0.00,0,0,0,0,0,0,Matches
178,Evan Ferguson,ie IRL,FW,Brighton,20-203,2004,2.7,4,1.47,3,0,1,0,0,0,0,0.00,0,0,0,0,0,0,Matches
179,Bruno Fernandes,pt POR,MF,Manchester Utd,30-244,1994,30.6,169,5.51,120,30,5,6,6,2,12,0.39,9,2,0,1,0,0,Matches
180,Mateus Fernandes,pt POR,MF,Southampton,20-304,2004,29.3,71,2.42,40,13,5,6,6,1,6,0.20,4,1,0,0,0,1,Matches
181,Enzo Fernández,ar ARG,MF,Chelsea,24-113,2001,29.7,141,4.74,111,15,2,4,4,5,16,0.54,13,2,0,1,0,0,Matches
182,Mark Flekken,nl NED,GK,Brentford,31-331,1993,33.4,10,0.30,6,4,0,0,0,0,2,0.06,0,2,0,0,0,0,Matches
183,Phil Foden,eng ENG,"MF,FW",Manchester City,24-347,2000,18.8,84,4.47,56,18,2,5,3,0,9,0.48,5,1,0,3,0,0,Matches
184,Wesley Fofana,fr FRA,DF,Chelsea,24-144,2000,13.0,15,1.15,12,1,1,1,0,0,0,0.00,0,0,0,0,0,0,Matches
185,Carlos Forbs,pt POR,"MF,FW",Wolves,21-052,2004,2.7,5,1.89,3,0,2,0,0,0,1,0.38,1,0,0,0,0,0,Matches
186,Fraser Forster,eng ENG,GK,Tottenham,37-054,1988,7.0,0,0.00,0,0,0,0,0,0,0,0.00,0,0,0,0,0,0,Matches
187,Matheus França,br BRA,"FW,MF",Crystal Palace,21-039,2004,0.3,1,3.46,0,0,0,1,0,0,0,0.00,0,0,0,0,0,0,Matches
188,Ryan Fraser,sct SCO,"FW,DF",Southampton,31-075,1994,3.4,5,1.47,5,0,0,0,0,0,0,0.00,0,0,0,0,0,0,Matches
189,Tyler Fredricson,eng ENG,DF,Manchester Utd,20-076,2005,1.8,3,1.63,3,0,0,0,0,0,0,0.00,0,0,0,0,0,0,Matches
190,Niclas Füllkrug,de GER,FW,West Ham,32-090,1993,7.4,19,2.56,17,0,0,2,0,0,2,0.27,1,0,0,1,0,0,Matches
191,Cody Gakpo,nl NED,FW,Liverpool,26-003,1999,19.1,71,3.72,52,0,8,5,4,2,7,0.37,3,0,3,0,1,0,Matches
192,Idrissa Gana Gueye,sn SEN,MF,Everton,35-226,1989,31.0,56,1.80,48,0,1,2,3,2,3,0.10,3,0,0,0,0,0,Matches
193,Andrés García,es ESP,"DF,MF",Aston Villa,22-092,2003,3.5,3,0.85,3,0,0,0,0,0,0,0.00,0,0,0,0,0,0,Matches
194,Alejandro Garnacho,ar ARG,"MF,FW",Manchester Utd,20-313,2004,23.8,81,3.40,62,1,3,9,6,0,6,0.25,4,0,0,1,1,0,Matches
195,James Garner,eng ENG,"MF,DF",Everton,24-058,2001,14.7,33,2.24,24,9,0,0,0,0,5,0.34,4,1,0,0,0,0,Matches
196,Tyrique George,eng ENG,FW,Chelsea,19-095,2006,1.1,6,5.24,5,0,1,0,0,0,1,0.87,1,0,0,0,0,0,Matches
197,Morgan Gibbs-White,eng ENG,MF,Nott'ham Forest,25-103,2000,28.2,104,3.68,88,0,3,7,4,2,17,0.60,12,0,0,4,1,0,Matches
198,Billy Gilmour,sct SCO,MF,Brighton,23-333,2001,1.1,3,2.76,3,0,0,0,0,0,0,0.00,0,0,0,0,0,0,Matches
199,Ben Godfrey,eng ENG,DF,Ipswich Town,27-115,1998,1.8,1,0.57,1,0,0,0,0,0,0,0.00,0,0,0,0,0,0,Matches
200,Martial Godo,eng ENG,FW,Fulham,22-057,2003,0.2,0,0.00,0,0,0,0,0,0,0,0.00,0,0,0,0,0,0,Matches
Rk,Player,Nation,Pos,Squad,Age,Born,90s,SCA,SCA90,PassLive,PassDead,TO,Sh,Fld,Def,GCA,GCA90,PassLive,PassDead,TO,Sh,Fld,Def,Matches
201,Michael Golding,eng ENG,MF,Leicester City,18-352,2006,0.0,0,0.00,0,0,0,0,0,0,0,0.00,0,0,0,0,0,0,Matches
202,João Gomes,br BRA,MF,Wolves,24-087,2001,30.9,62,2.01,49,1,5,2,2,3,3,0.10,3,0,0,0,0,0,Matches
203,Rodrigo Gomes,pt POR,"DF,FW",Wolves,21-307,2003,7.5,21,2.82,18,0,2,1,0,0,0,0.00,0,0,0,0,0,0,Matches
204,Toti Gomes,pt POR,DF,Wolves,26-114,1999,26.0,20,0.77,19,0,0,1,0,0,1,0.04,1,0,0,0,0,0,Matches
205,Diego Gómez,py PAR,MF,Brighton,22-044,2003,4.9,14,2.86,12,1,0,1,0,0,3,0.61,2,1,0,0,0,0,Matches
206,Joe Gomez,eng ENG,DF,Liverpool,27-352,1997,5.8,5,0.87,5,0,0,0,0,0,1,0.17,1,0,0,0,0,0,Matches
207,Nicolás González,es ESP,MF,Manchester City,23-127,2002,7.2,15,2.08,13,0,0,1,1,0,3,0.42,2,0,0,0,1,0,Matches
208,Anthony Gordon,eng ENG,FW,Newcastle Utd,24-075,2001,24.8,99,3.99,71,10,7,3,8,0,12,0.48,9,1,1,0,1,0,Matches
209,Ryan Gravenberch,nl NED,MF,Liverpool,22-359,2002,32.5,65,2.00,57,0,5,2,0,1,6,0.18,6,0,0,0,0,0,Matches
210,Archie Gray,eng ENG,"DF,MF",Tottenham,19-059,2006,16.5,5,0.30,4,1,0,0,0,0,0,0.00,0,0,0,0,0,0,Matches
211,Jack Grealish,eng ENG,"FW,MF",Manchester City,29-242,1995,8.0,47,5.87,41,1,3,0,1,1,2,0.25,1,0,0,0,0,1,Matches
212,Jacob Greaves,eng ENG,DF,Ipswich Town,24-240,2000,21.5,13,0.60,12,0,0,1,0,0,0,0.00,0,0,0,0,0,0,Matches
213,Brajan Gruda,de GER,"FW,MF",Brighton,20-344,2004,5.6,27,4.77,21,3,2,0,1,0,4,0.71,3,1,0,0,0,0,Matches
214,Albert Grønbaek,dk DEN,"FW,MF",Southampton,23-352,2001,1.6,2,1.26,1,0,0,1,0,0,0,0.00,0,0,0,0,0,0,Matches
215,Gonçalo Guedes,pt POR,"MF,FW",Wolves,28-162,1996,8.7,23,2.64,21,0,1,0,1,0,8,0.92,7,0,1,0,0,0,Matches
216,Marc Guéhi,eng ENG,DF,Crystal Palace,24-301,2000,33.0,41,1.24,34,0,0,4,2,1,5,0.15,4,0,0,0,0,1,Matches
217,Luis Guilherme,br BRA,"MF,FW",West Ham,19-090,2006,1.5,10,6.52,6,1,1,1,1,0,0,0.00,0,0,0,0,0,0,Matches
218,Bruno Guimarães,br BRA,MF,Newcastle Utd,27-175,1997,33.4,121,3.63,108,3,3,0,4,3,17,0.51,16,1,0,0,0,0,Matches
219,Marc Guiu,es ESP,FW,Chelsea,19-126,2006,0.8,1,1.22,1,0,0,0,0,0,0,0.00,0,0,0,0,0,0,Matches
220,İlkay Gündoğan,de GER,MF,Manchester City,34-198,1990,22.8,74,3.25,58,8,4,4,0,0,11,0.48,9,1,0,1,0,0,Matches
221,Malo Gusto,fr FRA,DF,Chelsea,21-356,2003,20.4,57,2.80,56,0,0,1,0,0,4,0.20,4,0,0,0,0,0,Matches
222,Joško Gvardiol,hr CRO,DF,Manchester City,23-107,2002,33.4,69,2.07,64,1,2,2,0,0,7,0.21,6,0,1,0,0,0,Matches
223,Erling Haaland,no NOR,FW,Manchester City,24-293,2000,27.6,62,2.25,43,0,8,10,1,0,9,0.33,6,0,2,1,0,0,Matches
224,Lewis Hall,eng ENG,DF,Newcastle Utd,20-244,2004,24.3,63,2.59,44,18,0,0,1,0,6,0.25,5,1,0,0,0,0,Matches
225,Ali Al Hamadi,iq IRQ,FW,Ipswich Town,23-070,2002,1.5,8,5.37,4,0,3,0,1,0,0,0.00,0,0,0,0,0,0,Matches
Rk,Player,Nation,Pos,Squad,Age,Born,90s,SCA,SCA90,PassLive,PassDead,TO,Sh,Fld,Def,GCA,GCA90,PassLive,PassDead,TO,Sh,Fld,Def,Matches
226,Marcus Harness,eng ENG,MF,Ipswich Town,29-075,1996,0.5,2,4.00,2,0,0,0,0,0,0,0.00,0,0,0,0,0,0,Matches
227,Jack Harrison,eng ENG,FW,Everton,28-171,1996,21.1,53,2.51,37,6,4,2,4,0,4,0.19,1,0,0,1,2,0,Matches
228,Taylor Harwood-Bellis,eng ENG,DF,Southampton,23-100,2002,29.5,37,1.25,32,0,0,3,1,1,2,0.07,1,0,0,1,0,0,Matches
229,Kai Havertz,de GER,"FW,MF",Arsenal,25-333,1999,20.4,41,2.01,34,0,1,6,0,0,3,0.15,2,0,0,1,0,0,Matches
230,Ayden Heaven,eng ENG,DF,Manchester Utd,18-230,2006,1.1,2,1.89,0,0,1,0,1,0,0,0.00,0,0,0,0,0,0,Matches
231,Jan Paul van Hecke,nl NED,DF,Brighton,24-336,2000,29.9,48,1.61,42,2,0,3,1,0,3,0.10,3,0,0,0,0,0,Matches
232,Hwang Hee-chan,kr KOR,"MF,FW",Wolves,29-104,1996,7.2,9,1.24,8,0,0,1,0,0,1,0.14,1,0,0,0,0,0,Matches
233,Dean Henderson,eng ENG,GK,Crystal Palace,28-059,1997,35.0,3,0.09,2,1,0,0,0,0,0,0.00,0,0,0,0,0,0,Matches
234,Rico Henry,eng ENG,DF,Brentford,27-306,1997,0.9,1,1.08,1,0,0,0,0,0,1,1.08,1,0,0,0,0,0,Matches
235,Mads Hermansen,dk DEN,GK,Leicester City,24-303,2000,26.5,3,0.11,3,0,0,0,0,0,0,0.00,0,0,0,0,0,0,Matches
236,Son Heung-min,kr KOR,FW,Tottenham,32-306,1992,22.3,116,5.21,86,8,10,7,5,0,15,0.67,13,0,0,1,1,0,Matches
237,James Hill,eng ENG,DF,Bournemouth,23-120,2002,5.0,8,1.61,5,2,0,0,0,1,1,0.20,1,0,0,0,0,0,Matches
238,Jack Hinshelwood,eng ENG,"DF,MF",Brighton,20-029,2005,19.4,33,1.70,27,4,0,1,1,0,3,0.15,3,0,0,0,0,0,Matches
239,George Hirst,sct SCO,FW,Ipswich Town,26-084,1999,5.5,8,1.45,7,0,0,1,0,0,3,0.54,2,0,0,1,0,0,Matches
240,Mason Holgate,eng ENG,"FW,DF",Everton,28-200,1996,0.1,0,0.00,0,0,0,0,0,0,0,0.00,0,0,0,0,0,0,Matches
241,Callum Hudson-Odoi,eng ENG,"FW,MF",Nott'ham Forest,24-184,2000,23.9,94,3.93,74,3,10,3,4,0,11,0.46,7,0,2,0,2,0,Matches
242,Will Hughes,eng ENG,MF,Crystal Palace,30-023,1995,21.1,61,2.89,38,15,1,2,5,0,6,0.28,2,3,0,1,0,0,Matches
243,Dean Huijsen,es ESP,DF,Bournemouth,20-026,2005,24.8,40,1.61,37,1,0,1,1,0,3,0.12,3,0,0,0,0,0,Matches
244,Omari Hutchinson,eng ENG,"MF,FW",Ipswich Town,21-192,2003,25.7,68,2.65,49,0,8,5,4,2,6,0.23,6,0,0,0,0,0,Matches
245,Rasmus Højlund,dk DEN,FW,Manchester Utd,22-095,2003,19.4,30,1.55,20,0,3,4,3,0,1,0.05,0,0,0,0,1,0,Matches
246,Igor,br BRA,DF,Brighton,27-092,1998,10.0,11,1.10,10,0,0,0,1,0,0,0.00,0,0,0,0,0,0,Matches
247,Danny Ings,eng ENG,"FW,MF",West Ham,32-291,1992,3.2,12,3.80,7,0,1,3,1,0,2,0.63,0,0,0,1,1,0,Matches
248,Tim Iroegbunam,eng ENG,MF,Everton,21-314,2003,6.3,10,1.59,6,0,1,0,1,2,1,0.16,1,0,0,0,0,0,Matches
249,Andy Irving,sct SCO,MF,West Ham,24-362,2000,1.8,5,2.68,4,0,1,0,0,0,0,0.00,0,0,0,0,0,0,Matches
250,Alexander Isak,se SWE,FW,Newcastle Utd,25-231,1999,28.6,89,3.11,68,1,8,8,2,2,14,0.49,11,0,1,0,1,1,Matches
Rk,Player,Nation,Pos,Squad,Age,Born,90s,SCA,SCA90,PassLive,PassDead,TO,Sh,Fld,Def,GCA,GCA90,PassLive,PassDead,TO,Sh,Fld,Def,Matches
251,Alex Iwobi,ng NGA,"FW,MF",Fulham,29-007,1996,31.1,115,3.70,99,0,8,6,2,0,16,0.52,13,0,2,1,0,0,Matches
252,Nicolas Jackson,sn SEN,FW,Chelsea,23-324,2001,24.3,68,2.80,41,0,9,7,9,2,10,0.41,7,0,2,1,0,0,Matches
253,Reece James,eng ENG,"DF,MF",Chelsea,25-153,1999,9.3,15,1.61,9,5,0,1,0,0,1,0.11,0,0,0,1,0,0,Matches
254,Vitaly Janelt,de GER,MF,Brentford,27-000,1998,25.0,32,1.28,31,1,0,0,0,0,3,0.12,3,0,0,0,0,0,Matches
255,Vitezslav Jaros,cz CZE,GK,Liverpool,23-291,2001,0.1,0,0.00,0,0,0,0,0,0,0,0.00,0,0,0,0,0,0,Matches
256,Daniel Jebbison,eng ENG,FW,Bournemouth,21-270,2003,0.9,5,5.63,4,0,1,0,0,0,0,0.00,0,0,0,0,0,0,Matches
257,Mathias Jensen,dk DEN,MF,Brentford,29-129,1996,9.1,38,4.19,27,10,1,0,0,0,5,0.55,2,2,1,0,0,0,Matches
258,Gabriel Jesus,br BRA,FW,Arsenal,28-037,1997,6.8,18,2.66,10,0,1,5,1,1,4,0.59,1,0,0,3,0,0,Matches
259,Raúl Jiménez,mx MEX,FW,Fulham,34-005,1991,24.7,57,2.31,40,1,2,9,4,1,6,0.24,3,0,0,1,1,1,Matches
260,Kim Jisoo,kr KOR,DF,Brentford,20-137,2004,0.3,0,0.00,0,0,0,0,0,0,0,0.00,0,0,0,0,0,0,Matches
261,João Pedro,br BRA,"FW,MF",Brighton,23-226,2001,21.6,72,3.32,56,0,3,2,10,1,9,0.42,6,0,0,0,3,0,Matches
262,Joelinton,br BRA,"MF,FW",Newcastle Utd,28-269,1996,26.6,61,2.29,46,2,1,5,1,6,9,0.34,7,0,0,1,0,1,Matches
263,Ben Johnson,eng ENG,"DF,FW",Ipswich Town,25-106,2000,15.0,23,1.54,11,9,0,1,2,0,5,0.33,4,0,0,1,0,0,Matches
264,Brennan Johnson,wls WAL,FW,Tottenham,23-352,2001,23.1,46,1.99,30,0,6,4,5,1,7,0.30,5,0,1,0,1,0,Matches
265,Sam Johnstone,eng ENG,GK,Wolves,32-046,1993,7.0,2,0.29,2,0,0,0,0,0,0,0.00,0,0,0,0,0,0,Matches
266,Curtis Jones,eng ENG,"MF,DF",Liverpool,24-100,2001,17.0,42,2.47,37,0,0,3,2,0,7,0.41,5,0,0,1,1,0,Matches
267,Jorginho,it ITA,MF,Arsenal,33-141,1991,7.8,12,1.55,10,0,0,0,2,0,0,0.00,0,0,0,0,0,0,Matches
268,Diogo Jota,pt POR,FW,Liverpool,28-157,1996,12.8,35,2.73,22,0,6,5,1,1,9,0.70,5,0,2,1,1,0,Matches
269,James Justin,eng ENG,DF,Leicester City,27-076,1998,29.7,31,1.05,20,2,1,4,4,0,1,0.03,1,0,0,0,0,0,Matches
270,Filip Jørgensen,dk DEN,GK,Chelsea,23-024,2002,6.0,1,0.17,1,0,0,0,0,0,0,0.00,0,0,0,0,0,0,Matches
271,Ferdi Kadioglu,tr TUR,"DF,MF",Brighton,25-215,1999,4.3,13,3.03,11,0,0,0,1,1,2,0.47,2,0,0,0,0,0,Matches
272,Daichi Kamada,jp JPN,MF,Crystal Palace,28-278,1996,15.8,49,3.10,36,6,1,3,1,2,3,0.19,2,1,0,0,0,0,Matches
273,Boubacar Kamara,fr FRA,MF,Aston Villa,25-168,1999,16.3,24,1.48,18,1,1,1,1,2,2,0.12,2,0,0,0,0,0,Matches
274,Michael Kayode,it ITA,DF,Brentford,20-304,2004,3.2,10,3.09,5,3,1,0,1,0,3,0.93,3,0,0,0,0,0,Matches
275,Michael Keane,eng ENG,DF,Everton,32-119,1993,9.5,6,0.63,6,0,0,0,0,0,0,0.00,0,0,0,0,0,0,Matches
Rk,Player,Nation,Pos,Squad,Age,Born,90s,SCA,SCA90,PassLive,PassDead,TO,Sh,Fld,Def,GCA,GCA90,PassLive,PassDead,TO,Sh,Fld,Def,Matches
276,Caoimhín Kelleher,ie IRL,GK,Liverpool,26-168,1998,10.0,3,0.30,3,0,0,0,0,0,1,0.10,1,0,0,0,0,0,Matches
277,Lloyd Kelly,eng ENG,DF,Newcastle Utd,26-216,1998,3.4,2,0.59,2,0,0,0,0,0,1,0.30,1,0,0,0,0,0,Matches
278,Milos Kerkez,hu HUN,DF,Bournemouth,21-184,2003,34.2,76,2.22,61,4,1,2,5,3,9,0.26,7,0,1,0,0,1,Matches
279,Bilal El Khannouss,ma MAR,MF,Leicester City,21-000,2004,22.3,66,2.97,48,7,6,3,2,0,5,0.22,4,1,0,0,0,0,Matches
280,Abdukodir Khusanov,uz UZB,DF,Manchester City,21-070,2004,5.6,5,0.89,5,0,0,0,0,0,0,0.00,0,0,0,0,0,0,Matches
281,Max Kilman,eng ENG,DF,West Ham,27-352,1997,34.2,29,0.85,26,0,2,0,0,1,3,0.09,2,0,1,0,0,0,Matches
282,Joshua King,eng ENG,"MF,FW",Fulham,18-127,2007,0.9,4,4.50,3,0,1,0,0,0,0,0.00,0,0,0,0,0,0,Matches
283,Antonín Kinský,cz CZE,GK,Tottenham,22-058,2003,4.0,1,0.25,1,0,0,0,0,0,0,0.00,0,0,0,0,0,0,Matches
284,Jakub Kiwior,pl POL,DF,Arsenal,25-084,2000,9.5,6,0.63,5,0,1,0,0,0,0,0.00,0,0,0,0,0,0,Matches
285,Justin Kluivert,nl NED,"MF,FW",Bournemouth,26-005,1999,24.0,95,3.95,69,8,6,6,5,1,11,0.46,10,0,0,0,1,0,Matches
286,Ibrahima Konaté,fr FRA,DF,Liverpool,25-350,1999,25.8,30,1.16,25,0,0,4,0,1,7,0.27,6,0,0,0,0,1,Matches
287,Ezri Konsa,eng ENG,DF,Aston Villa,27-199,1997,29.6,23,0.78,18,2,1,2,0,0,3,0.10,3,0,0,0,0,0,Matches
288,Mateo Kovačić,hr CRO,MF,Manchester City,31-004,1994,22.8,63,2.77,52,0,3,4,3,1,6,0.26,4,0,1,1,0,0,Matches
289,Caleb Kporha,eng ENG,DF,Crystal Palace,18-299,2006,0.1,0,0.00,0,0,0,0,0,0,0,0.00,0,0,0,0,0,0,Matches
290,Emil Krafth,se SWE,DF,Newcastle Utd,30-281,1994,3.2,3,0.93,2,0,0,1,0,0,0,0.00,0,0,0,0,0,0,Matches
291,Mohammed Kudus,gh GHA,"FW,MF",West Ham,24-281,2000,26.9,101,3.76,71,1,15,10,2,2,7,0.26,5,0,1,1,0,0,Matches
292,Dejan Kulusevski,se SWE,"MF,FW",Tottenham,25-015,2000,26.3,127,4.82,95,12,15,2,3,0,9,0.34,7,1,1,0,0,0,Matches
293,Maxence Lacroix,fr FRA,DF,Crystal Palace,25-034,2000,31.6,26,0.82,21,1,0,4,0,0,4,0.13,2,1,0,1,0,0,Matches
294,Adam Lallana,eng ENG,MF,Southampton,37-000,1988,4.0,9,2.24,8,0,0,0,1,0,2,0.50,2,0,0,0,0,0,Matches
295,Tariq Lamptey,gh GHA,DF,Brighton,24-222,2000,8.9,16,1.79,13,1,0,0,1,1,3,0.34,2,0,0,0,0,1,Matches
296,Will Lankshear,eng ENG,"FW,MF",Tottenham,20-020,2005,0.1,0,0.00,0,0,0,0,0,0,0,0.00,0,0,0,0,0,0,Matches
297,Roméo Lavia,be BEL,MF,Chelsea,21-124,2004,7.6,13,1.71,12,0,0,0,0,1,2,0.26,2,0,0,0,0,0,Matches
298,Mario Lemina,ga GAB,"MF,DF",Wolves,31-251,1993,15.2,26,1.71,21,0,2,2,0,1,5,0.33,5,0,0,0,0,0,Matches
299,Bernd Leno,de GER,GK,Fulham,33-067,1992,35.0,5,0.14,5,0,0,0,0,0,2,0.06,2,0,0,0,0,0,Matches
300,Jefferson Lerma,co COL,"MF,DF",Crystal Palace,30-197,1994,22.6,44,1.95,35,5,0,3,0,1,3,0.13,3,0,0,0,0,0,Matches
Rk,Player,Nation,Pos,Squad,Age,Born,90s,SCA,SCA90,PassLive,PassDead,TO,Sh,Fld,Def,GCA,GCA90,PassLive,PassDead,TO,Sh,Fld,Def,Matches
301,Rico Lewis,eng ENG,"DF,MF",Manchester City,20-170,2004,20.2,31,1.54,30,0,0,0,1,0,3,0.15,3,0,0,0,0,0,Matches
302,Keane Lewis-Potter,eng ENG,"DF,FW",Brentford,24-077,2001,31.5,67,2.12,53,0,4,3,6,1,8,0.25,6,0,0,0,2,0,Matches
303,Myles Lewis-Skelly,eng ENG,DF,Arsenal,18-226,2006,13.0,24,1.85,18,0,1,0,5,0,0,0.00,0,0,0,0,0,0,Matches
304,Matthijs de Ligt,nl NED,DF,Manchester Utd,25-271,1999,23.6,14,0.59,12,0,0,2,0,0,1,0.04,1,0,0,0,0,0,Matches
305,Pedro Lima,br BRA,DF,Wolves,18-313,2006,0.8,4,5.14,2,0,0,0,0,2,0,0.00,0,0,0,0,0,0,Matches
306,Victor Lindelöf,se SWE,DF,Manchester Utd,30-297,1994,5.4,4,0.75,4,0,0,0,0,0,0,0.00,0,0,0,0,0,0,Matches
307,Jesper Lindstrøm,dk DEN,FW,Everton,25-070,2000,13.8,46,3.35,30,7,2,3,3,1,1,0.07,1,0,0,0,0,0,Matches
308,Valentino Livramento,eng ENG,DF,Newcastle Utd,22-179,2002,28.6,39,1.37,37,0,0,1,1,0,2,0.07,2,0,0,0,0,0,Matches
309,Sean Longstaff,eng ENG,MF,Newcastle Utd,27-192,1997,8.9,14,1.58,12,0,1,1,0,0,2,0.23,1,0,0,1,0,0,Matches
310,Saša Lukić,rs SRB,MF,Fulham,28-270,1996,24.1,50,2.08,32,11,0,5,1,1,3,0.12,2,0,0,1,0,0,Matches
311,Joe Lumley,eng ENG,GK,Southampton,30-084,1995,3.0,0,0.00,0,0,0,0,0,0,0,0.00,0,0,0,0,0,0,Matches
312,Massimo Luongo,au AUS,MF,Ipswich Town,32-227,1992,2.2,0,0.00,0,0,0,0,0,0,0,0.00,0,0,0,0,0,0,Matches
313,Ian Maatsen,nl NED,DF,Aston Villa,23-061,2002,10.6,49,4.60,36,3,4,5,0,1,7,0.66,6,0,1,0,0,0,Matches
314,Alexis Mac Allister,ar ARG,MF,Liverpool,26-137,1998,28.6,119,4.16,82,24,2,6,2,3,15,0.52,10,3,0,2,0,0,Matches
315,James Maddison,eng ENG,MF,Tottenham,28-168,1996,20.1,95,4.73,66,13,7,3,6,0,18,0.90,12,2,3,1,0,0,Matches
316,Noni Madueke,eng ENG,FW,Chelsea,23-061,2002,20.1,76,3.77,54,0,10,7,4,1,8,0.40,5,0,0,1,1,1,Matches
317,Gabriel Magalhães,br BRA,DF,Arsenal,27-142,1997,26.3,35,1.33,31,0,0,3,1,0,6,0.23,4,0,0,1,1,0,Matches
318,Edmond-Paris Maghoma,eng ENG,"MF,FW",Brentford,24-002,2001,1.3,4,3.03,4,0,0,0,0,0,1,0.76,1,0,0,0,0,0,Matches
319,Harry Maguire,eng ENG,DF,Manchester Utd,32-066,1993,17.1,17,0.99,12,1,0,4,0,0,0,0.00,0,0,0,0,0,0,Matches
320,Kobbie Mainoo,eng ENG,MF,Manchester Utd,20-021,2005,16.7,30,1.79,25,0,4,0,1,0,2,0.12,2,0,0,0,0,0,Matches
321,Tyrell Malacia,nl NED,DF,Manchester Utd,25-266,1999,1.1,2,1.80,1,0,0,0,1,0,0,0.00,0,0,0,0,0,0,Matches
322,Donyell Malen,nl NED,FW,Aston Villa,26-121,1999,3.3,5,1.53,4,0,1,0,0,0,0,0.00,0,0,0,0,0,0,Matches
323,Orel Mangala,be BEL,MF,Everton,27-053,1998,14.0,24,1.72,17,1,2,3,1,0,1,0.07,0,0,0,0,1,0,Matches
324,Ryan Manning,ie IRL,"DF,MF",Southampton,28-330,1996,16.2,50,3.08,25,22,0,1,1,1,3,0.18,0,2,0,0,1,0,Matches
325,Solly March,eng ENG,"FW,MF",Brighton,30-294,1994,1.9,7,3.77,6,1,0,0,0,0,2,1.08,2,0,0,0,0,0,Matches
Rk,Player,Nation,Pos,Squad,Age,Born,90s,SCA,SCA90,PassLive,PassDead,TO,Sh,Fld,Def,GCA,GCA90,PassLive,PassDead,TO,Sh,Fld,Def,Matches
326,Omar Marmoush,eg EGY,"FW,MF",Manchester City,26-092,1999,11.1,33,2.98,18,3,1,4,7,0,1,0.09,0,0,0,0,1,0,Matches
327,Gabriel Martinelli,br BRA,"FW,MF",Arsenal,23-326,2001,22.7,66,2.91,50,1,8,4,3,0,6,0.26,3,0,1,1,1,0,Matches
328,Emiliano Martínez,ar ARG,GK,Aston Villa,32-250,1992,33.0,6,0.18,5,1,0,0,0,0,1,0.03,1,0,0,0,0,0,Matches
329,Lisandro Martínez,ar ARG,DF,Manchester Utd,27-112,1998,19.5,26,1.34,23,0,0,2,0,1,2,0.10,2,0,0,0,0,0,Matches
330,Pape Matar Sarr,sn SEN,MF,Tottenham,22-238,2002,19.2,42,2.19,34,2,2,3,0,1,6,0.31,4,0,1,1,0,0,Matches
331,Jean-Philippe Mateta,fr FRA,FW,Crystal Palace,27-316,1997,28.0,56,2.00,38,0,4,9,5,0,8,0.29,3,0,3,2,0,0,Matches
332,Stephy Mavididi,eng ENG,FW,Leicester City,26-344,1998,17.9,50,2.78,39,2,4,2,2,1,7,0.39,6,0,1,0,0,0,Matches
333,Konstantinos Mavropanos,gr GRE,DF,West Ham,27-150,1997,21.6,16,0.74,12,0,1,2,0,1,0,0.00,0,0,0,0,0,0,Matches
334,Noussair Mazraoui,ma MAR,DF,Manchester Utd,27-177,1997,29.3,50,1.71,40,2,1,2,3,2,1,0.03,1,0,0,0,0,0,Matches
335,Bryan Mbeumo,cm CMR,FW,Brentford,25-276,1999,34.9,134,3.84,93,22,9,6,4,0,18,0.52,10,2,2,3,1,0,Matches
336,James Mcatee,eng ENG,"MF,FW",Manchester City,22-204,2002,3.4,3,0.89,2,0,1,0,0,0,1,0.30,0,0,1,0,0,0,Matches
337,Kasey McAteer,ie IRL,"FW,MF",Leicester City,23-169,2001,6.8,18,2.65,16,0,0,0,2,0,2,0.29,1,0,0,0,1,0,Matches
338,Alex McCarthy,eng ENG,GK,Southampton,35-158,1989,5.0,0,0.00,0,0,0,0,0,0,0,0.00,0,0,0,0,0,0,Matches
339,John McGinn,sct SCO,"MF,FW",Aston Villa,30-204,1994,22.8,68,2.98,52,6,0,4,5,1,7,0.31,6,1,0,0,0,0,Matches
340,Dwight McNeil,eng ENG,"MF,FW",Everton,25-169,1999,14.0,63,4.49,35,19,4,2,2,1,7,0.50,4,1,1,0,0,1,Matches
341,Scott McTominay,sct SCO,MF,Manchester Utd,28-153,1996,0.2,1,4.74,0,0,0,1,0,0,0,0.00,0,0,0,0,0,0,Matches
342,Ben Mee,eng ENG,DF,Brentford,35-231,1989,2.0,0,0.00,0,0,0,0,0,0,0,0.00,0,0,0,0,0,0,Matches
343,Jayden Meghoma,eng ENG,DF,Brentford,18-316,2006,0.1,0,0.00,0,0,0,0,0,0,0,0.00,0,0,0,0,0,0,Matches
344,Mikel Merino,es ESP,"MF,FW",Arsenal,28-322,1996,15.8,39,2.48,33,0,0,5,1,0,4,0.25,3,0,0,1,0,0,Matches
345,Shumaira Mheuka,eng ENG,MF,Chelsea,17-202,2007,0.0,0,0.00,0,0,0,0,0,0,0,0.00,0,0,0,0,0,0,Matches
346,Nikola Milenković,rs SRB,DF,Nott'ham Forest,27-210,1997,34.0,18,0.53,14,0,0,3,0,1,3,0.09,3,0,0,0,0,0,Matches
347,Lewis Miley,eng ENG,MF,Newcastle Utd,19-009,2006,2.8,3,1.08,2,0,0,0,0,1,0,0.00,0,0,0,0,0,0,Matches
348,James Milner,eng ENG,MF,Brighton,39-126,1986,1.9,8,4.26,5,2,0,0,1,0,0,0.00,0,0,0,0,0,0,Matches
349,Tyrone Mings,eng ENG,DF,Aston Villa,32-058,1993,11.7,17,1.45,14,0,0,1,1,1,2,0.17,1,0,0,1,0,0,Matches
350,Yankuba Minteh,gm GAM,"FW,MF",Brighton,20-292,2004,17.6,54,3.07,31,8,11,2,1,1,11,0.62,5,0,5,1,0,0,Matches
Rk,Player,Nation,Pos,Squad,Age,Born,90s,SCA,SCA90,PassLive,PassDead,TO,Sh,Fld,Def,GCA,GCA90,PassLive,PassDead,TO,Sh,Fld,Def,Matches
351,Tyrick Mitchell,eng ENG,DF,Crystal Palace,25-251,1999,32.7,69,2.11,62,1,0,3,2,1,6,0.18,5,0,0,0,1,0,Matches
352,Kaoru Mitoma,jp JPN,"FW,MF",Brighton,27-355,1997,28.0,83,2.96,69,0,6,3,4,1,8,0.29,7,0,0,0,1,0,Matches
353,Jakub Moder,pl POL,MF,Brighton,26-033,1999,0.1,4,32.73,4,0,0,0,0,0,0,0.00,0,0,0,0,0,0,Matches
354,Jeremy Monga,,"FW,MF",Leicester City,,,0.6,1,1.73,1,0,0,0,0,0,0,0.00,0,0,0,0,0,0,Matches
355,Mikey Moore,eng ENG,FW,Tottenham,17-272,2007,2.3,10,4.33,6,2,0,1,1,0,2,0.87,1,0,0,1,0,0,Matches
356,Morato,br BRA,DF,Nott'ham Forest,23-314,2001,9.0,3,0.33,3,0,0,0,0,0,0,0.00,0,0,0,0,0,0,Matches
357,Álex Moreno,es ESP,"DF,MF",Nott'ham Forest,31-336,1993,10.6,16,1.51,15,1,0,0,0,0,2,0.19,2,0,0,0,0,0,Matches
358,Sam Morsy,eg EGY,MF,Ipswich Town,33-242,1991,27.6,40,1.45,35,4,0,0,1,0,2,0.07,2,0,0,0,0,0,Matches
359,Yerson Mosquera,co COL,DF,Wolves,24-008,2001,4.9,5,1.02,5,0,0,0,0,0,0,0.00,0,0,0,0,0,0,Matches
360,Mason Mount,eng ENG,"MF,FW",Manchester Utd,26-120,1999,4.8,15,3.14,9,2,0,3,1,0,0,0.00,0,0,0,0,0,0,Matches
361,Divin Mubama,eng ENG,FW,Manchester City,20-197,2004,0.3,0,0.00,0,0,0,0,0,0,0,0.00,0,0,0,0,0,0,Matches
362,Mykhailo Mudryk,ua UKR,FW,Chelsea,24-125,2001,1.7,6,3.60,4,1,0,0,1,0,0,0.00,0,0,0,0,0,0,Matches
363,Marshall Munetsi,zw ZIM,"MF,FW",Wolves,28-322,1996,9.8,16,1.64,12,0,0,1,2,1,1,0.10,1,0,0,0,0,0,Matches
364,Rodrigo Muniz,br BRA,FW,Fulham,24-006,2001,10.7,17,1.59,10,0,2,2,2,1,2,0.19,1,0,1,0,0,0,Matches
365,Daniel Muñoz,co COL,DF,Crystal Palace,28-349,1996,32.9,78,2.37,64,2,2,5,1,4,9,0.27,7,0,1,1,0,0,Matches
366,Arijanet Muric,xk KVX,GK,Ipswich Town,26-184,1998,18.0,1,0.06,0,1,0,0,0,0,0,0.00,0,0,0,0,0,0,Matches
367,Murillo,br BRA,DF,Nott'ham Forest,22-310,2002,33.4,40,1.20,27,7,0,3,1,2,2,0.06,1,1,0,0,0,0,Matches
368,Jacob Murphy,eng ENG,FW,Newcastle Utd,30-075,1995,23.8,73,3.07,57,4,4,3,3,2,14,0.59,13,0,0,0,1,0,Matches
369,Vitaliy Mykolenko,ua UKR,DF,Everton,25-346,1999,31.2,38,1.22,36,0,1,1,0,0,3,0.10,2,0,0,1,0,0,Matches
370,Iliman Ndiaye,sn SEN,FW,Everton,25-065,2000,25.0,59,2.36,45,0,7,1,6,0,5,0.20,3,0,1,0,1,0,Matches
371,Wilfred Ndidi,ng NGA,MF,Leicester City,28-145,1996,23.9,27,1.13,25,0,1,1,0,0,3,0.13,3,0,0,0,0,0,Matches
372,Kosta Nedeljković,rs SRB,DF,Aston Villa,19-145,2005,1.4,0,0.00,0,0,0,0,0,0,0,0.00,0,0,0,0,0,0,Matches
373,Reiss Nelson,eng ENG,FW,Arsenal,25-151,1999,0.0,0,0.00,0,0,0,0,0,0,0,0.00,0,0,0,0,0,0,Matches
374,Reiss Nelson,eng ENG,FW,Fulham,25-151,1999,5.4,31,5.73,21,2,3,4,0,1,1,0.18,1,0,0,0,0,0,Matches
375,Neto,br BRA,GK,Bournemouth,35-295,1989,2.0,0,0.00,0,0,0,0,0,0,0,0.00,0,0,0,0,0,0,Matches
Rk,Player,Nation,Pos,Squad,Age,Born,90s,SCA,SCA90,PassLive,PassDead,TO,Sh,Fld,Def,GCA,GCA90,PassLive,PassDead,TO,Sh,Fld,Def,Matches
376,Pedro Neto,pt POR,FW,Chelsea,25-062,2000,22.4,85,3.80,63,8,5,5,4,0,8,0.36,5,1,2,0,0,0,Matches
377,Eddie Nketiah,eng ENG,"FW,MF",Crystal Palace,25-345,1999,9.9,27,2.71,17,0,3,3,4,0,2,0.20,1,0,0,0,1,0,Matches
378,Christopher Nkunku,fr FRA,FW,Chelsea,27-177,1997,10.2,34,3.32,21,0,5,5,1,2,4,0.39,1,0,1,1,1,0,Matches
379,Gustavo Nunes,br BRA,"FW,MF",Brentford,19-171,2005,0.1,0,0.00,0,0,0,0,0,0,0,0.00,0,0,0,0,0,0,Matches
380,Matheus Nunes,pt POR,"DF,MF",Manchester City,26-256,1998,16.6,39,2.35,32,1,2,2,2,0,6,0.36,4,0,1,1,0,0,Matches
381,Darwin Núñez,uy URU,FW,Liverpool,25-320,1999,11.7,27,2.31,18,0,4,1,2,2,4,0.34,3,0,0,0,1,0,Matches
382,Ethan Nwaneri,eng ENG,"FW,MF",Arsenal,18-050,2007,9.1,22,2.41,12,4,3,2,1,0,3,0.33,3,0,0,0,0,0,Matches
383,Christian Nørgaard,dk DEN,MF,Brentford,31-061,1994,28.3,49,1.73,40,0,0,6,2,1,10,0.35,9,0,0,0,1,0,Matches
384,Jake O'Brien,ie IRL,DF,Everton,23-360,2001,15.5,16,1.04,14,0,2,0,0,0,0,0.00,0,0,0,0,0,0,Matches
385,Matt O'Riley,dk DEN,MF,Brighton,24-170,2000,9.4,35,3.72,20,9,1,2,1,2,4,0.43,3,0,0,0,1,0,Matches
386,Dara O'Shea,ie IRL,DF,Ipswich Town,26-067,1999,31.7,22,0.69,18,0,0,1,2,1,4,0.13,4,0,0,0,0,0,Matches
387,Chidozie Obi-Martin,dk DEN,FW,Manchester Utd,17-162,2007,1.7,2,1.16,0,0,1,1,0,0,0,0.00,0,0,0,0,0,0,Matches
388,Wilson Odobert,fr FRA,FW,Tottenham,20-163,2004,7.0,14,2.01,12,0,0,2,0,0,1,0.14,1,0,0,0,0,0,Matches
389,Chiedozie Ogbene,ie IRL,FW,Ipswich Town,28-009,1997,2.6,3,1.13,2,0,0,0,1,0,0,0.00,0,0,0,0,0,0,Matches
390,Caleb Okoli,it ITA,DF,Leicester City,23-301,2001,12.5,4,0.32,4,0,0,0,0,0,0,0.00,0,0,0,0,0,0,Matches
391,Robin Olsen,se SWE,GK,Aston Villa,35-122,1990,2.0,2,1.00,0,2,0,0,0,0,1,0.50,0,1,0,0,0,0,Matches
392,Amadou Onana,be BEL,MF,Aston Villa,23-267,2001,15.3,27,1.76,21,2,0,4,0,0,4,0.26,2,1,0,1,0,0,Matches
393,André Onana,cm CMR,GK,Manchester Utd,29-038,1996,33.0,4,0.12,3,1,0,0,0,0,0,0.00,0,0,0,0,0,0,Matches
394,Paul Onuachu,ng NGA,FW,Southampton,30-347,1994,11.4,9,0.79,8,0,0,1,0,0,1,0.09,1,0,0,0,0,0,Matches
395,Frank Onyeka,ng NGA,MF,Brentford,27-129,1998,0.3,0,0.00,0,0,0,0,0,0,0,0.00,0,0,0,0,0,0,Matches
396,Lewis Orford,eng ENG,MF,West Ham,19-081,2006,0.5,2,3.67,2,0,0,0,0,0,0,0.00,0,0,0,0,0,0,Matches
397,Stefan Ortega,de GER,GK,Manchester City,32-185,1992,12.2,0,0.00,0,0,0,0,0,0,0,0.00,0,0,0,0,0,0,Matches
398,William Osula,dk DEN,FW,Newcastle Utd,21-279,2003,1.2,2,1.73,1,0,0,0,0,1,0,0.00,0,0,0,0,0,0,Matches
399,Dango Ouattara,bf BFA,FW,Bournemouth,23-088,2002,22.3,72,3.23,57,0,3,10,1,1,6,0.27,4,0,1,1,0,0,Matches
400,Nico O’Reilly,eng ENG,DF,Manchester City,20-050,2005,5.7,12,2.11,9,1,1,0,1,0,2,0.35,2,0,0,0,0,0,Matches
Rk,Player,Nation,Pos,Squad,Age,Born,90s,SCA,SCA90,PassLive,PassDead,TO,Sh,Fld,Def,GCA,GCA90,PassLive,PassDead,TO,Sh,Fld,Def,Matches
401,Alex Palmer,eng ENG,GK,Ipswich Town,28-273,1996,11.0,2,0.18,2,0,0,0,0,0,0,0.00,0,0,0,0,0,0,Matches
402,Cole Palmer,eng ENG,MF,Chelsea,23-004,2002,32.5,190,5.86,126,21,15,19,7,2,15,0.46,11,0,2,1,1,0,Matches
403,Emerson Palmieri,it ITA,DF,West Ham,30-280,1994,23.4,41,1.75,25,11,0,2,2,1,2,0.09,1,1,0,0,0,0,Matches
404,Lucas Paquetá,br BRA,"MF,FW",West Ham,27-256,1997,26.0,79,3.04,65,2,2,4,5,1,6,0.23,3,0,0,2,1,0,Matches
405,Thomas Partey,gh GHA,"MF,DF",Arsenal,31-331,1993,28.1,58,2.07,48,2,1,2,1,4,13,0.46,8,2,0,1,1,1,Matches
406,Nathan Patterson,sct SCO,DF,Everton,23-206,2001,3.9,11,2.85,8,1,2,0,0,0,1,0.26,1,0,0,0,0,0,Matches
407,Andreas Pereira,br BRA,MF,Fulham,29-129,1996,20.9,101,4.84,52,41,0,4,4,0,8,0.38,4,2,0,0,2,0,Matches
408,Ricardo Pereira,pt POR,DF,Leicester City,31-216,1993,3.8,3,0.79,3,0,0,0,0,0,0,0.00,0,0,0,0,0,0,Matches
409,Kalvin Phillips,eng ENG,MF,Ipswich Town,29-159,1995,13.7,17,1.24,13,3,0,1,0,0,3,0.22,3,0,0,0,0,0,Matches
410,Jaden Philogene Bidace,eng ENG,"FW,MF",Aston Villa,23-091,2002,3.7,5,1.36,3,0,0,0,1,1,0,0.00,0,0,0,0,0,0,Matches
411,Jaden Philogene Bidace,eng ENG,"FW,DF",Ipswich Town,23-091,2002,5.3,9,1.71,6,0,1,1,1,0,0,0.00,0,0,0,0,0,0,Matches
412,Jordan Pickford,eng ENG,GK,Everton,31-064,1994,35.0,12,0.34,11,1,0,0,0,0,2,0.06,2,0,0,0,0,0,Matches
413,Ethan Pinnock,jm JAM,DF,Brentford,31-346,1993,21.3,21,0.99,13,5,0,2,1,0,0,0.00,0,0,0,0,0,0,Matches
414,Daniel Podence,pt POR,"MF,FW",Wolves,29-201,1995,0.5,0,0.00,0,0,0,0,0,0,0,0.00,0,0,0,0,0,0,Matches
415,Alfie Pond,eng ENG,DF,Wolves,21-070,2004,0.0,0,0.00,0,0,0,0,0,0,0,0.00,0,0,0,0,0,0,Matches
416,Nick Pope,eng ENG,GK,Newcastle Utd,33-021,1992,25.0,6,0.24,6,0,0,0,0,0,0,0.00,0,0,0,0,0,0,Matches
417,Pedro Porro,es ESP,DF,Tottenham,25-239,1999,27.4,104,3.80,69,22,3,5,4,1,8,0.29,4,3,1,0,0,0,Matches
418,Jarell Quansah,eng ENG,DF,Liverpool,22-101,2003,4.5,2,0.44,2,0,0,0,0,0,0,0.00,0,0,0,0,0,0,Matches
419,Hákon Rafn Valdimarsson,is ISL,GK,Brentford,23-209,2001,1.6,2,1.24,2,0,0,0,0,0,0,0.00,0,0,0,0,0,0,Matches
420,Aaron Ramsdale,eng ENG,GK,Southampton,26-361,1998,27.0,3,0.11,2,1,0,0,0,0,0,0.00,0,0,0,0,0,0,Matches
421,Jacob Ramsey,eng ENG,"FW,MF",Aston Villa,23-347,2001,16.8,51,3.03,40,0,4,1,6,0,8,0.47,7,0,0,0,1,0,Matches
422,Marcus Rashford,eng ENG,"FW,MF",Manchester Utd,27-191,1997,10.9,29,2.67,24,1,2,2,0,0,1,0.09,1,0,0,0,0,0,Matches
423,Marcus Rashford,eng ENG,FW,Aston Villa,27-191,1997,4.9,27,5.49,14,5,3,2,3,0,3,0.61,2,0,0,1,0,0,Matches
424,David Raya,es ESP,GK,Arsenal,29-237,1995,35.0,4,0.11,3,1,0,0,0,0,1,0.03,1,0,0,0,0,0,Matches
425,Harrison Reed,eng ENG,MF,Fulham,30-103,1995,1.2,1,0.89,0,1,0,0,0,0,0,0.00,0,0,0,0,0,0,Matches
Rk,Player,Nation,Pos,Squad,Age,Born,90s,SCA,SCA90,PassLive,PassDead,TO,Sh,Fld,Def,GCA,GCA90,PassLive,PassDead,TO,Sh,Fld,Def,Matches
426,Remy Rees-Dottin,eng ENG,FW,Bournemouth,19-065,2006,0.0,0,0.00,0,0,0,0,0,0,0,0.00,0,0,0,0,0,0,Matches
427,Sergio Reguilón,es ESP,DF,Tottenham,28-145,1996,1.4,1,0.73,1,0,0,0,0,0,0,0.00,0,0,0,0,0,0,Matches
428,Vitor Reis,br BRA,DF,Manchester City,19-118,2006,0.0,0,0.00,0,0,0,0,0,0,0,0.00,0,0,0,0,0,0,Matches
429,Chadi Riad,ma MAR,DF,Crystal Palace,21-327,2003,1.0,0,0.00,0,0,0,0,0,0,0,0.00,0,0,0,0,0,0,Matches
430,Declan Rice,eng ENG,MF,Arsenal,26-116,1999,29.4,106,3.61,57,33,4,5,5,2,10,0.34,6,2,1,1,0,0,Matches
431,Chris Richards,us USA,DF,Crystal Palace,25-043,2000,18.4,7,0.38,3,0,0,2,1,1,2,0.11,0,0,0,2,0,0,Matches
432,Richarlison,br BRA,FW,Tottenham,28-000,1997,5.3,8,1.51,5,0,0,2,1,0,1,0.19,1,0,0,0,0,0,Matches
433,Andrew Robertson,sct SCO,DF,Liverpool,31-060,1994,25.6,75,2.92,63,9,1,1,0,1,3,0.12,3,0,0,0,0,0,Matches
434,Antonee Robinson,us USA,DF,Fulham,27-275,1997,33.2,77,2.32,72,1,1,2,0,1,11,0.33,11,0,0,0,0,0,Matches
435,Jay Robinson,eng ENG,"MF,FW",Southampton,18-056,2007,0.4,3,7.50,2,0,1,0,0,0,0,0.00,0,0,0,0,0,0,Matches
436,Rodri,es ESP,MF,Manchester City,28-322,1996,0.7,2,2.77,2,0,0,0,0,0,0,0.00,0,0,0,0,0,0,Matches
437,Guido Rodríguez,ar ARG,MF,West Ham,31-028,1994,11.3,10,0.88,8,0,0,2,0,0,0,0.00,0,0,0,0,0,0,Matches
438,Mads Roerslev,dk DEN,DF,Brentford,25-320,1999,12.2,21,1.72,18,0,1,1,1,0,2,0.16,2,0,0,0,0,0,Matches
439,Morgan Rogers,eng ENG,"FW,MF",Aston Villa,22-288,2002,31.7,101,3.19,76,0,13,7,5,0,14,0.44,12,0,1,0,1,0,Matches
440,Cristian Romero,ar ARG,DF,Tottenham,27-013,1998,15.7,20,1.27,16,0,0,4,0,0,4,0.25,3,0,0,1,0,0,Matches
441,Georginio Rutter,fr FRA,"MF,FW",Brighton,23-020,2002,18.4,64,3.47,37,0,9,7,9,2,8,0.43,3,0,3,1,1,0,Matches
442,José Sá,pt POR,GK,Wolves,32-113,1993,27.0,4,0.15,4,0,0,0,0,0,0,0.00,0,0,0,0,0,0,Matches
443,Bukayo Saka,eng ENG,"FW,MF",Arsenal,23-247,2001,17.1,102,5.97,61,19,9,9,4,0,22,1.29,13,5,2,1,1,0,Matches
444,Mohamed Salah,eg EGY,FW,Liverpool,32-329,1992,34.5,157,4.56,114,2,20,14,5,2,26,0.75,19,0,5,2,0,0,Matches
445,William Saliba,fr FRA,DF,Arsenal,24-047,2001,32.3,26,0.81,24,0,0,1,0,1,1,0.03,1,0,0,0,0,0,Matches
446,Robert Sánchez,es ESP,GK,Chelsea,27-173,1997,29.0,7,0.24,6,1,0,0,0,0,2,0.07,1,1,0,0,0,0,Matches
447,Jadon Sancho,eng ENG,FW,Chelsea,25-046,2000,18.7,67,3.57,60,0,3,1,3,0,10,0.53,9,0,0,0,1,0,Matches
448,Ibrahim Sangaré,ci CIV,MF,Nott'ham Forest,27-159,1997,4.1,6,1.46,5,0,0,1,0,0,0,0.00,0,0,0,0,0,0,Matches
449,Pablo Sarabia,es ESP,"MF,FW",Wolves,32-364,1992,8.0,25,3.14,17,6,2,0,0,0,4,0.50,3,0,1,0,0,0,Matches
450,Jeremy Sarmiento,ec ECU,MF,Brighton,22-328,2002,0.1,0,0.00,0,0,0,0,0,0,0,0.00,0,0,0,0,0,0,Matches
Rk,Player,Nation,Pos,Squad,Age,Born,90s,SCA,SCA90,PassLive,PassDead,TO,Sh,Fld,Def,GCA,GCA90,PassLive,PassDead,TO,Sh,Fld,Def,Matches
451,Ismaila Sarr,sn SEN,"MF,FW",Crystal Palace,27-074,1998,27.6,101,3.66,74,0,6,7,14,0,10,0.36,7,0,1,0,2,0,Matches
452,Sávio,br BRA,"FW,MF",Manchester City,21-030,2004,19.3,107,5.55,76,2,15,4,7,3,15,0.78,10,0,2,1,1,1,Matches
453,Oliver Scarles,eng ENG,DF,West Ham,19-149,2005,6.6,5,0.76,5,0,0,0,0,0,0,0.00,0,0,0,0,0,0,Matches
454,Dane Scarlett,eng ENG,"FW,MF",Tottenham,21-047,2004,0.4,1,2.65,1,0,0,0,0,0,1,2.65,1,0,0,0,0,0,Matches
455,Kevin Schade,de GER,FW,Brentford,23-164,2001,23.0,50,2.18,29,6,6,4,4,1,9,0.39,5,0,1,3,0,0,Matches
456,Fabian Schär,ch SUI,DF,Newcastle Utd,33-141,1991,29.6,32,1.08,23,1,1,2,2,3,4,0.14,2,0,0,2,0,0,Matches
457,Jeffrey Schlupp,gh GHA,"MF,DF",Crystal Palace,32-138,1992,1.1,7,6.06,5,0,1,1,0,0,0,0.00,0,0,0,0,0,0,Matches
458,Alex Scott,eng ENG,MF,Bournemouth,21-262,2003,7.9,28,3.55,18,2,0,2,3,3,2,0.25,2,0,0,0,0,0,Matches
459,Matz Sels,be BEL,GK,Nott'ham Forest,33-073,1992,35.0,5,0.14,2,3,0,0,0,0,0,0.00,0,0,0,0,0,0,Matches
460,Nélson Semedo,pt POR,DF,Wolves,31-175,1993,29.6,52,1.76,37,1,7,1,3,3,6,0.20,6,0,0,0,0,0,Matches
461,Antoine Semenyo,gh GHA,FW,Bournemouth,25-123,2000,32.6,123,3.77,79,4,19,14,5,2,13,0.40,7,1,2,1,2,0,Matches
462,Marcos Senesi,ar ARG,DF,Bournemouth,28-000,1997,11.3,16,1.42,16,0,0,0,0,0,1,0.09,1,0,0,0,0,0,Matches
463,Ryan Sessegnon,eng ENG,"FW,DF",Fulham,24-357,2000,5.2,17,3.25,14,0,0,2,1,0,3,0.57,3,0,0,0,0,0,Matches
464,Luke Shaw,eng ENG,DF,Manchester Utd,29-302,1995,2.4,9,3.72,7,2,0,0,0,0,0,0.00,0,0,0,0,0,0,Matches
465,Zain Silcott-Duberry,ms MSR,FW,Bournemouth,19-305,2005,0.0,0,0.00,0,0,0,0,0,0,0,0.00,0,0,0,0,0,0,Matches
466,Bernardo Silva,pt POR,"MF,FW",Manchester City,30-273,1994,26.7,83,3.11,74,2,4,0,3,0,8,0.30,8,0,0,0,0,0,Matches
467,Jota Silva,pt POR,"FW,MF",Nott'ham Forest,25-282,1999,9.4,29,3.09,22,0,1,3,3,0,3,0.32,2,0,0,0,1,0,Matches
468,Eric da Silva Moreira,de GER,"MF,DF",Nott'ham Forest,19-007,2006,0.3,0,0.00,0,0,0,0,0,0,0,0.00,0,0,0,0,0,0,Matches
469,Jahmai Simpson-Pusey,eng ENG,DF,Manchester City,19-187,2005,1.1,0,0.00,0,0,0,0,0,0,0,0.00,0,0,0,0,0,0,Matches
470,Luis Sinisterra,co COL,"FW,MF",Bournemouth,25-327,1999,2.6,14,5.29,11,0,1,2,0,0,1,0.38,1,0,0,0,0,0,Matches
471,Oliver Skipp,eng ENG,MF,Leicester City,24-236,2000,11.1,14,1.27,12,1,0,0,1,0,0,0.00,0,0,0,0,0,0,Matches
472,William Smallbone,ie IRL,MF,Southampton,25-078,2000,7.2,15,2.09,11,3,0,1,0,0,0,0.00,0,0,0,0,0,0,Matches
473,Adam Smith,eng ENG,DF,Bournemouth,34-011,1991,15.7,20,1.28,15,1,1,0,2,1,2,0.13,1,0,0,0,1,0,Matches
474,Emile Smith Rowe,eng ENG,MF,Fulham,24-286,2000,21.0,65,3.10,50,0,3,7,2,3,11,0.52,9,0,1,0,0,1,Matches
475,Dominic Solanke,eng ENG,FW,Tottenham,27-238,1997,23.5,37,1.57,25,0,0,9,2,1,8,0.34,6,0,0,1,1,0,Matches
Rk,Player,Nation,Pos,Squad,Age,Born,90s,SCA,SCA90,PassLive,PassDead,TO,Sh,Fld,Def,GCA,GCA90,PassLive,PassDead,TO,Sh,Fld,Def,Matches
476,Carlos Soler,es ESP,"MF,FW",West Ham,28-128,1997,15.1,47,3.12,29,7,2,5,3,1,2,0.13,2,0,0,0,0,0,Matches
477,Julio Soler,ar ARG,FW,Bournemouth,20-083,2005,0.0,0,0.00,0,0,0,0,0,0,0,0.00,0,0,0,0,0,0,Matches
478,Ramón Sosa,py PAR,"FW,MF",Nott'ham Forest,25-252,1999,3.3,14,4.23,11,0,2,1,0,0,0,0.00,0,0,0,0,0,0,Matches
479,Tomáš Souček,cz CZE,MF,West Ham,30-072,1995,25.9,43,1.66,35,0,0,5,2,1,3,0.12,2,0,0,0,1,0,Matches
480,Boubakary Soumaré,fr FRA,MF,Leicester City,26-072,1999,21.8,34,1.56,26,0,5,1,2,0,3,0.14,3,0,0,0,0,0,Matches
481,Djed Spence,eng ENG,DF,Tottenham,24-274,2000,17.8,28,1.57,22,1,4,1,0,0,5,0.28,3,1,1,0,0,0,Matches
482,Jay Stansfield,eng ENG,MF,Fulham,22-167,2002,0.0,0,0.00,0,0,0,0,0,0,0,0.00,0,0,0,0,0,0,Matches
483,Jason Steele,eng ENG,GK,Brighton,34-265,1990,2.0,0,0.00,0,0,0,0,0,0,0,0.00,0,0,0,0,0,0,Matches
484,Jack Stephens,eng ENG,DF,Southampton,31-103,1994,13.4,13,0.97,13,0,0,0,0,0,0,0.00,0,0,0,0,0,0,Matches
485,Raheem Sterling,eng ENG,"FW,MF",Arsenal,30-153,1994,4.9,18,3.71,14,0,2,2,0,0,3,0.62,3,0,0,0,0,0,Matches
486,Ross Stewart,sct SCO,FW,Southampton,28-303,1996,3.2,2,0.63,1,0,0,1,0,0,0,0.00,0,0,0,0,0,0,Matches
487,Jakub Stolarczyk,pl POL,GK,Leicester City,24-142,2000,7.0,0,0.00,0,0,0,0,0,0,0,0.00,0,0,0,0,0,0,Matches
488,John Stones,eng ENG,"DF,MF",Manchester City,30-347,1994,6.1,8,1.31,8,0,0,0,0,0,2,0.33,2,0,0,0,0,0,Matches
489,Jørgen Strand Larsen,no NOR,FW,Wolves,25-093,2000,27.4,40,1.46,31,1,1,3,2,2,5,0.18,5,0,0,0,0,0,Matches
490,Yukinari Sugawara,jp JPN,"DF,MF",Southampton,24-316,2000,16.3,39,2.39,30,5,1,3,0,0,1,0.06,1,0,0,0,0,0,Matches
491,Kamaldeen Sulemana,gh GHA,"FW,MF",Southampton,23-084,2002,13.1,28,2.14,15,1,9,2,1,0,3,0.23,1,0,1,1,0,0,Matches
492,Crysencio Summerville,nl NED,"FW,MF",West Ham,23-192,2001,8.7,35,4.01,21,3,5,0,5,1,1,0.11,1,0,0,0,0,0,Matches
493,Sammie Szmodics,ie IRL,"FW,MF",Ipswich Town,29-228,1995,10.9,9,0.83,7,0,1,1,0,0,0,0.00,0,0,0,0,0,0,Matches
494,Dominik Szoboszlai,hu HUN,MF,Liverpool,24-197,2000,25.3,108,4.27,84,5,4,12,2,1,14,0.55,11,0,0,3,0,0,Matches
495,Matt Targett,eng ENG,DF,Newcastle Utd,29-234,1995,0.2,0,0.00,0,0,0,0,0,0,0,0.00,0,0,0,0,0,0,Matches
496,James Tarkowski,eng ENG,DF,Everton,32-172,1992,32.5,38,1.17,32,2,0,4,0,0,4,0.12,4,0,0,0,0,0,Matches
497,Marcus Tavernier,eng ENG,"FW,MF",Bournemouth,26-049,1999,18.6,85,4.58,58,12,3,8,4,0,11,0.59,5,3,0,2,1,0,Matches
498,Charlie Taylor,eng ENG,DF,Southampton,31-234,1993,3.0,2,0.68,2,0,0,0,0,0,1,0.34,1,0,0,0,0,0,Matches
499,Jack Taylor,ie IRL,MF,Ipswich Town,26-321,1998,8.5,21,2.46,14,1,2,2,0,2,2,0.23,2,0,0,0,0,0,Matches
500,Mathys Tel,fr FRA,FW,Tottenham,20-013,2005,7.2,20,2.78,14,1,1,2,2,0,1,0.14,1,0,0,0,0,0,Matches
Rk,Player,Nation,Pos,Squad,Age,Born,90s,SCA,SCA90,PassLive,PassDead,TO,Sh,Fld,Def,GCA,GCA90,PassLive,PassDead,TO,Sh,Fld,Def,Matches
501,Kenny Tete,nl NED,DF,Fulham,29-213,1995,16.7,32,1.91,24,0,2,3,2,1,3,0.18,3,0,0,0,0,0,Matches
502,Thiago,br BRA,FW,Brentford,23-318,2001,1.6,2,1.27,1,0,0,0,0,1,0,0.00,0,0,0,0,0,0,Matches
503,Luke Thomas,eng ENG,DF,Leicester City,23-334,2001,9.7,12,1.24,8,3,0,0,0,1,1,0.10,1,0,0,0,0,0,Matches
504,Youri Tielemans,be BEL,MF,Aston Villa,28-003,1997,33.3,119,3.57,78,31,3,4,2,1,12,0.36,9,3,0,0,0,0,Matches
505,Kieran Tierney,sct SCO,"DF,FW",Arsenal,27-339,1997,2.0,8,3.98,7,1,0,0,0,0,0,0.00,0,0,0,0,0,0,Matches
506,Jurriën Timber,nl NED,DF,Arsenal,23-327,2001,26.9,52,1.94,46,1,3,0,1,1,9,0.34,8,0,1,0,0,0,Matches
507,Jean-Clair Todibo,fr FRA,DF,West Ham,25-131,1999,17.4,5,0.29,4,0,0,0,0,1,0,0.00,0,0,0,0,0,0,Matches
508,Harry Toffolo,eng ENG,DF,Nott'ham Forest,29-264,1995,1.5,0,0.00,0,0,0,0,0,0,0,0.00,0,0,0,0,0,0,Matches
509,Takehiro Tomiyasu,jp JPN,DF,Arsenal,26-186,1998,0.1,1,12.86,1,0,0,0,0,0,0,0.00,0,0,0,0,0,0,Matches
510,Sandro Tonali,it ITA,MF,Newcastle Utd,25-002,2000,26.2,61,2.32,44,1,3,5,5,3,8,0.30,8,0,0,0,0,0,Matches
511,Pau Torres,es ESP,DF,Aston Villa,28-114,1997,20.2,12,0.59,9,0,0,3,0,0,2,0.10,1,0,0,1,0,0,Matches
512,Conor Townsend,eng ENG,DF,Ipswich Town,32-067,1993,3.7,5,1.34,4,1,0,0,0,0,1,0.27,1,0,0,0,0,0,Matches
513,Adama Traoré,es ESP,"FW,MF",Fulham,29-105,1996,17.7,76,4.30,61,0,9,4,0,2,9,0.51,8,0,1,0,0,0,Matches
514,Boubacar Traoré,ml MLI,MF,Wolves,23-263,2001,0.0,0,0.00,0,0,0,0,0,0,0,0.00,0,0,0,0,0,0,Matches
515,Mark Travers,ie IRL,GK,Bournemouth,25-357,1999,5.0,0,0.00,0,0,0,0,0,0,0,0.00,0,0,0,0,0,0,Matches
516,Ryan Trevitt,eng ENG,MF,Brentford,22-059,2003,0.0,0,0.00,0,0,0,0,0,0,0,0.00,0,0,0,0,0,0,Matches
517,Kieran Trippier,eng ENG,DF,Newcastle Utd,34-233,1990,14.2,50,3.51,30,18,0,2,0,0,6,0.42,4,2,0,0,0,0,Matches
518,Leandro Trossard,be BEL,FW,Arsenal,30-157,1994,26.2,80,3.06,63,2,5,5,4,1,6,0.23,6,0,0,0,0,0,Matches
519,Kostas Tsimikas,gr GRE,DF,Liverpool,28-363,1996,8.3,28,3.37,18,9,0,0,1,0,2,0.24,1,1,0,0,0,0,Matches
520,Axel Tuanzebe,cd COD,DF,Ipswich Town,27-177,1997,16.1,11,0.68,9,1,0,0,1,0,2,0.12,2,0,0,0,0,0,Matches
521,Destiny Udogie,it ITA,DF,Tottenham,22-163,2002,20.4,35,1.72,31,0,0,1,1,2,3,0.15,2,0,0,0,0,1,Matches
522,Manuel Ugarte Ribeiro,uy URU,MF,Manchester Utd,24-029,2001,19.0,31,1.64,24,0,0,2,2,3,4,0.21,3,0,0,1,0,0,Matches
523,Lesley Ugochukwu,fr FRA,MF,Southampton,21-045,2004,16.9,23,1.36,19,0,1,1,2,0,1,0.06,0,0,0,1,0,0,Matches
524,Enes Ünal,tr TUR,"FW,MF",Bournemouth,28-000,1997,3.8,9,2.35,6,0,0,2,1,0,3,0.78,2,0,0,0,1,0,Matches
525,Virgil van Dijk,nl NED,DF,Liverpool,33-306,1991,35.0,47,1.34,40,0,1,3,1,2,4,0.11,4,0,0,0,0,0,Matches
Rk,Player,Nation,Pos,Squad,Age,Born,90s,SCA,SCA90,PassLive,PassDead,TO,Sh,Fld,Def,GCA,GCA90,PassLive,PassDead,TO,Sh,Fld,Def,Matches
526,Jamie Vardy,eng ENG,FW,Leicester City,38-119,1987,29.5,44,1.49,31,0,5,2,6,0,9,0.30,4,0,2,1,2,0,Matches
527,Renato Veiga,pt POR,"DF,MF",Chelsea,21-285,2003,2.0,1,0.49,0,0,0,1,0,0,0,0.00,0,0,0,0,0,0,Matches
528,Joël Veltman,nl NED,DF,Brighton,33-115,1992,18.5,22,1.19,15,2,2,1,2,0,1,0.05,0,1,0,0,0,0,Matches
529,Micky van de Ven,nl NED,DF,Tottenham,24-021,2001,10.6,11,1.04,8,0,0,2,1,0,2,0.19,2,0,0,0,0,0,Matches
530,Bart Verbruggen,nl NED,GK,Brighton,22-265,2002,33.0,5,0.15,5,0,0,0,0,0,1,0.03,1,0,0,0,0,0,Matches
531,Jannik Vestergaard,dk DEN,DF,Leicester City,32-280,1992,15.5,7,0.45,6,0,0,0,0,1,0,0.00,0,0,0,0,0,0,Matches
532,Guglielmo Vicario,it ITA,GK,Tottenham,28-215,1996,23.0,4,0.17,4,0,0,0,0,0,0,0.00,0,0,0,0,0,0,Matches
533,Carlos Vinícius,br BRA,"MF,FW",Fulham,30-046,1995,0.2,2,11.25,0,0,1,0,1,0,0,0.00,0,0,0,0,0,0,Matches
534,Kyle Walker,eng ENG,DF,Manchester City,34-347,1990,10.8,17,1.58,17,0,0,0,0,0,0,0.00,0,0,0,0,0,0,Matches
535,Kyle Walker-Peters,eng ENG,DF,Southampton,28-027,1997,32.4,63,1.94,40,3,10,5,3,2,7,0.22,5,0,1,1,0,0,Matches
536,Christian Walton,eng ENG,GK,Ipswich Town,29-182,1995,6.0,2,0.33,1,1,0,0,0,0,0,0.00,0,0,0,0,0,0,Matches
537,Aaron Wan-Bissaka,eng ENG,DF,West Ham,27-165,1997,32.0,85,2.65,68,4,7,3,1,2,8,0.25,7,0,0,1,0,0,Matches
538,Danny Ward,wls WAL,GK,Leicester City,31-322,1993,1.5,0,0.00,0,0,0,0,0,0,0,0.00,0,0,0,0,0,0,Matches
539,Joel Ward,eng ENG,DF,Crystal Palace,35-193,1989,0.0,0,0.00,0,0,0,0,0,0,0,0.00,0,0,0,0,0,0,Matches
540,James Ward-Prowse,eng ENG,MF,West Ham,30-190,1994,9.0,26,2.88,14,9,0,3,0,0,1,0.11,0,1,0,0,0,0,Matches
541,James Ward-Prowse,eng ENG,MF,Nott'ham Forest,30-190,1994,4.4,10,2.25,6,4,0,0,0,0,2,0.45,1,1,0,0,0,0,Matches
542,Ollie Watkins,eng ENG,FW,Aston Villa,29-131,1995,25.9,51,1.97,34,0,4,7,6,0,11,0.42,7,0,1,1,2,0,Matches
543,Adam Webster,eng ENG,DF,Brighton,30-126,1995,6.9,10,1.46,8,2,0,0,0,0,3,0.44,2,1,0,0,0,0,Matches
544,Danny Welbeck,eng ENG,FW,Brighton,34-165,1990,21.6,44,2.04,33,1,3,1,6,0,6,0.28,6,0,0,0,0,0,Matches
545,Welington,br BRA,"DF,MF",Southampton,24-080,2001,2.4,6,2.51,5,1,0,0,0,0,1,0.42,1,0,0,0,0,0,Matches
546,Timo Werner,de GER,"FW,MF",Tottenham,29-065,1996,5.7,18,3.13,14,0,2,1,1,0,3,0.52,3,0,0,0,0,0,Matches
547,Adam Wharton,eng ENG,MF,Crystal Palace,20-342,2004,14.6,59,4.03,45,11,0,2,0,1,6,0.41,4,2,0,0,0,0,Matches
548,Ben White,eng ENG,DF,Arsenal,27-214,1997,10.5,16,1.53,16,0,0,0,0,0,1,0.10,1,0,0,0,0,0,Matches
549,Mats Wieffer,nl NED,"MF,DF",Brighton,25-175,1999,8.3,26,3.14,24,0,0,2,0,0,4,0.48,4,0,0,0,0,0,Matches
550,Neco Williams,wls WAL,DF,Nott'ham Forest,24-027,2001,25.8,46,1.78,33,5,0,5,3,0,6,0.23,4,1,0,1,0,0,Matches
Rk,Player,Nation,Pos,Squad,Age,Born,90s,SCA,SCA90,PassLive,PassDead,TO,Sh,Fld,Def,GCA,GCA90,PassLive,PassDead,TO,Sh,Fld,Def,Matches
551,Willian,br BRA,"FW,MF",Fulham,36-274,1988,2.7,15,5.60,10,3,0,2,0,0,0,0.00,0,0,0,0,0,0,Matches
552,Joe Willock,eng ENG,"MF,FW",Newcastle Utd,25-263,1999,11.4,44,3.86,35,0,3,3,1,2,4,0.35,4,0,0,0,0,0,Matches
553,Callum Wilson,eng ENG,FW,Newcastle Utd,33-072,1992,3.2,6,1.89,3,0,0,1,1,1,0,0.00,0,0,0,0,0,0,Matches
554,Harry Wilson,wls WAL,"FW,MF",Fulham,28-049,1997,11.1,37,3.32,27,6,0,1,2,1,3,0.27,2,0,0,0,1,0,Matches
555,Harry Winks,eng ENG,MF,Leicester City,29-097,1996,17.1,39,2.28,29,7,1,1,1,0,3,0.18,2,1,0,0,0,0,Matches
556,Ben Winterburn,eng ENG,"FW,MF",Bournemouth,20-248,2004,0.3,0,0.00,0,0,0,0,0,0,0,0.00,0,0,0,0,0,0,Matches
557,Yoane Wissa,cd COD,FW,Brentford,28-249,1996,29.4,61,2.07,36,1,3,10,10,1,8,0.27,7,0,0,0,1,0,Matches
558,Chris Wood,nz NZL,FW,Nott'ham Forest,33-154,1991,29.9,40,1.34,32,0,2,4,0,2,5,0.17,4,0,0,0,0,1,Matches
559,Nathan Wood-Gordon,eng ENG,DF,Southampton,22-344,2002,6.9,3,0.43,3,0,0,0,0,0,0,0.00,0,0,0,0,0,0,Matches
560,Luke Woolfenden,eng ENG,DF,Ipswich Town,26-201,1998,13.2,2,0.15,2,0,0,0,0,0,0,0.00,0,0,0,0,0,0,Matches
561,Yehor Yarmoliuk,ua UKR,MF,Brentford,21-070,2004,13.3,22,1.66,19,0,2,1,0,0,2,0.15,2,0,0,0,0,0,Matches
562,Ryan Yates,eng ENG,MF,Nott'ham Forest,27-170,1997,20.8,36,1.73,25,0,1,6,2,2,3,0.14,2,0,0,1,0,0,Matches
563,Leny Yoro,fr FRA,DF,Manchester Utd,19-178,2005,12.4,8,0.65,5,0,0,2,0,1,0,0.00,0,0,0,0,0,0,Matches
564,Ashley Young,eng ENG,"DF,FW",Everton,39-305,1985,18.0,38,2.11,28,6,0,1,2,1,6,0.33,4,0,0,1,0,1,Matches
565,Illia Zabarnyi,ua UKR,DF,Bournemouth,22-251,2002,31.6,28,0.89,25,1,0,0,0,2,0,0.00,0,0,0,0,0,0,Matches
566,Oleksandr Zinchenko,ua UKR,"DF,MF",Arsenal,28-146,1996,5.1,16,3.16,11,1,1,2,1,0,2,0.40,2,0,0,0,0,0,Matches
567,Joshua Zirkzee,nl NED,"FW,MF",Manchester Utd,23-353,2001,15.6,31,1.99,28,0,0,2,1,0,3,0.19,1,0,0,1,1,0,Matches
568,Martin Ødegaard,no NOR,MF,Arsenal,26-144,1998,23.7,115,4.86,95,12,2,4,2,0,14,0.59,12,2,0,0,0,0,Matches
