Rk,Player,Nation,Pos,Squad,Age,Born,90s,Touches,Def Pen,Def 3rd,Mid 3rd,Att 3rd,Att Pen,Live,Att,Succ,Succ%,Tkld,Tkld%,Carries,TotDist,PrgDist,PrgC,1/3,CPA,Mis,Dis,Rec,PrgR,Matches
1,Max Aarons,eng ENG,DF,Bournemouth,25-126,2000,1.0,73,2,19,40,15,0,73,2,0,0.0,1,50.0,41,152,68,1,0,0,1,0,40,3,Matches
2,Joshua Acheampong,eng ENG,DF,Chelsea,19-005,2006,1.9,137,7,48,81,8,3,137,2,1,50.0,0,0.0,106,709,409,0,2,0,2,0,111,0,Matches
3,Tyler Adams,us USA,MF,Bournemouth,26-085,1999,19.0,1151,53,308,661,194,17,1151,16,3,18.8,9,56.3,554,2703,1183,12,17,1,27,12,630,9,Matches
4,Tosin Adarabioyo,eng ENG,DF,Chelsea,27-228,1997,13.7,1198,160,570,603,26,13,1198,5,4,80.0,0,0.0,713,2950,1690,5,2,0,3,0,916,1,Matches
5,Simon Adingra,ci CIV,"FW,MF",Brighton,23-129,2002,10.6,488,8,63,158,272,64,488,48,21,43.8,27,56.3,324,2127,1042,37,17,20,35,11,341,119,Matches
6,Emmanuel Agbadou,ci CIV,DF,Wolves,27-327,1997,12.7,924,155,527,381,22,5,924,10,7,70.0,2,20.0,572,2717,1230,3,3,0,3,3,615,1,Matches
7,Asher Agbinone,eng ENG,MF,Crystal Palace,19-224,2005,0.1,8,0,0,2,6,0,8,2,0,0.0,1,50.0,5,53,23,2,0,0,0,1,5,1,Matches
8,Ola Aina,ng NGA,DF,Nott'ham Forest,28-214,1996,30.4,1550,148,568,647,364,21,1550,68,31,45.6,25,36.8,675,4331,2524,59,40,10,40,22,737,56,Matches
9,Rayan Aït-Nouri,dz ALG,DF,Wolves,23-338,2001,31.8,1944,86,535,827,605,84,1944,116,56,48.3,46,39.7,1006,5513,2850,79,54,24,43,44,1181,158,Matches
10,Kristoffer Ajer,no NOR,DF,Brentford,27-023,1998,15.6,773,52,260,359,160,35,773,16,7,43.8,8,50.0,378,2059,1172,27,11,2,15,12,481,42,Matches
11,Manuel Akanji,ch SUI,DF,Manchester City,29-295,1995,19.4,1635,111,487,797,353,11,1635,2,2,100.0,0,0.0,1071,5684,3362,38,52,0,4,5,1291,6,Matches
12,Nathan Aké,nl NED,DF,Manchester City,30-081,1995,7.5,596,51,205,331,61,5,596,1,1,100.0,0,0.0,403,2244,1501,12,12,1,4,3,449,2,Matches
13,Carlos Alcaraz,ar ARG,MF,Southampton,22-161,2002,0.1,17,0,1,8,9,2,17,2,0,0.0,2,100.0,12,112,98,4,1,0,0,0,12,1,Matches
14,Carlos Alcaraz,ar ARG,"FW,MF",Everton,22-161,2002,6.4,311,10,51,139,130,15,311,16,9,56.3,5,31.3,180,1104,576,15,17,2,11,11,206,17,Matches
15,Trent Alexander-Arnold,eng ENG,DF,Liverpool,26-215,1998,25.5,2173,86,578,976,633,44,2173,35,16,45.7,17,48.6,1139,5216,2780,50,35,9,19,15,1384,90,Matches
16,Alisson,br BRA,GK,Liverpool,32-220,1992,24.9,860,622,844,16,0,0,860,1,1,100.0,0,0.0,550,2187,1284,0,0,0,1,0,525,0,Matches
17,Miguel Almirón,py PAR,FW,Newcastle Utd,31-089,1994,1.7,81,1,10,35,36,9,81,2,1,50.0,1,50.0,54,284,93,3,3,2,0,2,59,18,Matches
18,Edson Álvarez,mx MEX,MF,West Ham,27-198,1997,18.1,1101,61,323,612,174,12,1101,31,14,45.2,12,38.7,603,3371,1528,21,20,2,25,13,734,18,Matches
19,Will Alves,eng ENG,FW,Leicester City,20-096,2005,0.0,1,0,0,0,1,0,1,0,0,,0,,1,5,5,0,0,0,0,0,1,1,Matches
20,Harry Amass,eng ENG,DF,Manchester Utd,18-055,2007,2.8,197,12,69,67,65,4,197,7,3,42.9,3,42.9,102,549,342,9,6,2,12,5,101,17,Matches
21,Samuel Amo-Ameyaw,eng ENG,"FW,DF",Southampton,18-296,2006,0.3,16,0,5,5,7,1,16,4,0,0.0,3,75.0,11,98,68,1,0,1,0,2,11,3,Matches
22,Mathis Amougou,fr FRA,MF,Chelsea,19-112,2006,0.1,9,1,2,4,3,0,9,0,0,,0,,7,25,5,0,1,0,0,1,6,0,Matches
23,Joachim Andersen,dk DEN,DF,Crystal Palace,28-344,1996,1.0,93,14,38,50,5,0,93,0,0,,0,,49,189,103,1,1,0,0,1,67,1,Matches
24,Joachim Andersen,dk DEN,DF,Fulham,28-344,1996,25.7,2089,293,1085,923,93,20,2089,6,4,66.7,0,0.0,1211,5814,2996,13,14,1,6,3,1446,2,Matches
25,Elliot Anderson,eng ENG,MF,Nott'ham Forest,22-185,2002,27.4,1630,95,388,775,496,62,1630,73,36,49.3,29,39.7,820,4535,2094,46,31,19,56,41,956,87,Matches
Rk,Player,Nation,Pos,Squad,Age,Born,90s,Touches,Def Pen,Def 3rd,Mid 3rd,Att 3rd,Att Pen,Live,Att,Succ,Succ%,Tkld,Tkld%,Carries,TotDist,PrgDist,PrgC,1/3,CPA,Mis,Dis,Rec,PrgR,Matches
26,André,br BRA,MF,Wolves,23-298,2001,25.0,1451,83,395,939,132,3,1451,27,13,48.1,10,37.0,795,3281,1440,8,14,0,27,17,973,11,Matches
27,Michail Antonio,jm JAM,FW,West Ham,35-043,1990,9.3,296,3,26,124,151,36,296,27,9,33.3,13,48.1,173,1177,695,29,13,9,35,19,221,59,Matches
28,Antony,br BRA,"DF,MF",Manchester Utd,25-075,2000,1.6,101,2,22,26,54,8,101,11,4,36.4,6,54.5,60,317,182,5,6,1,5,1,69,7,Matches
29,Julian Araujo,mx MEX,DF,Bournemouth,23-270,2001,4.7,243,19,81,120,47,2,243,0,0,,0,,108,406,205,3,1,0,5,2,128,19,Matches
30,Cameron Archer,eng ENG,FW,Southampton,23-293,2001,15.3,362,16,59,161,145,50,361,32,14,43.8,17,53.1,210,1072,499,19,9,14,34,25,256,64,Matches
31,Alphonse Areola,fr FRA,GK,West Ham,32-072,1993,23.1,967,769,958,10,0,0,967,0,0,,0,,553,2225,1201,0,0,0,0,0,510,0,Matches
32,Joe Aribo,ng NGA,"MF,DF",Southampton,28-293,1996,21.2,1203,46,288,632,294,44,1203,46,18,39.1,22,47.8,708,3880,1923,35,28,12,25,16,879,64,Matches
33,Adam Armstrong,eng ENG,"FW,MF",Southampton,28-089,1997,13.9,377,11,44,143,192,49,376,14,6,42.9,8,57.1,235,1324,599,25,13,6,11,18,286,79,Matches
34,Harrison Armstrong,eng ENG,MF,Everton,18-111,2007,0.5,20,0,3,12,7,2,20,1,1,100.0,0,0.0,15,110,43,1,2,0,2,3,14,0,Matches
35,Kepa Arrizabalaga,es ESP,GK,Bournemouth,30-219,1994,28.0,990,732,961,28,1,1,990,1,1,100.0,0,0.0,557,2764,1588,0,0,0,0,0,435,0,Matches
36,Marco Asensio,es ESP,"MF,FW",Aston Villa,29-109,1996,6.0,287,4,26,119,147,24,285,14,7,50.0,5,35.7,177,1018,500,16,18,4,6,8,200,26,Matches
37,Brandon Austin,eng ENG,GK,Tottenham,26-122,1999,1.0,36,30,36,0,0,0,36,0,0,,0,,22,104,46,0,0,0,0,0,16,0,Matches
38,Taiwo Awoniyi,ng NGA,FW,Nott'ham Forest,27-271,1997,4.5,166,5,16,78,73,21,166,9,4,44.4,5,55.6,89,390,183,6,5,2,19,19,112,20,Matches
39,Yasin Ayari,se SWE,MF,Brighton,21-216,2003,19.5,1119,52,247,569,320,43,1119,41,17,41.5,15,36.6,585,3018,1398,30,25,6,34,21,716,59,Matches
40,Jordan Ayew,gh GHA,"FW,MF",Crystal Palace,33-241,1991,0.2,12,0,0,7,5,1,12,0,0,,0,,6,25,12,0,0,0,0,1,9,1,Matches
41,Jordan Ayew,gh GHA,"FW,MF",Leicester City,33-241,1991,15.8,708,18,92,356,282,49,707,59,23,39.0,30,50.8,425,2885,1281,42,31,9,52,34,474,77,Matches
42,Benoît Badiashile,fr FRA,DF,Chelsea,24-045,2001,3.7,336,31,138,186,13,0,336,1,0,0.0,1,100.0,177,660,340,3,5,0,1,0,247,2,Matches
43,Leon Bailey,jm JAM,"FW,MF",Aston Villa,27-274,1997,12.6,539,18,76,155,318,69,539,57,22,38.6,24,42.1,344,2540,1334,57,22,33,35,25,386,121,Matches
44,Carlos Baleba,cm CMR,MF,Brighton,21-127,2004,26.7,1556,88,375,917,303,12,1556,52,31,59.6,18,34.6,886,5108,2588,40,40,3,37,37,944,27,Matches
45,Ross Barkley,eng ENG,MF,Aston Villa,31-156,1993,6.3,446,16,70,265,117,18,446,11,8,72.7,3,27.3,263,1433,657,15,14,2,7,8,314,10,Matches
46,Harvey Barnes,eng ENG,FW,Newcastle Utd,27-152,1997,16.7,709,15,84,232,398,109,709,58,22,37.9,29,50.0,498,3753,2160,80,41,44,26,20,567,172,Matches
47,Calvin Bassey,ng NGA,DF,Fulham,25-130,1999,32.2,2317,308,1127,1090,124,19,2317,31,14,45.2,10,32.3,1487,7627,4539,36,18,5,32,8,1620,15,Matches
48,Altay Bayındır,tr TUR,GK,Manchester Utd,27-026,1998,2.0,120,103,118,2,0,0,120,0,0,,0,,82,324,145,0,0,0,0,0,77,0,Matches
49,Jan Bednarek,pl POL,DF,Southampton,29-028,1996,27.1,2011,365,1060,917,41,15,2011,3,3,100.0,0,0.0,1035,3806,1731,5,5,1,9,3,1294,2,Matches
50,Armel Bella Kotchap,de GER,DF,Southampton,23-150,2001,3.7,263,33,147,115,3,1,263,1,0,0.0,1,100.0,186,936,326,0,0,0,1,0,192,0,Matches
Rk,Player,Nation,Pos,Squad,Age,Born,90s,Touches,Def Pen,Def 3rd,Mid 3rd,Att 3rd,Att Pen,Live,Att,Succ,Succ%,Tkld,Tkld%,Carries,TotDist,PrgDist,PrgC,1/3,CPA,Mis,Dis,Rec,PrgR,Matches
51,Jean-Ricner Bellegarde,fr FRA,"MF,FW",Wolves,26-317,1998,17.2,756,24,139,339,295,45,756,60,14,23.3,31,51.7,464,2939,1440,49,35,11,38,25,519,83,Matches
52,Rodrigo Bentancur,uy URU,MF,Tottenham,27-319,1997,16.9,1252,70,299,747,215,24,1252,18,8,44.4,8,44.4,739,3433,1446,26,23,5,18,19,826,34,Matches
53,Daniel Bentley,eng ENG,GK,Wolves,31-301,1993,1.0,35,30,35,0,0,0,35,0,0,,0,,18,102,32,0,0,0,0,0,14,0,Matches
54,Sander Berge,no NOR,MF,Fulham,27-085,1998,23.2,1291,76,354,737,206,13,1291,20,11,55.0,6,30.0,754,4080,1856,27,22,2,12,15,836,8,Matches
55,Lucas Bergvall,se SWE,MF,Tottenham,19-097,2006,13.5,885,36,188,478,232,22,885,45,21,46.7,20,44.4,531,3392,1634,33,21,4,20,19,586,31,Matches
56,Victor Bernth Kristiansen,dk DEN,DF,Leicester City,22-145,2002,26.4,1581,113,564,711,319,15,1581,17,8,47.1,8,47.1,800,3839,1806,39,25,5,13,12,872,75,Matches
57,Beto,gw GNB,FW,Everton,27-099,1998,14.1,429,22,43,188,204,72,429,32,17,53.1,14,43.8,221,1042,390,12,9,9,59,33,309,66,Matches
58,Philip Billing,dk DEN,MF,Bournemouth,28-333,1996,2.0,148,5,20,72,57,12,148,3,1,33.3,0,0.0,58,254,163,3,1,1,7,4,75,13,Matches
59,Yves Bissouma,ml MLI,MF,Tottenham,28-253,1996,14.4,981,63,282,554,151,5,981,21,7,33.3,14,66.7,577,3433,1526,15,17,0,25,15,669,3,Matches
60,Oscar Bobb,no NOR,FW,Manchester City,21-302,2003,0.2,11,0,1,3,7,0,11,2,2,100.0,0,0.0,9,57,32,1,0,0,0,0,11,1,Matches
61,Lamare Bogarde,nl NED,"DF,MF",Aston Villa,21-125,2004,5.3,325,16,95,191,40,4,325,4,2,50.0,1,25.0,173,1031,599,12,6,1,6,8,212,9,Matches
62,Willy Boly,ci CIV,DF,Nott'ham Forest,34-096,1991,1.7,97,22,63,32,2,1,97,0,0,,0,,35,128,45,0,0,0,1,0,46,0,Matches
63,Sven Botman,nl NED,DF,Newcastle Utd,25-118,2000,2.6,168,24,70,93,6,5,168,3,1,33.3,1,33.3,85,357,178,0,1,0,1,1,107,0,Matches
64,Jarrod Bowen,eng ENG,"FW,MF",West Ham,28-141,1996,30.2,1123,25,125,415,607,154,1122,116,40,34.5,66,56.9,667,4857,2311,98,43,56,68,70,736,188,Matches
65,Conor Bradley,nir NIR,DF,Liverpool,21-305,2003,6.3,533,18,147,247,149,36,533,19,9,47.4,9,47.4,297,1848,1091,28,19,8,8,2,335,31,Matches
66,Jarrad Branthwaite,eng ENG,DF,Everton,22-317,2002,26.1,1413,198,735,622,63,23,1413,5,3,60.0,1,20.0,694,3760,2253,9,13,2,8,3,826,2,Matches
67,James Bree,eng ENG,DF,Southampton,27-211,1997,9.9,602,42,194,263,150,10,602,8,4,50.0,2,25.0,319,1407,713,10,11,0,6,4,389,34,Matches
68,Ben Brereton,cl CHI,FW,Southampton,26-022,1999,5.0,206,4,19,76,112,20,206,4,1,25.0,2,50.0,136,791,394,12,13,4,9,4,171,42,Matches
69,Nathan Broadhead,wls WAL,"MF,FW",Ipswich Town,27-035,1998,6.7,276,7,38,139,109,19,276,32,16,50.0,14,43.8,152,1079,502,17,14,4,18,11,191,27,Matches
70,Armando Broja,al ALB,FW,Everton,23-242,2001,3.7,127,4,14,47,72,18,127,16,8,50.0,7,43.8,64,577,281,12,8,3,16,13,94,26,Matches
71,David Brooks,wls WAL,"FW,MF",Bournemouth,27-306,1997,9.2,451,13,54,164,241,32,451,31,8,25.8,20,64.5,278,1853,812,25,22,8,27,11,306,75,Matches
72,Emi Buendía,ar ARG,"MF,FW",Aston Villa,28-136,1996,1.1,82,0,17,35,31,3,82,2,0,0.0,2,100.0,53,185,119,3,5,0,4,3,64,6,Matches
73,Santiago Bueno,uy URU,DF,Wolves,26-182,1998,18.7,1023,169,520,485,21,6,1023,4,0,0.0,4,100.0,555,2727,1430,1,2,0,2,2,660,1,Matches
74,Facundo Buonanotte,ar ARG,"FW,MF",Leicester City,20-138,2004,16.4,850,26,127,436,300,36,850,79,26,32.9,49,62.0,465,2928,1321,38,26,8,53,39,515,69,Matches
75,Cameron Burgess,au AUS,DF,Ipswich Town,29-201,1995,16.1,919,221,562,312,47,23,919,0,0,,0,,416,1911,990,2,4,0,3,0,539,4,Matches
Rk,Player,Nation,Pos,Squad,Age,Born,90s,Touches,Def Pen,Def 3rd,Mid 3rd,Att 3rd,Att Pen,Live,Att,Succ,Succ%,Tkld,Tkld%,Carries,TotDist,PrgDist,PrgC,1/3,CPA,Mis,Dis,Rec,PrgR,Matches
76,Dan Burn,eng ENG,DF,Newcastle Utd,33-001,1992,34.0,2184,344,1220,861,109,49,2184,4,3,75.0,1,25.0,1246,5724,2498,9,5,1,23,3,1470,10,Matches
77,Wes Burns,wls WAL,"FW,DF",Ipswich Town,30-168,1994,10.3,350,21,69,129,160,18,350,24,9,37.5,14,58.3,216,1458,696,38,13,10,17,13,220,65,Matches
78,Nathan Butler-Oyedeji,eng ENG,FW,Arsenal,22-126,2003,0.1,1,0,0,0,1,1,1,0,0,,0,,0,0,0,0,0,0,0,0,0,0,Matches
79,Moisés Caicedo,ec ECU,"MF,DF",Chelsea,23-189,2001,34.2,2394,89,521,1469,430,15,2394,57,24,42.1,20,35.1,1323,6307,3008,38,29,2,36,24,1666,33,Matches
80,Tom Cairney,sct SCO,MF,Fulham,34-110,1991,5.5,576,6,83,305,196,12,576,12,4,33.3,4,33.3,385,1848,884,14,15,4,5,4,468,29,Matches
81,Jens Cajuste,se SWE,MF,Ipswich Town,25-273,1999,19.8,911,59,263,477,185,11,911,46,25,54.3,15,32.6,421,2280,1182,23,21,3,21,14,522,16,Matches
82,Riccardo Calafiori,it ITA,DF,Arsenal,22-356,2002,10.3,628,30,161,249,222,29,628,13,9,69.2,3,23.1,291,1572,839,21,12,3,11,5,377,29,Matches
83,Dominic Calvert-Lewin,eng ENG,FW,Everton,28-055,1997,17.6,499,22,39,208,257,83,499,25,10,40.0,13,52.0,272,1400,444,22,8,16,73,33,407,107,Matches
84,Diego Carlos,br BRA,DF,Aston Villa,32-056,1993,9.2,674,86,331,330,15,6,674,2,2,100.0,0,0.0,419,2133,1162,3,3,0,1,2,481,0,Matches
85,Fabio Carvalho,pt POR,"FW,MF",Brentford,22-253,2002,5.1,247,4,44,91,113,22,247,14,2,14.3,10,71.4,137,698,356,9,3,0,13,8,145,23,Matches
86,Casemiro,br BRA,MF,Manchester Utd,33-076,1992,14.8,1091,69,327,555,217,38,1091,6,3,50.0,3,50.0,575,1774,823,4,10,0,10,10,697,26,Matches
87,Kaelan Casey,eng ENG,DF,West Ham,20-194,2004,0.0,1,1,1,0,0,0,1,0,0,,0,,0,0,0,0,0,0,0,0,0,0,Matches
88,Matty Cash,pl POL,DF,Aston Villa,27-276,1997,20.0,1012,73,365,401,257,37,1012,36,15,41.7,16,44.4,507,3156,1618,46,34,4,17,9,575,75,Matches
89,Eiran Cashin,ie IRL,DF,Brighton,23-182,2001,0.2,32,2,10,20,2,0,32,1,0,0.0,1,100.0,21,133,99,0,0,0,0,0,25,1,Matches
90,Timothy Castagne,be BEL,DF,Fulham,29-156,1995,18.3,1164,92,449,462,259,32,1164,12,5,41.7,5,41.7,547,2191,1044,17,15,2,15,5,665,67,Matches
91,Trevoh Chalobah,eng ENG,DF,Crystal Palace,25-309,1999,11.8,594,66,275,276,51,14,594,10,6,60.0,2,20.0,278,1213,661,11,9,1,4,7,317,6,Matches
92,Trevoh Chalobah,eng ENG,DF,Chelsea,25-309,1999,9.3,725,68,310,366,54,11,725,4,1,25.0,1,25.0,395,1610,728,4,4,1,3,2,539,2,Matches
93,Conor Chaplin,eng ENG,"MF,FW",Ipswich Town,28-083,1997,7.9,314,7,57,158,104,12,314,7,4,57.1,3,42.9,148,759,403,11,7,0,11,3,215,20,Matches
94,Youssef Chermiti,pt POR,"FW,MF",Everton,20-351,2004,0.5,15,0,0,6,9,3,15,1,1,100.0,0,0.0,7,21,2,0,0,0,0,1,13,6,Matches
95,Federico Chiesa,it ITA,FW,Liverpool,27-197,1997,0.5,35,0,5,13,17,4,35,1,0,0.0,1,100.0,25,92,44,3,1,1,2,3,27,7,Matches
96,Ben Chilwell,eng ENG,DF,Crystal Palace,28-140,1996,1.5,98,6,35,43,25,1,98,5,2,40.0,2,40.0,39,203,146,2,1,0,2,2,42,10,Matches
97,Chiquinho,pt POR,MF,Wolves,25-094,2000,0.1,3,0,0,1,2,1,3,0,0,,0,,1,13,5,0,0,0,0,0,2,0,Matches
98,Hamza Choudhury,bd BAN,"MF,DF",Leicester City,27-221,1997,1.5,100,4,19,61,20,3,100,4,3,75.0,1,25.0,63,246,130,4,2,2,1,0,71,6,Matches
99,Ryan Christie,sct SCO,MF,Bournemouth,30-077,1995,23.5,1376,74,256,773,372,46,1376,48,23,47.9,22,45.8,726,3802,1773,34,40,8,44,25,777,44,Matches
100,Harry Clarke,eng ENG,DF,Ipswich Town,24-069,2001,4.2,268,18,100,122,47,2,268,2,1,50.0,1,50.0,118,555,222,5,7,0,4,2,163,2,Matches
Rk,Player,Nation,Pos,Squad,Age,Born,90s,Touches,Def Pen,Def 3rd,Mid 3rd,Att 3rd,Att Pen,Live,Att,Succ,Succ%,Tkld,Tkld%,Carries,TotDist,PrgDist,PrgC,1/3,CPA,Mis,Dis,Rec,PrgR,Matches
101,Jack Clarke,eng ENG,"FW,MF",Ipswich Town,24-168,2000,11.7,486,22,115,198,187,32,486,42,22,52.4,14,33.3,272,1968,1015,32,18,9,20,18,293,47,Matches
102,Nathaniel Clyne,eng ENG,"DF,MF",Crystal Palace,34-035,1991,5.4,273,18,111,125,37,3,273,1,0,0.0,1,100.0,158,651,314,6,2,3,5,2,178,8,Matches
103,Conor Coady,eng ENG,DF,Leicester City,32-074,1993,16.0,1036,199,569,450,18,6,1036,2,1,50.0,1,50.0,676,2936,1556,3,3,1,4,2,762,0,Matches
104,Séamus Coleman,ie IRL,DF,Everton,36-211,1988,2.2,100,11,39,43,19,2,100,5,4,80.0,1,20.0,43,225,109,1,1,0,1,1,51,2,Matches
105,Nathan Collins,ie IRL,DF,Brentford,24-010,2001,35.0,2257,360,1179,924,164,66,2257,12,6,50.0,5,41.7,1176,6385,3769,28,12,0,19,8,1365,18,Matches
106,Toby Collyer,eng ENG,MF,Manchester Utd,21-127,2004,2.0,129,9,46,59,25,3,129,2,1,50.0,1,50.0,68,239,56,0,0,0,11,1,71,2,Matches
107,Levi Colwill,eng ENG,DF,Chelsea,22-073,2003,32.0,2728,344,1280,1330,129,35,2728,10,6,60.0,4,40.0,1543,7051,3886,13,11,1,13,8,1996,11,Matches
108,Lewis Cook,eng ENG,"MF,DF",Bournemouth,28-096,1997,31.3,1814,85,427,954,453,19,1814,18,11,61.1,7,38.9,791,3977,2113,33,29,4,29,17,904,49,Matches
109,Maxwel Cornet,ci CIV,FW,Southampton,28-225,1996,0.8,34,1,8,14,13,2,34,1,0,0.0,1,100.0,16,73,26,1,0,1,3,0,23,5,Matches
110,Vladimír Coufal,cz CZE,DF,West Ham,32-261,1992,9.7,589,56,226,248,118,10,589,7,2,28.6,2,28.6,232,1247,633,15,5,2,10,6,318,25,Matches
111,Woyo Coulibaly,fr FRA,DF,Leicester City,25-355,1999,1.2,76,8,27,31,20,4,76,1,0,0.0,1,100.0,48,288,169,4,2,1,4,0,36,2,Matches
112,Aaron Cresswell,eng ENG,DF,West Ham,35-146,1989,7.5,576,39,227,281,73,1,576,2,1,50.0,1,50.0,228,867,398,4,7,0,3,0,353,2,Matches
113,Marc Cucurella,es ESP,DF,Chelsea,26-292,1998,30.2,2075,109,637,958,490,73,2075,13,4,30.8,7,53.8,882,3739,2180,31,18,2,26,6,1287,108,Matches
114,Jorge Cuenca,es ESP,DF,Fulham,25-174,1999,2.9,152,23,88,59,6,1,152,2,2,100.0,0,0.0,65,235,116,0,1,0,1,0,92,0,Matches
115,Matheus Cunha,br BRA,"MF,FW",Wolves,25-348,1999,26.9,1425,22,173,657,643,117,1424,130,58,44.6,57,43.8,819,6212,3108,104,88,36,72,48,957,147,Matches
116,Patson Daka,zm ZAM,"FW,MF",Leicester City,26-213,1998,7.3,239,9,41,109,94,28,239,15,2,13.3,10,66.7,134,687,309,10,7,5,19,10,158,34,Matches
117,Diogo Dalot,pt POR,DF,Manchester Utd,26-053,1999,31.0,1965,113,658,767,557,66,1965,53,27,50.9,22,41.5,1111,4912,2684,62,37,16,37,21,1186,164,Matches
118,Mikkel Damsgaard,dk DEN,"MF,FW",Brentford,24-311,2000,29.5,1713,34,310,785,640,72,1713,93,49,52.7,33,35.5,972,5326,2753,64,42,9,54,44,1131,121,Matches
119,Danilo,br BRA,"MF,FW",Nott'ham Forest,24-011,2001,3.0,140,8,50,78,13,0,140,6,3,50.0,3,50.0,49,217,61,2,0,0,6,0,83,1,Matches
120,Jayden Danns,eng ENG,MF,Liverpool,19-114,2006,0.1,2,0,0,0,2,0,2,0,0,,0,,1,2,1,0,0,0,0,1,1,0,Matches
121,Kevin Danso,at AUT,DF,Tottenham,26-233,1998,6.4,508,62,276,210,25,7,508,3,2,66.7,1,33.3,341,1870,1015,11,5,0,7,1,363,1,Matches
122,Ben Davies,wls WAL,DF,Tottenham,32-016,1993,12.5,1045,178,549,451,45,12,1045,1,1,100.0,0,0.0,588,2989,1701,14,10,0,4,0,699,6,Matches
123,Leif Davis,eng ENG,DF,Ipswich Town,25-118,2000,28.5,1459,115,517,484,477,36,1459,37,13,35.1,17,45.9,659,3571,1940,48,27,10,36,14,770,117,Matches
124,Craig Dawson,eng ENG,DF,Wolves,35-004,1990,10.8,671,130,396,249,28,14,671,5,1,20.0,2,40.0,390,1819,938,6,1,0,2,0,443,5,Matches
125,Kevin De Bruyne,be BEL,"MF,FW",Manchester City,33-316,1991,17.1,1210,10,73,408,739,71,1210,32,12,37.5,16,50.0,711,3573,1860,47,45,18,24,26,907,137,Matches
Rk,Player,Nation,Pos,Squad,Age,Born,90s,Touches,Def Pen,Def 3rd,Mid 3rd,Att 3rd,Att Pen,Live,Att,Succ,Succ%,Tkld,Tkld%,Carries,TotDist,PrgDist,PrgC,1/3,CPA,Mis,Dis,Rec,PrgR,Matches
126,Bobby De Cordova-Reid,jm JAM,FW,Leicester City,32-097,1993,8.3,272,15,49,114,109,16,272,10,0,0.0,8,80.0,174,816,389,14,5,6,11,10,188,48,Matches
127,Liam Delap,eng ENG,FW,Ipswich Town,22-091,2003,27.7,659,29,78,277,326,89,657,84,39,46.4,36,42.9,436,3263,1570,60,46,29,99,58,519,105,Matches
128,Sepp van den Berg,nl NED,DF,Brentford,23-141,2001,25.7,1430,252,728,547,159,42,1430,7,4,57.1,3,42.9,636,3240,1663,10,9,1,14,7,806,27,Matches
129,Justin Devenny,nir NIR,MF,Crystal Palace,21-211,2003,4.8,232,7,42,115,80,7,232,4,2,50.0,2,50.0,109,591,274,4,5,1,16,2,140,12,Matches
130,Kiernan Dewsbury-Hall,eng ENG,"MF,FW",Chelsea,26-246,1998,2.9,181,4,28,95,58,6,181,4,2,50.0,2,50.0,93,474,221,5,1,0,1,3,137,11,Matches
131,Amad Diallo,ci CIV,"FW,MF",Manchester Utd,22-303,2002,18.2,1042,13,154,381,523,112,1042,77,38,49.4,35,45.5,678,4647,2355,93,48,54,36,32,731,163,Matches
132,Rúben Dias,pt POR,DF,Manchester City,27-361,1997,22.2,2230,195,749,1231,255,22,2230,3,2,66.7,1,33.3,1592,8957,5295,35,54,1,7,1,1815,6,Matches
133,Luis Díaz,co COL,FW,Liverpool,28-117,1997,24.7,1109,15,78,382,668,155,1109,111,51,45.9,48,43.2,733,5365,2803,103,53,55,51,43,878,269,Matches
134,Tyler Dibling,eng ENG,"FW,MF",Southampton,19-059,2006,19.4,823,25,110,372,360,41,823,104,44,42.3,38,36.5,533,4236,2129,68,49,26,41,53,617,93,Matches
135,Lucas Digne,fr FRA,DF,Aston Villa,31-294,1993,25.1,1485,93,520,449,526,28,1485,19,9,47.4,9,47.4,672,2952,1328,23,14,4,17,16,808,140,Matches
136,Issa Diop,fr FRA,DF,Fulham,28-121,1997,14.9,903,125,498,381,26,13,903,2,1,50.0,1,50.0,533,2426,1216,6,2,0,9,2,617,3,Matches
137,Axel Disasi,fr FRA,DF,Aston Villa,27-060,1998,5.4,334,32,130,178,29,6,334,15,9,60.0,6,40.0,207,1268,621,10,8,2,3,2,223,5,Matches
138,Axel Disasi,fr FRA,DF,Chelsea,27-060,1998,4.0,323,17,110,175,40,2,323,1,1,100.0,0,0.0,196,953,519,6,3,0,1,3,242,2,Matches
139,Roman Dixon,eng ENG,DF,Everton,20-135,2004,1.0,36,8,19,14,4,0,36,3,0,0.0,3,100.0,16,107,48,0,0,0,2,0,13,1,Matches
140,Nasser Djiga,bf BFA,"DF,FW",Wolves,22-176,2002,0.2,16,2,8,8,0,0,16,0,0,,0,,7,25,0,0,0,0,1,2,7,1,Matches
141,Matt Doherty,ie IRL,DF,Wolves,33-114,1992,21.8,1433,123,566,705,179,25,1433,20,11,55.0,6,30.0,754,3395,2050,29,19,4,11,5,909,40,Matches
142,Jeremy Doku,be BEL,"FW,MF",Manchester City,22-348,2002,15.5,944,4,42,220,705,135,944,185,102,55.1,54,29.2,731,6905,4355,189,88,90,52,55,786,259,Matches
143,Nicolás Domínguez,ar ARG,"MF,FW",Nott'ham Forest,26-316,1998,19.3,1071,72,274,555,252,26,1071,8,3,37.5,3,37.5,400,1601,805,13,11,2,18,10,585,27,Matches
144,Patrick Dorgu,dk DEN,DF,Manchester Utd,20-196,2004,7.0,436,15,125,149,164,23,436,9,3,33.3,3,33.3,243,1325,838,27,14,4,10,9,277,54,Matches
145,Alfie Dorrington,eng ENG,DF,Tottenham,20-020,2005,0.2,16,0,11,5,0,0,16,0,0,,0,,12,61,26,0,0,0,0,0,13,0,Matches
146,Abdoulaye Doucouré,ml MLI,MF,Everton,32-129,1993,26.9,1090,31,218,502,385,59,1090,43,23,53.5,20,46.5,571,2839,1339,40,24,8,33,35,705,91,Matches
147,Cheick Doucouré,ml MLI,MF,Crystal Palace,25-122,2000,5.0,263,11,56,165,45,4,263,5,2,40.0,2,40.0,133,581,280,2,7,1,4,7,160,7,Matches
148,Flynn Downes,eng ENG,MF,Southampton,26-110,1999,20.9,1184,77,351,632,210,21,1184,15,5,33.3,7,46.7,567,3134,1610,25,21,4,13,17,840,28,Matches
149,Tommy Doyle,eng ENG,MF,Wolves,23-205,2001,5.4,463,22,128,258,80,4,463,9,5,55.6,1,11.1,260,1417,578,6,3,0,9,4,303,4,Matches
150,Radu Drăgușin,ro ROU,DF,Tottenham,23-096,2002,13.9,961,148,510,430,30,12,961,2,0,0.0,0,0.0,623,3349,1666,7,3,0,8,2,669,2,Matches
Rk,Player,Nation,Pos,Squad,Age,Born,90s,Touches,Def Pen,Def 3rd,Mid 3rd,Att 3rd,Att Pen,Live,Att,Succ,Succ%,Tkld,Tkld%,Carries,TotDist,PrgDist,PrgC,1/3,CPA,Mis,Dis,Rec,PrgR,Matches
151,Martin Dúbravka,sk SVK,GK,Newcastle Utd,36-115,1989,10.0,350,262,337,14,0,0,350,0,0,,0,,202,1043,643,0,0,0,0,0,175,0,Matches
152,Lewis Dunk,eng ENG,DF,Brighton,33-170,1991,23.1,2127,258,993,1031,113,21,2127,1,0,0.0,1,100.0,1341,6155,3345,20,19,0,9,3,1556,3,Matches
153,Jáder Durán,co COL,FW,Aston Villa,21-148,2003,7.1,263,13,36,110,122,47,263,14,3,21.4,9,64.3,133,535,267,7,7,2,16,15,192,44,Matches
154,Ederson,br BRA,GK,Manchester City,31-266,1993,22.8,875,619,866,9,0,0,875,0,0,,0,,590,2718,1732,0,0,0,1,0,560,0,Matches
155,George Edmundson,eng ENG,DF,Ipswich Town,27-252,1997,0.0,3,1,3,0,0,0,3,0,0,,0,,1,2,0,0,0,0,0,0,1,0,Matches
156,Odsonne Édouard,fr FRA,"MF,FW",Crystal Palace,27-114,1998,1.3,45,1,4,23,18,8,45,1,0,0.0,1,100.0,23,107,50,2,1,2,4,1,26,7,Matches
157,Odsonne Édouard,fr FRA,FW,Leicester City,27-114,1998,0.3,20,1,2,7,11,6,20,2,1,50.0,1,50.0,11,25,2,0,0,1,7,2,13,2,Matches
158,Samuel Edozie,eng ENG,"DF,FW",Southampton,22-102,2003,0.7,43,0,0,7,36,10,43,4,2,50.0,2,50.0,34,336,197,6,2,4,4,0,39,23,Matches
159,Ronnie Edwards,eng ENG,DF,Southampton,22-043,2003,0.1,6,3,4,2,0,0,6,0,0,,0,,3,10,0,0,0,0,0,0,5,0,Matches
160,Anthony Elanga,se SWE,"FW,MF",Nott'ham Forest,23-013,2002,24.8,1000,29,133,290,594,98,1000,76,23,30.3,35,46.1,527,4023,2268,87,42,42,70,39,672,190,Matches
161,Harvey Elliott,eng ENG,"MF,FW",Liverpool,22-036,2003,3.0,257,2,21,115,122,18,257,6,3,50.0,3,50.0,147,643,301,8,9,5,4,4,193,25,Matches
162,Yunus Emre Konak,tr TUR,"FW,MF",Brentford,19-120,2006,0.5,51,0,8,26,17,0,51,2,0,0.0,2,100.0,17,67,41,1,1,1,3,3,26,2,Matches
163,Julio Enciso,py PAR,"FW,MF",Ipswich Town,21-107,2004,7.9,330,4,46,168,128,16,330,49,23,46.9,21,42.9,164,1132,591,16,18,6,17,27,212,33,Matches
164,Julio Enciso,py PAR,"MF,FW",Brighton,21-107,2004,3.3,202,2,17,72,116,20,202,21,10,47.6,8,38.1,114,678,386,11,10,4,7,9,141,17,Matches
165,Wataru Endo,jp JPN,MF,Liverpool,32-090,1993,2.6,196,7,49,110,38,3,196,2,2,100.0,0,0.0,88,291,84,0,0,1,6,3,138,5,Matches
166,Christian Eriksen,dk DEN,MF,Manchester Utd,33-085,1992,11.4,811,24,163,388,264,15,811,3,0,0.0,3,100.0,450,1668,761,12,13,1,11,5,541,29,Matches
167,Romain Esse,eng ENG,MF,Crystal Palace,19-362,2005,0.4,24,0,5,5,14,6,24,2,0,0.0,2,100.0,14,41,4,0,0,0,1,0,16,6,Matches
168,Pervis Estupiñán,ec ECU,DF,Brighton,27-109,1998,24.7,1766,72,439,878,467,31,1766,30,16,53.3,13,43.3,944,4502,2388,55,55,9,31,27,1070,107,Matches
169,Evanilson,br BRA,FW,Bournemouth,25-216,1999,22.9,505,23,50,195,263,116,504,19,6,31.6,7,36.8,300,1705,820,28,17,14,31,22,358,88,Matches
170,Jake Evans,,FW,Leicester City,,,0.1,2,0,1,1,0,0,2,0,0,,0,,0,0,0,0,0,0,0,0,1,1,Matches
171,Jonny Evans,nir NIR,DF,Manchester Utd,37-127,1988,3.2,223,30,125,91,11,2,223,1,1,100.0,0,0.0,128,498,183,1,0,0,1,0,137,2,Matches
172,Eberechi Eze,eng ENG,"MF,FW",Crystal Palace,26-315,1998,27.0,1336,15,177,628,564,89,1334,130,64,49.2,58,44.6,794,4804,2262,67,45,21,53,44,862,143,Matches
173,Łukasz Fabiański,pl POL,GK,West Ham,40-022,1985,11.9,488,382,483,5,0,0,488,2,2,100.0,0,0.0,258,1371,845,0,0,0,0,0,227,0,Matches
174,Wout Faes,be BEL,DF,Leicester City,27-037,1998,28.3,1735,277,852,824,67,26,1735,6,5,83.3,1,16.7,1011,4630,2703,12,13,2,16,6,1154,1,Matches
175,Abdul Fatawu Issahaku,gh GHA,FW,Leicester City,21-063,2004,6.4,326,19,73,114,157,26,326,69,29,42.0,28,40.6,217,1869,1055,42,24,15,18,12,216,60,Matches
Rk,Player,Nation,Pos,Squad,Age,Born,90s,Touches,Def Pen,Def 3rd,Mid 3rd,Att 3rd,Att Pen,Live,Att,Succ,Succ%,Tkld,Tkld%,Carries,TotDist,PrgDist,PrgC,1/3,CPA,Mis,Dis,Rec,PrgR,Matches
176,João Félix,pt POR,"FW,MF",Chelsea,25-181,1999,4.1,272,2,26,128,125,30,272,31,10,32.3,14,45.2,193,1248,712,21,13,5,6,4,218,30,Matches
177,Evan Ferguson,ie IRL,FW,West Ham,20-203,2004,1.7,66,1,6,30,31,10,66,5,3,60.0,2,40.0,31,123,41,1,1,1,8,5,42,7,Matches
178,Evan Ferguson,ie IRL,FW,Brighton,20-203,2004,2.7,88,7,13,50,26,9,88,2,1,50.0,1,50.0,42,183,56,2,1,2,5,6,52,9,Matches
179,Bruno Fernandes,pt POR,MF,Manchester Utd,30-244,1994,30.6,2394,59,398,1130,888,71,2391,65,27,41.5,32,49.2,1379,6488,3436,65,60,11,38,37,1665,118,Matches
180,Mateus Fernandes,pt POR,MF,Southampton,20-304,2004,29.3,1619,59,345,800,511,46,1619,99,45,45.5,45,45.5,836,5399,2981,73,66,8,52,33,1000,102,Matches
181,Enzo Fernández,ar ARG,MF,Chelsea,24-113,2001,29.7,2070,36,327,1049,708,76,2070,46,21,45.7,18,39.1,1135,5284,2574,57,53,8,27,27,1520,116,Matches
182,Mark Flekken,nl NED,GK,Brentford,31-331,1993,33.4,1707,1338,1660,52,0,0,1707,1,1,100.0,0,0.0,1045,5314,3005,0,0,0,3,0,953,0,Matches
183,Phil Foden,eng ENG,"MF,FW",Manchester City,24-347,2000,18.8,1076,13,81,375,629,79,1076,39,13,33.3,21,53.8,677,3477,1676,47,30,15,35,30,842,119,Matches
184,Wesley Fofana,fr FRA,DF,Chelsea,24-144,2000,13.0,933,81,370,523,55,10,933,15,8,53.3,3,20.0,557,3149,1614,19,12,1,16,5,665,4,Matches
185,Carlos Forbs,pt POR,"MF,FW",Wolves,21-052,2004,2.7,121,3,23,39,60,13,121,12,7,58.3,5,41.7,75,468,321,10,3,8,7,4,85,28,Matches
186,Fraser Forster,eng ENG,GK,Tottenham,37-054,1988,7.0,228,212,228,0,0,0,228,1,1,100.0,0,0.0,113,501,264,0,0,0,1,0,94,0,Matches
187,Matheus França,br BRA,"FW,MF",Crystal Palace,21-039,2004,0.3,15,0,0,5,10,4,15,0,0,,0,,9,43,25,1,1,1,1,0,10,2,Matches
188,Ryan Fraser,sct SCO,"FW,DF",Southampton,31-075,1994,3.4,131,12,45,50,37,3,131,3,2,66.7,1,33.3,74,492,252,10,5,2,4,2,94,18,Matches
189,Tyler Fredricson,eng ENG,DF,Manchester Utd,20-076,2005,1.8,141,11,64,68,9,1,141,1,1,100.0,0,0.0,86,279,114,2,1,0,2,0,95,0,Matches
190,Niclas Füllkrug,de GER,FW,West Ham,32-090,1993,7.4,217,14,19,111,88,35,217,5,1,20.0,3,60.0,87,334,172,6,3,2,14,5,159,25,Matches
191,Cody Gakpo,nl NED,FW,Liverpool,26-003,1999,19.1,795,21,75,230,506,90,795,51,29,56.9,15,29.4,540,3840,1974,51,32,20,38,20,606,253,Matches
192,Idrissa Gana Gueye,sn SEN,MF,Everton,35-226,1989,31.0,1640,69,385,943,321,20,1640,36,17,47.2,17,47.2,781,3610,1611,26,27,4,32,33,943,24,Matches
193,Andrés García,es ESP,"DF,MF",Aston Villa,22-092,2003,3.5,256,8,38,108,112,2,256,18,5,27.8,12,66.7,159,1262,673,26,13,2,10,6,168,28,Matches
194,Alejandro Garnacho,ar ARG,"MF,FW",Manchester Utd,20-313,2004,23.8,1132,13,128,360,662,170,1132,87,26,29.9,53,60.9,819,6204,3176,139,72,66,63,48,864,281,Matches
195,James Garner,eng ENG,"MF,DF",Everton,24-058,2001,14.7,819,36,196,417,213,9,819,16,6,37.5,10,62.5,399,1801,684,12,15,1,12,7,451,22,Matches
196,Tyrique George,eng ENG,FW,Chelsea,19-095,2006,1.1,56,1,10,14,33,8,56,4,3,75.0,1,25.0,38,348,208,9,1,5,1,0,44,18,Matches
197,Morgan Gibbs-White,eng ENG,MF,Nott'ham Forest,25-103,2000,28.2,1484,34,175,752,581,86,1484,75,30,40.0,34,45.3,829,4716,2410,64,47,12,66,39,1109,118,Matches
198,Billy Gilmour,sct SCO,MF,Brighton,23-333,2001,1.1,73,2,14,46,13,0,73,2,1,50.0,1,50.0,44,210,117,2,0,0,0,0,58,2,Matches
199,Ben Godfrey,eng ENG,DF,Ipswich Town,27-115,1998,1.8,68,6,26,33,9,1,68,0,0,,0,,33,202,79,2,2,0,2,1,42,1,Matches
200,Martial Godo,eng ENG,FW,Fulham,22-057,2003,0.2,11,0,1,4,6,3,11,2,0,0.0,2,100.0,8,48,18,0,0,0,0,0,6,3,Matches
Rk,Player,Nation,Pos,Squad,Age,Born,90s,Touches,Def Pen,Def 3rd,Mid 3rd,Att 3rd,Att Pen,Live,Att,Succ,Succ%,Tkld,Tkld%,Carries,TotDist,PrgDist,PrgC,1/3,CPA,Mis,Dis,Rec,PrgR,Matches
201,Michael Golding,eng ENG,MF,Leicester City,18-352,2006,0.0,0,0,0,0,0,0,0,0,0,,0,,0,0,0,0,0,0,0,0,0,0,Matches
202,João Gomes,br BRA,MF,Wolves,24-087,2001,30.9,1843,59,404,1014,451,42,1843,57,26,45.6,25,43.9,957,5621,2593,53,50,6,38,49,1230,68,Matches
203,Rodrigo Gomes,pt POR,"DF,FW",Wolves,21-307,2003,7.5,348,23,85,118,152,26,348,14,5,35.7,6,42.9,178,1237,750,22,17,7,17,7,203,65,Matches
204,Toti Gomes,pt POR,DF,Wolves,26-114,1999,26.0,1772,207,847,851,95,15,1772,28,19,67.9,7,25.0,1028,4908,2641,21,18,0,16,13,1202,15,Matches
205,Diego Gómez,py PAR,MF,Brighton,22-044,2003,4.9,346,18,79,186,85,6,346,12,6,50.0,6,50.0,163,584,254,5,3,0,6,9,206,14,Matches
206,Joe Gomez,eng ENG,DF,Liverpool,27-352,1997,5.8,481,54,183,264,37,5,481,0,0,,0,,303,1638,947,5,2,1,1,2,335,2,Matches
207,Nicolás González,es ESP,MF,Manchester City,23-127,2002,7.2,637,14,99,398,143,7,637,6,1,16.7,3,50.0,386,1606,615,5,9,1,7,10,484,10,Matches
208,Anthony Gordon,eng ENG,FW,Newcastle Utd,24-075,2001,24.8,1178,16,115,444,638,123,1176,96,35,36.5,45,46.9,758,5672,3042,111,56,55,28,35,851,197,Matches
209,Ryan Gravenberch,nl NED,MF,Liverpool,22-359,2002,32.5,2176,104,446,1274,485,23,2176,75,36,48.0,28,37.3,1286,6750,3408,65,71,9,48,21,1548,54,Matches
210,Archie Gray,eng ENG,"DF,MF",Tottenham,19-059,2006,16.5,1179,139,564,537,88,2,1179,11,6,54.5,4,36.4,816,3758,1551,6,5,0,9,10,881,15,Matches
211,Jack Grealish,eng ENG,"FW,MF",Manchester City,29-242,1995,8.0,519,14,40,162,324,71,519,29,13,44.8,9,31.0,375,2879,1714,69,23,46,10,16,422,118,Matches
212,Jacob Greaves,eng ENG,DF,Ipswich Town,24-240,2000,21.5,1202,253,649,482,75,17,1202,3,2,66.7,1,33.3,538,2312,969,7,9,0,8,2,739,8,Matches
213,Brajan Gruda,de GER,"FW,MF",Brighton,20-344,2004,5.6,262,4,33,89,144,33,262,23,9,39.1,10,43.5,152,1063,491,16,17,10,9,20,170,47,Matches
214,Albert Grønbaek,dk DEN,"FW,MF",Southampton,23-352,2001,1.6,38,2,9,14,15,2,38,4,0,0.0,4,100.0,18,79,15,1,0,1,5,4,21,3,Matches
215,Gonçalo Guedes,pt POR,"MF,FW",Wolves,28-162,1996,8.7,375,4,43,165,180,28,375,20,5,25.0,11,55.0,230,1731,904,32,21,5,33,14,255,60,Matches
216,Marc Guéhi,eng ENG,DF,Crystal Palace,24-301,2000,33.0,2056,298,1007,914,146,38,2056,15,12,80.0,2,13.3,1099,5443,2891,22,17,1,16,17,1283,10,Matches
217,Luis Guilherme,br BRA,"MF,FW",West Ham,19-090,2006,1.5,85,3,19,30,37,4,85,9,5,55.6,2,22.2,42,324,136,3,3,1,4,3,55,13,Matches
218,Bruno Guimarães,br BRA,MF,Newcastle Utd,27-175,1997,33.4,2013,75,409,1035,592,74,2013,75,34,45.3,24,32.0,1298,7056,3108,54,40,12,53,73,1507,81,Matches
219,Marc Guiu,es ESP,FW,Chelsea,19-126,2006,0.8,22,0,2,8,12,3,22,1,0,0.0,1,100.0,12,30,8,0,0,0,2,0,12,3,Matches
220,İlkay Gündoğan,de GER,MF,Manchester City,34-198,1990,22.8,1748,43,256,848,664,60,1748,35,16,45.7,13,37.1,1035,5787,2813,57,52,9,27,24,1366,86,Matches
221,Malo Gusto,fr FRA,DF,Chelsea,21-356,2003,20.4,1563,60,378,758,440,43,1563,16,4,25.0,11,68.8,865,4382,2195,49,35,8,16,17,1053,84,Matches
222,Joško Gvardiol,hr CRO,DF,Manchester City,23-107,2002,33.4,2903,142,725,1474,727,85,2903,40,23,57.5,14,35.0,1886,10024,5715,81,92,13,25,16,2132,98,Matches
223,Erling Haaland,no NOR,FW,Manchester City,24-293,2000,27.6,578,22,39,200,344,170,575,32,11,34.4,19,59.4,272,1310,478,19,14,19,39,25,427,103,Matches
224,Lewis Hall,eng ENG,DF,Newcastle Utd,20-244,2004,24.3,1820,95,623,804,414,47,1820,21,11,52.4,7,33.3,950,4398,2358,41,22,13,33,20,1094,80,Matches
225,Ali Al Hamadi,iq IRQ,FW,Ipswich Town,23-070,2002,1.5,53,2,6,20,30,9,53,7,4,57.1,3,42.9,29,187,111,4,3,4,7,4,36,14,Matches
Rk,Player,Nation,Pos,Squad,Age,Born,90s,Touches,Def Pen,Def 3rd,Mid 3rd,Att 3rd,Att Pen,Live,Att,Succ,Succ%,Tkld,Tkld%,Carries,TotDist,PrgDist,PrgC,1/3,CPA,Mis,Dis,Rec,PrgR,Matches
226,Marcus Harness,eng ENG,MF,Ipswich Town,29-075,1996,0.5,22,4,7,2,13,3,22,1,0,0.0,1,100.0,9,49,14,0,0,0,0,0,9,1,Matches
227,Jack Harrison,eng ENG,FW,Everton,28-171,1996,21.1,871,31,144,305,429,62,871,72,23,31.9,41,56.9,479,2882,1491,64,34,14,50,37,562,116,Matches
228,Taylor Harwood-Bellis,eng ENG,DF,Southampton,23-100,2002,29.5,2349,313,1089,1092,178,40,2349,3,3,100.0,0,0.0,1361,6408,3731,29,27,0,15,5,1704,9,Matches
229,Kai Havertz,de GER,"FW,MF",Arsenal,25-333,1999,20.4,768,31,88,282,403,103,768,38,9,23.7,24,63.2,411,1957,922,34,23,18,42,22,575,110,Matches
230,Ayden Heaven,eng ENG,DF,Manchester Utd,18-230,2006,1.1,67,21,42,23,3,1,67,2,2,100.0,0,0.0,42,245,122,1,1,0,2,1,40,1,Matches
231,Jan Paul van Hecke,nl NED,DF,Brighton,24-336,2000,29.9,2373,250,1006,1233,154,30,2373,11,5,45.5,4,36.4,1572,9817,6740,53,42,0,12,7,1665,5,Matches
232,Hwang Hee-chan,kr KOR,"MF,FW",Wolves,29-104,1996,7.2,262,9,41,99,124,24,262,14,2,14.3,12,85.7,151,928,426,15,5,7,14,10,174,41,Matches
233,Dean Henderson,eng ENG,GK,Crystal Palace,28-059,1997,35.0,1200,974,1195,4,1,1,1200,0,0,,0,,689,4123,1950,0,0,0,2,0,523,0,Matches
234,Rico Henry,eng ENG,DF,Brentford,27-306,1997,0.9,45,6,19,22,4,0,45,2,0,0.0,1,50.0,19,89,18,0,0,0,3,2,18,1,Matches
235,Mads Hermansen,dk DEN,GK,Leicester City,24-303,2000,26.5,1147,831,1106,43,0,0,1147,1,1,100.0,0,0.0,734,3625,1904,0,0,0,1,0,625,0,Matches
236,Son Heung-min,kr KOR,FW,Tottenham,32-306,1992,22.3,1093,15,110,347,646,117,1091,82,29,35.4,40,48.8,732,4522,2334,87,45,40,25,29,837,259,Matches
237,James Hill,eng ENG,DF,Bournemouth,23-120,2002,5.0,319,19,99,167,54,8,319,2,1,50.0,1,50.0,146,552,295,3,6,0,2,0,179,8,Matches
238,Jack Hinshelwood,eng ENG,"DF,MF",Brighton,20-029,2005,19.4,1137,50,316,528,299,27,1137,11,2,18.2,8,72.7,565,2355,1142,18,20,2,16,3,714,47,Matches
239,George Hirst,sct SCO,FW,Ipswich Town,26-084,1999,5.5,162,11,23,54,87,23,162,5,2,40.0,2,40.0,89,468,199,9,2,6,21,13,138,29,Matches
240,Mason Holgate,eng ENG,"FW,DF",Everton,28-200,1996,0.1,3,0,0,2,1,0,3,0,0,,0,,1,0,0,0,0,0,1,0,1,0,Matches
241,Callum Hudson-Odoi,eng ENG,"FW,MF",Nott'ham Forest,24-184,2000,23.9,1005,15,111,324,595,72,1005,62,36,58.1,18,29.0,626,5261,3335,127,61,45,44,23,764,186,Matches
242,Will Hughes,eng ENG,MF,Crystal Palace,30-023,1995,21.1,1096,42,259,562,287,15,1096,14,4,28.6,6,42.9,478,2454,1132,19,22,1,20,24,606,24,Matches
243,Dean Huijsen,es ESP,DF,Bournemouth,20-026,2005,24.8,1803,238,820,861,131,30,1803,5,2,40.0,3,60.0,992,6345,3937,36,26,0,18,1,1117,10,Matches
244,Omari Hutchinson,eng ENG,"MF,FW",Ipswich Town,21-192,2003,25.7,1100,14,178,464,480,76,1100,117,46,39.3,56,47.9,671,5091,2433,74,35,31,72,56,772,135,Matches
245,Rasmus Højlund,dk DEN,FW,Manchester Utd,22-095,2003,19.4,447,6,31,223,201,58,447,29,9,31.0,18,62.1,275,1376,625,26,13,16,57,27,352,83,Matches
246,Igor,br BRA,DF,Brighton,27-092,1998,10.0,764,109,377,353,38,1,764,4,3,75.0,1,25.0,497,2837,1782,9,14,0,1,0,568,0,Matches
247,Danny Ings,eng ENG,"FW,MF",West Ham,32-291,1992,3.2,139,2,15,51,73,27,139,7,4,57.1,2,28.6,63,324,118,6,0,2,6,6,96,29,Matches
248,Tim Iroegbunam,eng ENG,MF,Everton,21-314,2003,6.3,260,21,82,124,60,12,260,20,8,40.0,8,40.0,122,723,360,8,10,2,10,18,110,9,Matches
249,Andy Irving,sct SCO,MF,West Ham,24-362,2000,1.8,150,7,37,89,24,0,150,1,1,100.0,0,0.0,73,305,137,0,1,0,1,3,104,4,Matches
250,Alexander Isak,se SWE,FW,Newcastle Utd,25-231,1999,28.6,960,20,55,361,558,178,956,88,42,47.7,44,50.0,574,3566,1782,81,41,43,62,52,681,200,Matches
Rk,Player,Nation,Pos,Squad,Age,Born,90s,Touches,Def Pen,Def 3rd,Mid 3rd,Att 3rd,Att Pen,Live,Att,Succ,Succ%,Tkld,Tkld%,Carries,TotDist,PrgDist,PrgC,1/3,CPA,Mis,Dis,Rec,PrgR,Matches
251,Alex Iwobi,ng NGA,"FW,MF",Fulham,29-007,1996,31.1,1724,31,228,691,831,109,1724,87,43,49.4,39,44.8,1218,7409,4098,135,102,37,55,38,1345,224,Matches
252,Nicolas Jackson,sn SEN,FW,Chelsea,23-324,2001,24.3,679,19,50,281,357,139,679,60,18,30.0,31,51.7,413,2468,1304,46,25,30,69,41,507,127,Matches
253,Reece James,eng ENG,"DF,MF",Chelsea,25-153,1999,9.3,764,32,214,424,131,4,764,16,6,37.5,6,37.5,398,1578,728,6,4,0,6,5,482,10,Matches
254,Vitaly Janelt,de GER,MF,Brentford,27-000,1998,25.0,1289,118,418,574,306,32,1289,12,3,25.0,7,58.3,652,3011,1278,17,18,3,16,10,814,38,Matches
255,Vitezslav Jaros,cz CZE,GK,Liverpool,23-291,2001,0.1,8,5,8,0,0,0,8,0,0,,0,,7,29,8,0,0,0,0,0,5,0,Matches
256,Daniel Jebbison,eng ENG,FW,Bournemouth,21-270,2003,0.9,56,3,7,22,28,9,56,5,4,80.0,1,20.0,34,217,82,2,1,3,11,4,38,11,Matches
257,Mathias Jensen,dk DEN,MF,Brentford,29-129,1996,9.1,531,25,120,223,191,9,531,15,9,60.0,4,26.7,278,1192,543,6,8,0,8,6,326,26,Matches
258,Gabriel Jesus,br BRA,FW,Arsenal,28-037,1997,6.8,299,9,28,108,165,48,299,22,9,40.9,10,45.5,179,953,432,15,6,11,13,13,217,57,Matches
259,Raúl Jiménez,mx MEX,FW,Fulham,34-005,1991,24.7,919,30,107,396,431,154,916,47,19,40.4,25,53.2,509,2276,1000,32,21,17,64,42,677,119,Matches
260,Kim Jisoo,kr KOR,DF,Brentford,20-137,2004,0.3,30,1,15,12,3,0,30,0,0,,0,,15,57,22,0,0,0,0,1,22,0,Matches
261,João Pedro,br BRA,"FW,MF",Brighton,23-226,2001,21.6,940,12,60,387,508,122,935,86,29,33.7,47,54.7,616,3821,1821,66,39,30,72,38,732,128,Matches
262,Joelinton,br BRA,"MF,FW",Newcastle Utd,28-269,1996,26.6,1360,67,256,670,448,83,1360,46,15,32.6,28,60.9,729,3598,1786,40,26,9,39,53,934,110,Matches
263,Ben Johnson,eng ENG,"DF,FW",Ipswich Town,25-106,2000,15.0,624,60,245,219,163,12,624,24,8,33.3,14,58.3,259,1503,585,16,12,3,23,17,290,33,Matches
264,Brennan Johnson,wls WAL,FW,Tottenham,23-352,2001,23.1,825,16,89,282,466,120,825,44,19,43.2,22,50.0,527,2805,1410,57,21,32,25,16,609,194,Matches
265,Sam Johnstone,eng ENG,GK,Wolves,32-046,1993,7.0,306,229,304,2,0,0,306,0,0,,0,,196,1221,756,0,0,0,0,0,179,0,Matches
266,Curtis Jones,eng ENG,"MF,DF",Liverpool,24-100,2001,17.0,1145,32,187,615,349,52,1145,19,11,57.9,7,36.8,702,3397,1598,24,17,6,23,32,867,71,Matches
267,Jorginho,it ITA,MF,Arsenal,33-141,1991,7.8,519,9,92,303,130,3,519,4,1,25.0,2,50.0,302,1498,874,12,13,0,10,9,388,6,Matches
268,Diogo Jota,pt POR,FW,Liverpool,28-157,1996,12.8,459,5,30,190,246,93,459,32,11,34.4,19,59.4,251,1448,754,36,21,20,37,22,317,86,Matches
269,James Justin,eng ENG,DF,Leicester City,27-076,1998,29.7,1775,134,616,804,365,37,1775,30,9,30.0,13,43.3,797,3383,1672,39,25,4,31,13,989,92,Matches
270,Filip Jørgensen,dk DEN,GK,Chelsea,23-024,2002,6.0,202,174,201,1,0,0,202,0,0,,0,,145,676,423,0,0,0,0,0,139,0,Matches
271,Ferdi Kadioglu,tr TUR,"DF,MF",Brighton,25-215,1999,4.3,231,13,71,91,72,9,231,7,3,42.9,3,42.9,124,479,183,1,0,0,6,2,144,27,Matches
272,Daichi Kamada,jp JPN,MF,Crystal Palace,28-278,1996,15.8,851,19,181,447,230,30,851,15,6,40.0,7,46.7,427,2106,1025,24,19,5,15,18,544,54,Matches
273,Boubacar Kamara,fr FRA,MF,Aston Villa,25-168,1999,16.3,991,92,308,572,118,8,991,24,8,33.3,8,33.3,517,2504,1121,16,11,1,10,15,673,7,Matches
274,Michael Kayode,it ITA,DF,Brentford,20-304,2004,3.2,171,15,66,53,55,10,171,12,7,58.3,4,33.3,72,493,269,8,4,3,8,2,70,16,Matches
275,Michael Keane,eng ENG,DF,Everton,32-119,1993,9.5,426,85,241,169,18,14,426,1,0,0.0,1,100.0,189,753,236,1,1,0,1,2,240,3,Matches
Rk,Player,Nation,Pos,Squad,Age,Born,90s,Touches,Def Pen,Def 3rd,Mid 3rd,Att 3rd,Att Pen,Live,Att,Succ,Succ%,Tkld,Tkld%,Carries,TotDist,PrgDist,PrgC,1/3,CPA,Mis,Dis,Rec,PrgR,Matches
276,Caoimhín Kelleher,ie IRL,GK,Liverpool,26-168,1998,10.0,398,286,396,2,0,0,398,1,1,100.0,0,0.0,290,1131,616,0,0,0,1,0,275,0,Matches
277,Lloyd Kelly,eng ENG,DF,Newcastle Utd,26-216,1998,3.4,215,26,105,94,19,4,215,3,2,66.7,1,33.3,120,474,202,0,2,0,3,2,129,5,Matches
278,Milos Kerkez,hu HUN,DF,Bournemouth,21-184,2003,34.2,1975,105,512,832,654,58,1975,44,20,45.5,14,31.8,986,5787,3394,96,67,15,45,19,1073,169,Matches
279,Bilal El Khannouss,ma MAR,MF,Leicester City,21-000,2004,22.3,1172,17,166,602,416,33,1172,53,30,56.6,20,37.7,679,4188,1949,71,42,12,36,36,788,83,Matches
280,Abdukodir Khusanov,uz UZB,DF,Manchester City,21-070,2004,5.6,445,45,205,211,31,1,445,2,0,0.0,2,100.0,274,1155,435,1,1,0,2,1,332,2,Matches
281,Max Kilman,eng ENG,DF,West Ham,27-352,1997,34.2,2176,434,1208,879,105,31,2176,20,14,70.0,2,10.0,1151,5173,2956,29,13,2,16,3,1441,6,Matches
282,Joshua King,eng ENG,"MF,FW",Fulham,18-127,2007,0.9,54,2,8,19,28,7,54,7,4,57.1,3,42.9,22,176,70,1,3,0,1,3,36,9,Matches
283,Antonín Kinský,cz CZE,GK,Tottenham,22-058,2003,4.0,156,134,154,2,0,0,156,0,0,,0,,97,444,267,1,0,0,0,0,98,0,Matches
284,Jakub Kiwior,pl POL,DF,Arsenal,25-084,2000,9.5,657,66,213,391,53,4,657,4,3,75.0,1,25.0,376,1509,848,5,5,1,3,1,500,0,Matches
285,Justin Kluivert,nl NED,"MF,FW",Bournemouth,26-005,1999,24.0,996,23,93,342,581,115,990,82,33,40.2,39,47.6,594,3806,2161,74,52,34,50,26,653,153,Matches
286,Ibrahima Konaté,fr FRA,DF,Liverpool,25-350,1999,25.8,2005,211,854,1047,110,22,2005,4,2,50.0,1,25.0,1184,5470,3160,21,13,0,8,2,1454,3,Matches
287,Ezri Konsa,eng ENG,DF,Aston Villa,27-199,1997,29.6,1756,224,826,839,100,20,1756,18,8,44.4,7,38.9,1021,5086,2561,17,12,2,17,10,1223,11,Matches
288,Mateo Kovačić,hr CRO,MF,Manchester City,31-004,1994,22.8,1959,51,287,1126,567,16,1959,39,20,51.3,11,28.2,1332,7747,3573,52,73,3,19,29,1590,15,Matches
289,Caleb Kporha,eng ENG,DF,Crystal Palace,18-299,2006,0.1,11,1,4,2,5,0,11,0,0,,0,,4,46,36,1,1,0,0,2,3,0,Matches
290,Emil Krafth,se SWE,DF,Newcastle Utd,30-281,1994,3.2,164,30,87,59,19,4,164,1,0,0.0,1,100.0,72,327,133,3,3,0,2,2,85,1,Matches
291,Mohammed Kudus,gh GHA,"FW,MF",West Ham,24-281,2000,26.9,1176,12,159,486,572,117,1176,194,87,44.8,89,45.9,770,5072,2401,93,56,39,70,89,916,201,Matches
292,Dejan Kulusevski,se SWE,"MF,FW",Tottenham,25-015,2000,26.3,1272,24,149,430,717,157,1272,117,38,32.5,71,60.7,821,6148,3206,120,67,40,77,73,894,210,Matches
293,Maxence Lacroix,fr FRA,DF,Crystal Palace,25-034,2000,31.6,1805,331,1095,637,80,42,1805,14,8,57.1,4,28.6,962,4519,2079,8,4,0,21,4,1062,7,Matches
294,Adam Lallana,eng ENG,MF,Southampton,37-000,1988,4.0,318,19,91,155,73,6,318,12,5,41.7,5,41.7,178,831,366,6,8,0,10,6,245,10,Matches
295,Tariq Lamptey,gh GHA,DF,Brighton,24-222,2000,8.9,502,27,151,211,143,11,502,28,9,32.1,16,57.1,272,1912,918,28,13,3,9,4,281,43,Matches
296,Will Lankshear,eng ENG,"FW,MF",Tottenham,20-020,2005,0.1,3,0,0,2,1,0,3,0,0,,0,,3,3,0,0,0,0,2,0,3,1,Matches
297,Roméo Lavia,be BEL,MF,Chelsea,21-124,2004,7.6,416,15,96,266,60,1,416,13,8,61.5,5,38.5,248,1148,481,3,8,0,1,7,298,7,Matches
298,Mario Lemina,ga GAB,"MF,DF",Wolves,31-251,1993,15.2,809,92,324,378,119,18,809,16,10,62.5,4,25.0,382,2068,1038,8,12,2,21,11,482,21,Matches
299,Bernd Leno,de GER,GK,Fulham,33-067,1992,35.0,1364,1097,1354,10,0,0,1364,0,0,,0,,892,3629,2023,0,0,0,0,0,799,0,Matches
300,Jefferson Lerma,co COL,"MF,DF",Crystal Palace,30-197,1994,22.6,1274,95,404,655,225,27,1274,12,6,50.0,4,33.3,597,2257,1004,11,10,0,14,15,747,25,Matches
Rk,Player,Nation,Pos,Squad,Age,Born,90s,Touches,Def Pen,Def 3rd,Mid 3rd,Att 3rd,Att Pen,Live,Att,Succ,Succ%,Tkld,Tkld%,Carries,TotDist,PrgDist,PrgC,1/3,CPA,Mis,Dis,Rec,PrgR,Matches
301,Rico Lewis,eng ENG,"DF,MF",Manchester City,20-170,2004,20.2,1404,51,286,707,427,42,1404,21,9,42.9,11,52.4,816,4011,2034,36,38,8,19,19,1005,68,Matches
302,Keane Lewis-Potter,eng ENG,"DF,FW",Brentford,24-077,2001,31.5,1473,94,450,573,469,69,1473,97,39,40.2,49,50.5,783,5602,2971,92,63,34,43,19,878,144,Matches
303,Myles Lewis-Skelly,eng ENG,DF,Arsenal,18-226,2006,13.0,775,20,138,426,225,14,775,26,12,46.2,9,34.6,443,2336,1473,32,23,5,11,8,529,33,Matches
304,Matthijs de Ligt,nl NED,DF,Manchester Utd,25-271,1999,23.6,1608,184,828,731,56,29,1608,4,2,50.0,2,50.0,1078,4744,2225,7,3,0,5,3,1158,6,Matches
305,Pedro Lima,br BRA,DF,Wolves,18-313,2006,0.8,48,0,9,12,28,3,48,3,1,33.3,2,66.7,22,120,83,4,3,1,1,0,30,11,Matches
306,Victor Lindelöf,se SWE,DF,Manchester Utd,30-297,1994,5.4,276,41,161,106,9,3,276,0,0,,0,,148,666,282,1,1,0,1,0,181,1,Matches
307,Jesper Lindstrøm,dk DEN,FW,Everton,25-070,2000,13.8,625,22,127,206,303,40,625,43,8,18.6,31,72.1,302,1627,780,30,19,7,31,24,347,81,Matches
308,Valentino Livramento,eng ENG,DF,Newcastle Utd,22-179,2002,28.6,1796,108,572,822,427,33,1796,48,21,43.8,20,41.7,935,5612,2984,73,39,11,26,34,1041,98,Matches
309,Sean Longstaff,eng ENG,MF,Newcastle Utd,27-192,1997,8.9,433,23,122,193,121,21,433,7,2,28.6,4,57.1,248,1176,429,4,10,2,9,7,308,22,Matches
310,Saša Lukić,rs SRB,MF,Fulham,28-270,1996,24.1,1394,50,303,797,307,18,1394,17,8,47.1,5,29.4,775,4150,2083,37,39,4,22,8,897,29,Matches
311,Joe Lumley,eng ENG,GK,Southampton,30-084,1995,3.0,164,116,161,3,0,0,164,0,0,,0,,103,476,296,0,0,0,0,0,108,0,Matches
312,Massimo Luongo,au AUS,MF,Ipswich Town,32-227,1992,2.2,77,9,33,25,19,1,77,0,0,,0,,40,148,25,0,0,0,2,3,44,1,Matches
313,Ian Maatsen,nl NED,DF,Aston Villa,23-061,2002,10.6,797,47,216,294,297,41,797,23,11,47.8,12,52.2,429,2209,1037,27,15,11,20,21,486,91,Matches
314,Alexis Mac Allister,ar ARG,MF,Liverpool,26-137,1998,28.6,1845,55,280,956,630,60,1845,42,16,38.1,21,50.0,906,3703,1961,34,42,5,31,22,1217,79,Matches
315,James Maddison,eng ENG,MF,Tottenham,28-168,1996,20.1,1464,26,210,691,576,77,1464,77,33,42.9,34,44.2,1026,5128,2279,45,39,20,23,25,1125,95,Matches
316,Noni Madueke,eng ENG,FW,Chelsea,23-061,2002,20.1,878,20,90,255,548,172,878,90,40,44.4,40,44.4,587,4920,3159,142,46,87,43,24,676,212,Matches
317,Gabriel Magalhães,br BRA,DF,Arsenal,27-142,1997,26.3,1873,189,672,985,225,40,1873,5,4,80.0,1,20.0,1116,4470,2669,10,22,0,9,2,1366,11,Matches
318,Edmond-Paris Maghoma,eng ENG,"MF,FW",Brentford,24-002,2001,1.3,101,2,18,58,27,4,101,4,3,75.0,1,25.0,68,414,221,4,3,1,2,0,75,4,Matches
319,Harry Maguire,eng ENG,DF,Manchester Utd,32-066,1993,17.1,1147,137,572,525,65,38,1147,5,2,40.0,3,60.0,677,4153,1673,6,7,3,7,2,739,7,Matches
320,Kobbie Mainoo,eng ENG,MF,Manchester Utd,20-021,2005,16.7,980,24,183,555,251,33,980,49,23,46.9,24,49.0,602,2659,1131,21,14,10,34,34,696,42,Matches
321,Tyrell Malacia,nl NED,DF,Manchester Utd,25-266,1999,1.1,62,2,20,27,15,0,62,1,1,100.0,0,0.0,37,190,118,3,2,0,1,2,43,6,Matches
322,Donyell Malen,nl NED,FW,Aston Villa,26-121,1999,3.3,120,2,8,32,86,23,120,10,3,30.0,5,50.0,71,543,312,11,6,7,8,6,79,25,Matches
323,Orel Mangala,be BEL,MF,Everton,27-053,1998,14.0,621,22,133,335,157,13,621,24,14,58.3,9,37.5,298,1574,576,6,6,3,12,12,406,19,Matches
324,Ryan Manning,ie IRL,"DF,MF",Southampton,28-330,1996,16.2,965,70,258,396,321,22,965,36,11,30.6,16,44.4,482,2018,977,14,13,4,17,5,572,74,Matches
325,Solly March,eng ENG,"FW,MF",Brighton,30-294,1994,1.9,118,3,12,33,73,7,118,4,1,25.0,3,75.0,57,398,167,5,2,3,3,1,67,20,Matches
Rk,Player,Nation,Pos,Squad,Age,Born,90s,Touches,Def Pen,Def 3rd,Mid 3rd,Att 3rd,Att Pen,Live,Att,Succ,Succ%,Tkld,Tkld%,Carries,TotDist,PrgDist,PrgC,1/3,CPA,Mis,Dis,Rec,PrgR,Matches
326,Omar Marmoush,eg EGY,"FW,MF",Manchester City,26-092,1999,11.1,416,3,29,121,271,56,416,39,16,41.0,18,46.2,262,1606,760,21,15,11,37,15,295,68,Matches
327,Gabriel Martinelli,br BRA,"FW,MF",Arsenal,23-326,2001,22.7,889,15,87,229,586,168,889,106,32,30.2,58,54.7,597,4419,2355,112,30,59,49,33,678,267,Matches
328,Emiliano Martínez,ar ARG,GK,Aston Villa,32-250,1992,33.0,1348,1015,1329,19,0,0,1348,1,1,100.0,0,0.0,820,4149,2626,0,0,0,1,0,738,0,Matches
329,Lisandro Martínez,ar ARG,DF,Manchester Utd,27-112,1998,19.5,1524,156,713,697,125,18,1524,7,6,85.7,1,14.3,1017,5141,3129,23,23,2,1,3,1069,7,Matches
330,Pape Matar Sarr,sn SEN,MF,Tottenham,22-238,2002,19.2,1189,38,249,669,291,26,1189,28,11,39.3,14,50.0,745,4378,1843,32,35,5,27,21,838,50,Matches
331,Jean-Philippe Mateta,fr FRA,FW,Crystal Palace,27-316,1997,28.0,695,24,58,333,318,87,693,43,19,44.2,20,46.5,373,1955,916,38,20,8,70,43,511,114,Matches
332,Stephy Mavididi,eng ENG,FW,Leicester City,26-344,1998,17.9,863,23,132,327,421,61,863,95,35,36.8,47,49.5,583,4343,2355,91,40,27,39,35,623,138,Matches
333,Konstantinos Mavropanos,gr GRE,DF,West Ham,27-150,1997,21.6,1432,221,746,632,62,24,1432,17,9,52.9,5,29.4,794,3928,2124,16,10,1,12,0,936,2,Matches
334,Noussair Mazraoui,ma MAR,DF,Manchester Utd,27-177,1997,29.3,1976,158,779,903,318,27,1976,47,26,55.3,17,36.2,1086,5061,2680,37,29,3,23,16,1190,51,Matches
335,Bryan Mbeumo,cm CMR,FW,Brentford,25-276,1999,34.9,1633,54,232,517,913,149,1628,99,46,46.5,41,41.4,984,6220,3237,118,64,68,99,40,1109,319,Matches
336,James Mcatee,eng ENG,"MF,FW",Manchester City,22-204,2002,3.4,151,2,17,60,75,20,151,7,2,28.6,5,71.4,83,421,189,7,5,1,5,1,108,26,Matches
337,Kasey McAteer,ie IRL,"FW,MF",Leicester City,23-169,2001,6.8,288,17,54,112,128,21,288,16,2,12.5,10,62.5,174,1148,473,16,9,8,14,10,193,52,Matches
338,Alex McCarthy,eng ENG,GK,Southampton,35-158,1989,5.0,173,141,173,0,0,0,173,0,0,,0,,100,452,276,0,0,0,0,0,88,0,Matches
339,John McGinn,sct SCO,"MF,FW",Aston Villa,30-204,1994,22.8,999,28,158,532,319,52,999,44,18,40.9,12,27.3,547,2786,1194,31,16,6,33,25,700,72,Matches
340,Dwight McNeil,eng ENG,"MF,FW",Everton,25-169,1999,14.0,688,4,67,298,339,24,688,40,21,52.5,18,45.0,406,2473,1041,35,30,5,24,29,468,74,Matches
341,Scott McTominay,sct SCO,MF,Manchester Utd,28-153,1996,0.2,14,1,3,8,3,1,14,1,0,0.0,1,100.0,10,68,44,0,0,0,1,1,9,2,Matches
342,Ben Mee,eng ENG,DF,Brentford,35-231,1989,2.0,138,18,66,62,11,3,138,0,0,,0,,78,404,274,3,1,1,0,0,86,2,Matches
343,Jayden Meghoma,eng ENG,DF,Brentford,18-316,2006,0.1,3,1,2,0,1,0,3,0,0,,0,,1,1,0,0,0,0,0,0,2,0,Matches
344,Mikel Merino,es ESP,"MF,FW",Arsenal,28-322,1996,15.8,724,35,130,303,300,72,724,19,8,42.1,7,36.8,357,1356,645,9,12,4,22,22,470,88,Matches
345,Shumaira Mheuka,eng ENG,MF,Chelsea,17-202,2007,0.0,2,0,0,0,2,1,2,0,0,,0,,1,0,0,0,0,0,0,0,2,0,Matches
346,Nikola Milenković,rs SRB,DF,Nott'ham Forest,27-210,1997,34.0,1268,242,700,490,82,59,1268,1,1,100.0,0,0.0,486,2080,963,3,3,2,2,2,638,6,Matches
347,Lewis Miley,eng ENG,MF,Newcastle Utd,19-009,2006,2.8,198,5,37,105,57,5,198,3,1,33.3,1,33.3,96,497,186,2,1,0,5,1,141,7,Matches
348,James Milner,eng ENG,MF,Brighton,39-126,1986,1.9,92,3,13,48,31,4,92,1,1,100.0,0,0.0,46,223,97,1,1,0,0,0,58,10,Matches
349,Tyrone Mings,eng ENG,DF,Aston Villa,32-058,1993,11.7,767,139,388,340,43,15,767,2,2,100.0,0,0.0,472,2597,1333,6,12,0,3,1,523,0,Matches
350,Yankuba Minteh,gm GAM,"FW,MF",Brighton,20-292,2004,17.6,723,30,129,204,408,121,723,84,40,47.6,37,44.0,410,2972,1768,71,19,56,44,21,423,163,Matches
Rk,Player,Nation,Pos,Squad,Age,Born,90s,Touches,Def Pen,Def 3rd,Mid 3rd,Att 3rd,Att Pen,Live,Att,Succ,Succ%,Tkld,Tkld%,Carries,TotDist,PrgDist,PrgC,1/3,CPA,Mis,Dis,Rec,PrgR,Matches
351,Tyrick Mitchell,eng ENG,DF,Crystal Palace,25-251,1999,32.7,1656,108,573,637,459,42,1656,33,13,39.4,16,48.5,766,3520,1590,56,33,9,36,28,850,166,Matches
352,Kaoru Mitoma,jp JPN,"FW,MF",Brighton,27-355,1997,28.0,1300,15,149,445,734,156,1300,127,49,38.6,73,57.5,786,6302,3663,138,76,55,49,22,911,277,Matches
353,Jakub Moder,pl POL,MF,Brighton,26-033,1999,0.1,27,2,7,12,9,1,27,0,0,,0,,13,93,62,2,3,0,0,0,14,0,Matches
354,Jeremy Monga,,"FW,MF",Leicester City,,,0.6,28,1,5,10,13,2,28,5,2,40.0,2,40.0,19,180,57,3,1,2,2,2,17,5,Matches
355,Mikey Moore,eng ENG,FW,Tottenham,17-272,2007,2.3,105,1,11,27,68,12,105,12,1,8.3,9,75.0,76,572,263,9,3,4,6,5,79,31,Matches
356,Morato,br BRA,DF,Nott'ham Forest,23-314,2001,9.0,387,83,239,131,19,2,387,1,1,100.0,0,0.0,125,612,274,0,2,0,6,3,161,1,Matches
357,Álex Moreno,es ESP,"DF,MF",Nott'ham Forest,31-336,1993,10.6,559,60,210,202,158,8,559,21,8,38.1,8,38.1,229,1470,864,26,16,4,13,6,258,34,Matches
358,Sam Morsy,eg EGY,MF,Ipswich Town,33-242,1991,27.6,1498,88,447,855,210,4,1498,21,12,57.1,7,33.3,761,4103,1783,16,20,2,15,10,999,9,Matches
359,Yerson Mosquera,co COL,DF,Wolves,24-008,2001,4.9,294,43,170,115,12,7,294,0,0,,0,,168,683,322,0,1,0,4,1,182,0,Matches
360,Mason Mount,eng ENG,"MF,FW",Manchester Utd,26-120,1999,4.8,233,6,31,119,86,20,233,5,0,0.0,4,80.0,149,742,328,11,9,2,9,9,172,23,Matches
361,Divin Mubama,eng ENG,FW,Manchester City,20-197,2004,0.3,5,0,0,2,3,1,5,0,0,,0,,2,14,0,0,0,0,0,1,3,0,Matches
362,Mykhailo Mudryk,ua UKR,FW,Chelsea,24-125,2001,1.7,62,3,12,15,38,6,62,8,3,37.5,5,62.5,39,468,227,7,8,0,3,7,42,12,Matches
363,Marshall Munetsi,zw ZIM,"MF,FW",Wolves,28-322,1996,9.8,302,17,50,161,94,24,302,10,2,20.0,7,70.0,119,461,159,7,3,3,28,12,150,26,Matches
364,Rodrigo Muniz,br BRA,FW,Fulham,24-006,2001,10.7,311,14,27,161,127,55,311,18,6,33.3,9,50.0,157,651,187,6,4,3,47,24,237,31,Matches
365,Daniel Muñoz,co COL,DF,Crystal Palace,28-349,1996,32.9,1871,111,524,768,598,95,1871,54,21,38.9,31,57.4,730,3706,1604,54,35,15,50,18,883,191,Matches
366,Arijanet Muric,xk KVX,GK,Ipswich Town,26-184,1998,18.0,689,559,672,18,0,0,689,0,0,,0,,405,2088,1178,0,0,0,3,1,321,0,Matches
367,Murillo,br BRA,DF,Nott'ham Forest,22-310,2002,33.4,1792,400,921,789,96,21,1792,33,26,78.8,7,21.2,760,3849,2286,20,24,1,18,10,912,5,Matches
368,Jacob Murphy,eng ENG,FW,Newcastle Utd,30-075,1995,23.8,1140,21,162,421,568,88,1140,64,31,48.4,30,46.9,665,3943,2081,70,31,25,30,34,824,216,Matches
369,Vitaliy Mykolenko,ua UKR,DF,Everton,25-346,1999,31.2,1541,115,480,656,416,30,1541,20,8,40.0,9,45.0,636,2617,1432,31,27,1,21,10,783,90,Matches
370,Iliman Ndiaye,sn SEN,FW,Everton,25-065,2000,25.0,1000,34,202,411,435,77,998,137,63,46.0,64,46.7,575,4508,2221,81,41,30,49,43,612,115,Matches
371,Wilfred Ndidi,ng NGA,MF,Leicester City,28-145,1996,23.9,1298,113,430,634,246,60,1298,32,13,40.6,17,53.1,628,2576,1029,17,23,2,34,33,772,75,Matches
372,Kosta Nedeljković,rs SRB,DF,Aston Villa,19-145,2005,1.4,66,4,15,32,19,0,66,2,1,50.0,1,50.0,27,101,33,1,0,0,1,0,32,0,Matches
373,Reiss Nelson,eng ENG,FW,Arsenal,25-151,1999,0.0,2,0,1,1,0,0,2,0,0,,0,,1,4,4,0,0,0,0,0,1,0,Matches
374,Reiss Nelson,eng ENG,FW,Fulham,25-151,1999,5.4,347,5,30,110,212,35,347,35,13,37.1,13,37.1,259,1956,960,45,25,21,14,8,274,63,Matches
375,Neto,br BRA,GK,Bournemouth,35-295,1989,2.0,70,60,70,0,0,0,70,0,0,,0,,35,148,99,0,0,0,0,0,28,0,Matches
Rk,Player,Nation,Pos,Squad,Age,Born,90s,Touches,Def Pen,Def 3rd,Mid 3rd,Att 3rd,Att Pen,Live,Att,Succ,Succ%,Tkld,Tkld%,Carries,TotDist,PrgDist,PrgC,1/3,CPA,Mis,Dis,Rec,PrgR,Matches
376,Pedro Neto,pt POR,FW,Chelsea,25-062,2000,22.4,1034,12,92,302,657,108,1034,92,30,32.6,40,43.5,672,5643,3004,118,52,42,40,25,753,229,Matches
377,Eddie Nketiah,eng ENG,"FW,MF",Crystal Palace,25-345,1999,9.9,368,10,40,155,180,61,368,19,10,52.6,6,31.6,217,1569,815,38,22,13,30,16,264,68,Matches
378,Christopher Nkunku,fr FRA,FW,Chelsea,27-177,1997,10.2,448,10,52,183,217,52,448,27,10,37.0,14,51.9,280,1368,628,17,16,13,18,17,356,68,Matches
379,Gustavo Nunes,br BRA,"FW,MF",Brentford,19-171,2005,0.1,7,1,4,1,2,1,7,0,0,,0,,1,16,11,1,0,1,1,0,1,0,Matches
380,Matheus Nunes,pt POR,"DF,MF",Manchester City,26-256,1998,16.6,1267,39,221,494,560,54,1267,36,16,44.4,13,36.1,779,4099,2131,59,31,22,29,13,916,156,Matches
381,Darwin Núñez,uy URU,FW,Liverpool,25-320,1999,11.7,340,10,44,113,193,66,340,21,8,38.1,12,57.1,184,999,529,22,17,12,21,19,228,69,Matches
382,Ethan Nwaneri,eng ENG,"FW,MF",Arsenal,18-050,2007,9.1,496,3,43,160,298,40,496,55,32,58.2,17,30.9,334,2641,1243,44,23,16,21,17,362,102,Matches
383,Christian Nørgaard,dk DEN,MF,Brentford,31-061,1994,28.3,1638,161,561,780,312,52,1638,13,6,46.2,5,38.5,738,2771,1204,12,12,4,31,18,974,37,Matches
384,Jake O'Brien,ie IRL,DF,Everton,23-360,2001,15.5,805,69,321,352,135,18,805,10,4,40.0,5,50.0,356,1594,743,7,6,2,5,5,428,24,Matches
385,Matt O'Riley,dk DEN,MF,Brighton,24-170,2000,9.4,468,17,68,212,190,40,468,12,7,58.3,4,33.3,243,1018,493,19,11,7,16,3,275,47,Matches
386,Dara O'Shea,ie IRL,DF,Ipswich Town,26-067,1999,31.7,1841,361,1065,663,118,48,1841,2,1,50.0,1,50.0,805,3520,1751,3,2,0,11,4,1048,8,Matches
387,Chidozie Obi-Martin,dk DEN,FW,Manchester Utd,17-162,2007,1.7,44,3,6,19,19,8,44,3,1,33.3,2,66.7,22,114,50,2,0,1,5,1,29,12,Matches
388,Wilson Odobert,fr FRA,FW,Tottenham,20-163,2004,7.0,306,5,32,109,168,32,306,29,12,41.4,14,48.3,221,1718,1028,40,21,17,16,14,229,56,Matches
389,Chiedozie Ogbene,ie IRL,FW,Ipswich Town,28-009,1997,2.6,70,3,11,19,40,6,70,7,1,14.3,3,42.9,41,330,139,7,2,2,4,2,43,15,Matches
390,Caleb Okoli,it ITA,DF,Leicester City,23-301,2001,12.5,804,152,450,324,35,10,804,0,0,,0,,467,2304,1106,3,6,0,10,2,483,2,Matches
391,Robin Olsen,se SWE,GK,Aston Villa,35-122,1990,2.0,83,73,82,1,0,0,83,0,0,,0,,44,226,109,0,0,0,0,0,41,0,Matches
392,Amadou Onana,be BEL,MF,Aston Villa,23-267,2001,15.3,858,62,233,506,133,21,858,17,11,64.7,3,17.6,468,2424,1293,21,20,1,10,9,579,14,Matches
393,André Onana,cm CMR,GK,Manchester Utd,29-038,1996,33.0,1323,1005,1302,22,0,0,1323,0,0,,0,,932,4682,2615,0,0,0,1,0,810,0,Matches
394,Paul Onuachu,ng NGA,FW,Southampton,30-347,1994,11.4,428,17,43,228,160,66,428,25,7,28.0,14,56.0,208,829,243,7,5,2,49,33,349,40,Matches
395,Frank Onyeka,ng NGA,MF,Brentford,27-129,1998,0.3,10,0,1,5,4,0,10,0,0,,0,,6,55,14,0,0,0,2,1,6,0,Matches
396,Lewis Orford,eng ENG,MF,West Ham,19-081,2006,0.5,42,1,8,28,7,2,42,0,0,,0,,22,98,27,0,0,0,1,0,31,1,Matches
397,Stefan Ortega,de GER,GK,Manchester City,32-185,1992,12.2,492,383,489,3,0,0,492,0,0,,0,,323,1489,864,0,0,0,0,0,309,0,Matches
398,William Osula,dk DEN,FW,Newcastle Utd,21-279,2003,1.2,41,1,2,17,22,4,41,6,3,50.0,3,50.0,25,151,55,2,1,0,5,5,27,12,Matches
399,Dango Ouattara,bf BFA,FW,Bournemouth,23-088,2002,22.3,959,62,165,316,497,128,959,82,39,47.6,34,41.5,492,3577,1777,79,35,38,63,32,577,191,Matches
400,Nico O’Reilly,eng ENG,DF,Manchester City,20-050,2005,5.7,416,14,70,221,130,18,416,15,9,60.0,6,40.0,246,1160,574,16,14,0,14,12,296,25,Matches
Rk,Player,Nation,Pos,Squad,Age,Born,90s,Touches,Def Pen,Def 3rd,Mid 3rd,Att 3rd,Att Pen,Live,Att,Succ,Succ%,Tkld,Tkld%,Carries,TotDist,PrgDist,PrgC,1/3,CPA,Mis,Dis,Rec,PrgR,Matches
401,Alex Palmer,eng ENG,GK,Ipswich Town,28-273,1996,11.0,400,334,393,8,0,0,400,0,0,,0,,180,1022,604,0,0,0,1,0,132,0,Matches
402,Cole Palmer,eng ENG,MF,Chelsea,23-004,2002,32.5,1694,20,140,759,817,133,1689,107,50,46.7,41,38.3,1074,7279,3497,110,67,39,63,34,1248,169,Matches
403,Emerson Palmieri,it ITA,DF,West Ham,30-280,1994,23.4,1323,82,422,557,359,28,1323,30,10,33.3,17,56.7,553,3011,1736,47,25,9,24,7,745,83,Matches
404,Lucas Paquetá,br BRA,"MF,FW",West Ham,27-256,1997,26.0,1738,62,360,957,435,57,1736,43,18,41.9,20,46.5,891,3185,1300,22,32,2,53,50,1220,82,Matches
405,Thomas Partey,gh GHA,"MF,DF",Arsenal,31-331,1993,28.1,1989,66,418,1098,485,28,1989,33,22,66.7,9,27.3,1125,6034,3235,32,37,3,22,16,1416,47,Matches
406,Nathan Patterson,sct SCO,DF,Everton,23-206,2001,3.9,215,11,52,90,75,5,215,12,9,75.0,2,16.7,95,420,216,6,5,2,4,2,117,18,Matches
407,Andreas Pereira,br BRA,MF,Fulham,29-129,1996,20.9,1096,17,156,446,511,39,1095,29,13,44.8,8,27.6,556,2647,1266,27,35,8,26,21,648,78,Matches
408,Ricardo Pereira,pt POR,DF,Leicester City,31-216,1993,3.8,255,14,78,141,37,5,255,8,5,62.5,2,25.0,132,389,147,3,3,2,2,0,143,5,Matches
409,Kalvin Phillips,eng ENG,MF,Ipswich Town,29-159,1995,13.7,739,61,223,398,122,5,739,12,5,41.7,6,50.0,310,1489,569,4,5,0,25,10,394,4,Matches
410,Jaden Philogene Bidace,eng ENG,"FW,MF",Aston Villa,23-091,2002,3.7,145,4,27,54,66,14,145,15,4,26.7,8,53.3,75,520,239,7,5,7,7,3,83,17,Matches
411,Jaden Philogene Bidace,eng ENG,"FW,DF",Ipswich Town,23-091,2002,5.3,220,10,53,68,101,18,220,18,5,27.8,11,61.1,127,862,305,13,3,5,11,10,133,36,Matches
412,Jordan Pickford,eng ENG,GK,Everton,31-064,1994,35.0,1561,1009,1494,68,0,0,1561,0,0,,0,,895,5506,3246,0,0,0,2,0,788,0,Matches
413,Ethan Pinnock,jm JAM,DF,Brentford,31-346,1993,21.3,1348,294,783,457,109,24,1348,9,3,33.3,6,66.7,633,3117,1633,3,4,0,2,4,760,9,Matches
414,Daniel Podence,pt POR,"MF,FW",Wolves,29-201,1995,0.5,20,0,2,11,7,0,20,2,2,100.0,0,0.0,13,77,43,1,1,0,0,0,17,3,Matches
415,Alfie Pond,eng ENG,DF,Wolves,21-070,2004,0.0,1,0,0,1,0,0,1,0,0,,0,,1,2,2,0,0,0,0,0,1,0,Matches
416,Nick Pope,eng ENG,GK,Newcastle Utd,33-021,1992,25.0,773,612,762,11,0,0,773,0,0,,0,,397,2227,1519,0,0,0,0,1,273,0,Matches
417,Pedro Porro,es ESP,DF,Tottenham,25-239,1999,27.4,2131,124,623,772,749,30,2131,39,13,33.3,24,61.5,1132,5141,2677,63,40,5,23,17,1229,106,Matches
418,Jarell Quansah,eng ENG,DF,Liverpool,22-101,2003,4.5,377,47,191,160,26,5,377,2,1,50.0,1,50.0,220,1171,592,2,3,1,5,2,266,4,Matches
419,Hákon Rafn Valdimarsson,is ISL,GK,Brentford,23-209,2001,1.6,72,60,71,1,0,0,72,0,0,,0,,44,191,80,0,0,0,0,0,36,0,Matches
420,Aaron Ramsdale,eng ENG,GK,Southampton,26-361,1998,27.0,1189,860,1166,26,0,0,1189,0,0,,0,,723,3682,2159,0,0,0,3,0,646,0,Matches
421,Jacob Ramsey,eng ENG,"FW,MF",Aston Villa,23-347,2001,16.8,726,12,136,259,344,67,726,42,24,57.1,10,23.8,474,3179,1631,57,31,19,39,21,552,105,Matches
422,Marcus Rashford,eng ENG,"FW,MF",Manchester Utd,27-191,1997,10.9,440,3,35,189,222,34,440,39,9,23.1,26,66.7,293,1694,728,20,19,12,14,6,341,79,Matches
423,Marcus Rashford,eng ENG,FW,Aston Villa,27-191,1997,4.9,227,2,14,58,159,30,226,22,9,40.9,13,59.1,127,892,471,22,10,15,8,1,149,42,Matches
424,David Raya,es ESP,GK,Arsenal,29-237,1995,35.0,1367,802,1284,83,0,0,1367,1,1,100.0,0,0.0,856,4275,2563,0,0,0,1,0,789,0,Matches
425,Harrison Reed,eng ENG,MF,Fulham,30-103,1995,1.2,78,2,11,28,40,5,78,2,0,0.0,1,50.0,31,95,27,1,1,0,2,2,38,7,Matches
Rk,Player,Nation,Pos,Squad,Age,Born,90s,Touches,Def Pen,Def 3rd,Mid 3rd,Att 3rd,Att Pen,Live,Att,Succ,Succ%,Tkld,Tkld%,Carries,TotDist,PrgDist,PrgC,1/3,CPA,Mis,Dis,Rec,PrgR,Matches
426,Remy Rees-Dottin,eng ENG,FW,Bournemouth,19-065,2006,0.0,0,0,0,0,0,0,0,0,0,,0,,0,0,0,0,0,0,0,0,0,0,Matches
427,Sergio Reguilón,es ESP,DF,Tottenham,28-145,1996,1.4,121,2,28,61,33,3,121,4,2,50.0,0,0.0,64,293,180,4,2,1,1,1,74,10,Matches
428,Vitor Reis,br BRA,DF,Manchester City,19-118,2006,0.0,3,1,2,1,0,0,3,1,1,100.0,0,0.0,2,3,0,0,0,0,0,0,2,0,Matches
429,Chadi Riad,ma MAR,DF,Crystal Palace,21-327,2003,1.0,90,5,41,49,1,0,90,0,0,,0,,58,318,232,2,0,0,1,0,69,0,Matches
430,Declan Rice,eng ENG,MF,Arsenal,26-116,1999,29.4,1839,71,302,863,693,77,1839,28,13,46.4,14,50.0,977,6149,3274,88,54,16,36,29,1204,92,Matches
431,Chris Richards,us USA,DF,Crystal Palace,25-043,2000,18.4,985,113,527,397,67,18,985,6,1,16.7,5,83.3,453,2079,916,5,5,0,5,5,547,1,Matches
432,Richarlison,br BRA,FW,Tottenham,28-000,1997,5.3,161,8,19,81,62,29,161,15,1,6.7,13,86.7,87,419,164,8,8,3,9,8,118,22,Matches
433,Andrew Robertson,sct SCO,DF,Liverpool,31-060,1994,25.6,1947,86,500,882,578,50,1947,18,7,38.9,10,55.6,1028,4511,2588,58,48,6,25,11,1302,95,Matches
434,Antonee Robinson,us USA,DF,Fulham,27-275,1997,33.2,2404,128,765,911,763,67,2404,78,34,43.6,33,42.3,1278,7011,4057,114,60,29,41,18,1440,265,Matches
435,Jay Robinson,eng ENG,"MF,FW",Southampton,18-056,2007,0.4,17,2,5,5,8,1,17,5,2,40.0,3,60.0,10,69,34,1,1,0,0,0,10,2,Matches
436,Rodri,es ESP,MF,Manchester City,28-322,1996,0.7,65,1,12,30,24,0,65,1,0,0.0,0,0.0,34,125,42,0,2,0,0,0,49,1,Matches
437,Guido Rodríguez,ar ARG,MF,West Ham,31-028,1994,11.3,617,42,196,366,56,2,617,3,2,66.7,0,0.0,284,988,392,2,5,0,2,6,354,5,Matches
438,Mads Roerslev,dk DEN,DF,Brentford,25-320,1999,12.2,645,49,234,268,146,20,645,19,7,36.8,8,42.1,352,1630,858,17,13,0,9,6,407,54,Matches
439,Morgan Rogers,eng ENG,"FW,MF",Aston Villa,22-288,2002,31.7,1269,36,185,557,553,135,1269,153,65,42.5,68,44.4,744,5277,3036,108,64,33,104,68,897,177,Matches
440,Cristian Romero,ar ARG,DF,Tottenham,27-013,1998,15.7,1377,157,594,720,74,23,1377,4,1,25.0,2,50.0,896,4702,2893,12,18,0,10,5,936,3,Matches
441,Georginio Rutter,fr FRA,"MF,FW",Brighton,23-020,2002,18.4,641,20,83,246,326,79,641,71,27,38.0,34,47.9,361,2467,1405,42,36,16,45,37,411,79,Matches
442,José Sá,pt POR,GK,Wolves,32-113,1993,27.0,911,725,903,9,0,0,911,7,7,100.0,0,0.0,565,3380,2205,0,0,0,1,0,450,0,Matches
443,Bukayo Saka,eng ENG,"FW,MF",Arsenal,23-247,2001,17.1,875,6,52,192,639,146,874,84,37,44.0,35,41.7,558,3751,2133,82,28,45,29,38,635,233,Matches
444,Mohamed Salah,eg EGY,FW,Liverpool,32-329,1992,34.5,1568,10,90,474,1023,327,1559,125,55,44.0,65,52.0,1079,6473,3375,143,54,115,109,63,1313,440,Matches
445,William Saliba,fr FRA,DF,Arsenal,24-047,2001,32.3,2717,178,1072,1519,141,18,2717,19,12,63.2,6,31.6,1675,7362,4013,16,17,1,18,7,2056,6,Matches
446,Robert Sánchez,es ESP,GK,Chelsea,27-173,1997,29.0,1197,883,1186,11,0,0,1197,0,0,,0,,805,3986,2517,0,0,0,0,0,751,0,Matches
447,Jadon Sancho,eng ENG,FW,Chelsea,25-046,2000,18.7,926,11,115,269,552,119,926,95,45,47.4,38,40.0,626,4310,2374,98,33,56,29,21,726,218,Matches
448,Ibrahim Sangaré,ci CIV,MF,Nott'ham Forest,27-159,1997,4.1,261,14,65,158,40,7,261,1,0,0.0,1,100.0,101,420,137,0,2,0,4,1,146,3,Matches
449,Pablo Sarabia,es ESP,"MF,FW",Wolves,32-364,1992,8.0,465,4,53,227,188,23,465,13,6,46.2,5,38.5,272,1225,615,12,14,0,16,12,321,52,Matches
450,Jeremy Sarmiento,ec ECU,MF,Brighton,22-328,2002,0.1,8,0,0,6,2,0,8,0,0,,0,,6,61,10,0,0,0,1,0,7,2,Matches
Rk,Player,Nation,Pos,Squad,Age,Born,90s,Touches,Def Pen,Def 3rd,Mid 3rd,Att 3rd,Att Pen,Live,Att,Succ,Succ%,Tkld,Tkld%,Carries,TotDist,PrgDist,PrgC,1/3,CPA,Mis,Dis,Rec,PrgR,Matches
451,Ismaila Sarr,sn SEN,"MF,FW",Crystal Palace,27-074,1998,27.6,1007,43,165,377,475,124,1007,55,17,30.9,29,52.7,555,3452,1930,69,42,26,64,42,684,169,Matches
452,Sávio,br BRA,"FW,MF",Manchester City,21-030,2004,19.3,1071,14,55,281,754,149,1071,111,51,45.9,39,35.1,766,6326,3494,133,44,73,42,37,834,239,Matches
453,Oliver Scarles,eng ENG,DF,West Ham,19-149,2005,6.6,420,27,140,166,118,7,420,6,1,16.7,5,83.3,190,770,445,11,9,1,10,3,243,39,Matches
454,Dane Scarlett,eng ENG,"FW,MF",Tottenham,21-047,2004,0.4,9,1,3,5,1,1,9,0,0,,0,,5,66,33,1,0,0,0,1,4,1,Matches
455,Kevin Schade,de GER,FW,Brentford,23-164,2001,23.0,804,37,135,221,463,129,804,81,29,35.8,46,56.8,399,2831,1275,56,26,35,54,34,497,146,Matches
456,Fabian Schär,ch SUI,DF,Newcastle Utd,33-141,1991,29.6,2111,239,1089,900,133,33,2111,12,8,66.7,2,16.7,1331,5989,3403,14,23,2,11,6,1474,18,Matches
457,Jeffrey Schlupp,gh GHA,"MF,DF",Crystal Palace,32-138,1992,1.1,79,2,9,31,41,6,79,1,1,100.0,0,0.0,30,150,67,4,1,1,7,0,41,9,Matches
458,Alex Scott,eng ENG,MF,Bournemouth,21-262,2003,7.9,456,22,84,245,133,18,456,26,6,23.1,13,50.0,237,1350,640,15,9,3,22,8,274,33,Matches
459,Matz Sels,be BEL,GK,Nott'ham Forest,33-073,1992,35.0,1018,777,1002,16,0,0,1018,0,0,,0,,489,2942,1500,0,1,1,0,0,392,0,Matches
460,Nélson Semedo,pt POR,DF,Wolves,31-175,1993,29.6,1551,116,446,707,416,24,1551,64,29,45.3,27,42.2,790,4544,2320,61,36,9,40,19,882,109,Matches
461,Antoine Semenyo,gh GHA,FW,Bournemouth,25-123,2000,32.6,1503,44,187,526,824,176,1503,125,64,51.2,52,41.6,904,6869,3409,133,65,65,79,72,1041,259,Matches
462,Marcos Senesi,ar ARG,DF,Bournemouth,28-000,1997,11.3,783,67,349,376,67,12,783,9,5,55.6,4,44.4,483,2498,1465,12,14,0,6,5,493,5,Matches
463,Ryan Sessegnon,eng ENG,"FW,DF",Fulham,24-357,2000,5.2,260,10,58,83,124,38,260,17,5,29.4,10,58.8,129,833,434,14,11,9,14,6,149,51,Matches
464,Luke Shaw,eng ENG,DF,Manchester Utd,29-302,1995,2.4,234,15,92,105,37,4,234,1,0,0.0,1,100.0,170,814,402,6,6,0,2,0,183,7,Matches
465,Zain Silcott-Duberry,ms MSR,FW,Bournemouth,19-305,2005,0.0,3,0,1,0,2,0,3,0,0,,0,,1,6,6,0,0,0,0,0,2,0,Matches
466,Bernardo Silva,pt POR,"MF,FW",Manchester City,30-273,1994,26.7,1816,48,318,739,777,131,1816,59,27,45.8,25,42.4,1137,7253,3650,94,60,31,21,32,1346,184,Matches
467,Jota Silva,pt POR,"FW,MF",Nott'ham Forest,25-282,1999,9.4,347,19,82,98,178,45,347,33,10,30.3,14,42.4,172,1129,610,20,12,8,24,12,198,58,Matches
468,Eric da Silva Moreira,de GER,"MF,DF",Nott'ham Forest,19-007,2006,0.3,13,3,7,4,2,0,13,1,0,0.0,1,100.0,4,26,11,1,0,0,1,0,3,1,Matches
469,Jahmai Simpson-Pusey,eng ENG,DF,Manchester City,19-187,2005,1.1,123,9,61,59,3,1,123,1,0,0.0,0,0.0,79,376,190,1,0,0,1,0,101,0,Matches
470,Luis Sinisterra,co COL,"FW,MF",Bournemouth,25-327,1999,2.6,155,7,18,41,96,23,155,20,8,40.0,10,50.0,95,744,393,19,6,10,6,3,102,38,Matches
471,Oliver Skipp,eng ENG,MF,Leicester City,24-236,2000,11.1,557,24,121,350,90,7,557,11,6,54.5,5,45.5,321,1311,629,16,7,3,11,5,390,19,Matches
472,William Smallbone,ie IRL,MF,Southampton,25-078,2000,7.2,401,15,76,198,131,14,401,6,4,66.7,2,33.3,182,774,391,5,9,1,11,5,243,23,Matches
473,Adam Smith,eng ENG,DF,Bournemouth,34-011,1991,15.7,707,39,217,332,162,6,707,15,6,40.0,6,40.0,305,1295,585,12,15,0,10,6,333,31,Matches
474,Emile Smith Rowe,eng ENG,MF,Fulham,24-286,2000,21.0,1128,20,155,534,449,55,1128,33,16,48.5,15,45.5,734,3552,1838,50,38,11,35,13,867,115,Matches
475,Dominic Solanke,eng ENG,FW,Tottenham,27-238,1997,23.5,636,31,68,290,284,111,636,50,16,32.0,31,62.0,374,2024,803,29,21,14,67,47,448,88,Matches
Rk,Player,Nation,Pos,Squad,Age,Born,90s,Touches,Def Pen,Def 3rd,Mid 3rd,Att 3rd,Att Pen,Live,Att,Succ,Succ%,Tkld,Tkld%,Carries,TotDist,PrgDist,PrgC,1/3,CPA,Mis,Dis,Rec,PrgR,Matches
476,Carlos Soler,es ESP,"MF,FW",West Ham,28-128,1997,15.1,748,26,173,391,189,23,748,18,8,44.4,9,50.0,341,1678,714,16,16,4,12,14,506,33,Matches
477,Julio Soler,ar ARG,FW,Bournemouth,20-083,2005,0.0,4,0,2,1,1,0,4,0,0,,0,,2,2,2,0,0,0,1,0,3,0,Matches
478,Ramón Sosa,py PAR,"FW,MF",Nott'ham Forest,25-252,1999,3.3,154,6,36,48,77,15,154,13,8,61.5,5,38.5,75,601,333,12,7,5,6,5,81,17,Matches
479,Tomáš Souček,cz CZE,MF,West Ham,30-072,1995,25.9,1168,110,315,577,280,97,1168,11,6,54.5,5,45.5,449,1361,470,6,10,3,17,13,696,65,Matches
480,Boubakary Soumaré,fr FRA,MF,Leicester City,26-072,1999,21.8,1324,64,352,835,150,17,1324,44,27,61.4,13,29.5,788,3636,1881,31,16,3,20,21,929,21,Matches
481,Djed Spence,eng ENG,DF,Tottenham,24-274,2000,17.8,1316,72,448,600,288,25,1316,69,34,49.3,28,40.6,741,4422,2372,56,41,7,26,31,812,70,Matches
482,Jay Stansfield,eng ENG,MF,Fulham,22-167,2002,0.0,0,0,0,0,0,0,0,0,0,,0,,0,0,0,0,0,0,0,0,0,0,Matches
483,Jason Steele,eng ENG,GK,Brighton,34-265,1990,2.0,114,107,114,0,0,0,114,0,0,,0,,91,361,151,0,0,0,0,0,83,0,Matches
484,Jack Stephens,eng ENG,DF,Southampton,31-103,1994,13.4,976,109,403,482,95,11,976,4,0,0.0,4,100.0,552,2592,1209,13,12,1,3,3,690,2,Matches
485,Raheem Sterling,eng ENG,"FW,MF",Arsenal,30-153,1994,4.9,247,2,8,52,190,37,247,25,9,36.0,9,36.0,178,1278,690,25,9,15,11,14,188,73,Matches
486,Ross Stewart,sct SCO,FW,Southampton,28-303,1996,3.2,96,7,21,36,39,6,96,2,1,50.0,1,50.0,49,199,63,1,0,1,5,7,72,6,Matches
487,Jakub Stolarczyk,pl POL,GK,Leicester City,24-142,2000,7.0,277,208,272,6,0,0,277,0,0,,0,,157,686,430,0,0,0,1,0,158,0,Matches
488,John Stones,eng ENG,"DF,MF",Manchester City,30-347,1994,6.1,442,40,142,234,68,4,442,2,2,100.0,0,0.0,292,2146,1183,10,14,0,2,0,333,2,Matches
489,Jørgen Strand Larsen,no NOR,FW,Wolves,25-093,2000,27.4,695,34,83,329,284,104,695,17,7,41.2,10,58.8,328,1137,446,16,13,9,88,32,507,106,Matches
490,Yukinari Sugawara,jp JPN,"DF,MF",Southampton,24-316,2000,16.3,1023,61,306,395,327,29,1023,20,9,45.0,10,50.0,553,2517,1354,32,15,7,18,4,692,76,Matches
491,Kamaldeen Sulemana,gh GHA,"FW,MF",Southampton,23-084,2002,13.1,509,13,65,190,272,50,509,92,33,35.9,51,55.4,331,2842,1409,57,34,23,37,22,358,76,Matches
492,Crysencio Summerville,nl NED,"FW,MF",West Ham,23-192,2001,8.7,372,9,47,147,181,38,372,39,13,33.3,18,46.2,207,1463,762,29,15,13,20,16,259,71,Matches
493,Sammie Szmodics,ie IRL,"FW,MF",Ipswich Town,29-228,1995,10.9,309,17,80,119,116,33,309,12,4,33.3,6,50.0,174,989,399,16,8,7,24,17,189,46,Matches
494,Dominik Szoboszlai,hu HUN,MF,Liverpool,24-197,2000,25.3,1450,24,188,704,576,96,1450,35,19,54.3,13,37.1,740,3786,2119,65,46,17,34,22,991,120,Matches
495,Matt Targett,eng ENG,DF,Newcastle Utd,29-234,1995,0.2,17,0,3,8,6,0,17,0,0,,0,,4,12,6,0,0,0,0,0,12,1,Matches
496,James Tarkowski,eng ENG,DF,Everton,32-172,1992,32.5,1706,355,974,635,106,57,1706,7,5,71.4,2,28.6,727,3610,1943,9,10,0,13,7,927,3,Matches
497,Marcus Tavernier,eng ENG,"FW,MF",Bournemouth,26-049,1999,18.6,1000,18,114,385,523,51,1000,57,24,42.1,28,49.1,567,3510,1622,41,40,7,39,43,641,106,Matches
498,Charlie Taylor,eng ENG,DF,Southampton,31-234,1993,3.0,219,21,93,91,36,1,219,2,2,100.0,0,0.0,91,386,155,3,3,0,1,1,133,6,Matches
499,Jack Taylor,ie IRL,MF,Ipswich Town,26-321,1998,8.5,477,28,140,259,89,8,477,9,4,44.4,3,33.3,232,1414,755,11,10,1,10,6,303,21,Matches
500,Mathys Tel,fr FRA,FW,Tottenham,20-013,2005,7.2,315,2,33,117,173,32,314,38,9,23.7,24,63.2,208,1207,597,18,18,7,19,11,221,57,Matches
Rk,Player,Nation,Pos,Squad,Age,Born,90s,Touches,Def Pen,Def 3rd,Mid 3rd,Att 3rd,Att Pen,Live,Att,Succ,Succ%,Tkld,Tkld%,Carries,TotDist,PrgDist,PrgC,1/3,CPA,Mis,Dis,Rec,PrgR,Matches
501,Kenny Tete,nl NED,DF,Fulham,29-213,1995,16.7,1033,58,332,422,287,32,1033,19,8,42.1,6,31.6,534,2548,1229,33,20,7,16,10,596,47,Matches
502,Thiago,br BRA,FW,Brentford,23-318,2001,1.6,64,6,12,26,27,3,64,4,3,75.0,1,25.0,35,127,42,3,2,1,5,1,39,4,Matches
503,Luke Thomas,eng ENG,DF,Leicester City,23-334,2001,9.7,644,39,237,312,99,7,644,5,2,40.0,3,60.0,314,1224,497,3,7,2,10,2,363,13,Matches
504,Youri Tielemans,be BEL,MF,Aston Villa,28-003,1997,33.3,2361,100,472,1357,557,42,2360,60,31,51.7,18,30.0,1275,5522,2541,39,26,9,30,29,1654,48,Matches
505,Kieran Tierney,sct SCO,"DF,FW",Arsenal,27-339,1997,2.0,133,4,20,46,67,4,133,3,1,33.3,1,33.3,58,231,125,5,3,1,1,0,90,22,Matches
506,Jurriën Timber,nl NED,DF,Arsenal,23-327,2001,26.9,1661,51,304,859,505,66,1661,53,24,45.3,24,45.3,890,3916,2076,57,27,11,33,24,1052,104,Matches
507,Jean-Clair Todibo,fr FRA,DF,West Ham,25-131,1999,17.4,1090,146,603,452,44,10,1090,14,7,50.0,7,50.0,623,2686,1363,9,5,0,13,9,735,5,Matches
508,Harry Toffolo,eng ENG,DF,Nott'ham Forest,29-264,1995,1.5,88,9,32,22,34,2,88,0,0,,0,,17,57,23,0,0,0,0,0,30,4,Matches
509,Takehiro Tomiyasu,jp JPN,DF,Arsenal,26-186,1998,0.1,7,1,4,1,2,1,7,0,0,,0,,1,7,5,0,0,0,0,0,2,0,Matches
510,Sandro Tonali,it ITA,MF,Newcastle Utd,25-002,2000,26.2,1624,63,372,896,382,41,1624,35,19,54.3,13,37.1,877,4784,2014,33,34,5,27,23,1126,48,Matches
511,Pau Torres,es ESP,DF,Aston Villa,28-114,1997,20.2,1349,218,654,622,79,16,1349,17,15,88.2,2,11.8,839,5524,3596,33,20,0,4,4,963,4,Matches
512,Conor Townsend,eng ENG,DF,Ipswich Town,32-067,1993,3.7,172,28,87,50,38,5,172,0,0,,0,,53,278,136,2,2,0,2,2,75,13,Matches
513,Adama Traoré,es ESP,"FW,MF",Fulham,29-105,1996,17.7,737,4,75,260,424,88,737,93,47,50.5,35,37.6,490,4164,2268,89,42,33,34,21,556,145,Matches
514,Boubacar Traoré,ml MLI,MF,Wolves,23-263,2001,0.0,2,0,0,2,0,0,2,0,0,,0,,0,0,0,0,0,0,0,0,0,0,Matches
515,Mark Travers,ie IRL,GK,Bournemouth,25-357,1999,5.0,162,144,159,3,0,0,162,0,0,,0,,85,426,188,0,0,0,0,0,68,0,Matches
516,Ryan Trevitt,eng ENG,MF,Brentford,22-059,2003,0.0,7,1,2,4,1,0,7,0,0,,0,,4,7,2,0,0,0,0,0,4,1,Matches
517,Kieran Trippier,eng ENG,DF,Newcastle Utd,34-233,1990,14.2,1347,50,373,594,389,12,1347,8,4,50.0,4,50.0,587,2138,1158,25,14,4,11,8,818,53,Matches
518,Leandro Trossard,be BEL,FW,Arsenal,30-157,1994,26.2,1149,15,120,361,685,143,1149,72,30,41.7,32,44.4,733,4433,1942,75,49,29,57,43,857,207,Matches
519,Kostas Tsimikas,gr GRE,DF,Liverpool,28-363,1996,8.3,689,29,169,307,218,12,689,11,4,36.4,5,45.5,342,1446,746,16,6,2,5,4,438,42,Matches
520,Axel Tuanzebe,cd COD,DF,Ipswich Town,27-177,1997,16.1,793,89,343,348,108,6,793,10,4,40.0,6,60.0,339,1508,727,9,6,1,11,1,410,8,Matches
521,Destiny Udogie,it ITA,DF,Tottenham,22-163,2002,20.4,1336,60,377,591,383,49,1336,32,13,40.6,16,50.0,735,4188,2290,54,39,12,32,19,796,93,Matches
522,Manuel Ugarte Ribeiro,uy URU,MF,Manchester Utd,24-029,2001,19.0,1111,43,317,613,201,16,1111,32,18,56.3,10,31.3,642,2794,1306,16,16,1,29,25,693,20,Matches
523,Lesley Ugochukwu,fr FRA,MF,Southampton,21-045,2004,16.9,838,46,199,478,167,24,838,26,18,69.2,7,26.9,459,2486,1195,29,15,6,12,13,570,20,Matches
524,Enes Ünal,tr TUR,"FW,MF",Bournemouth,28-000,1997,3.8,172,6,14,63,95,26,172,12,1,8.3,10,83.3,91,261,95,4,3,1,17,13,133,22,Matches
525,Virgil van Dijk,nl NED,DF,Liverpool,33-306,1991,35.0,3125,425,1257,1719,159,48,3125,5,3,60.0,2,40.0,1746,8293,4531,18,22,3,9,5,2153,6,Matches
Rk,Player,Nation,Pos,Squad,Age,Born,90s,Touches,Def Pen,Def 3rd,Mid 3rd,Att 3rd,Att Pen,Live,Att,Succ,Succ%,Tkld,Tkld%,Carries,TotDist,PrgDist,PrgC,1/3,CPA,Mis,Dis,Rec,PrgR,Matches
526,Jamie Vardy,eng ENG,FW,Leicester City,38-119,1987,29.5,555,29,57,255,248,105,553,21,9,42.9,10,47.6,264,1360,645,27,11,14,34,12,356,110,Matches
527,Renato Veiga,pt POR,"DF,MF",Chelsea,21-285,2003,2.0,167,2,61,82,27,3,167,5,3,60.0,2,40.0,85,417,144,4,5,1,1,0,110,3,Matches
528,Joël Veltman,nl NED,DF,Brighton,33-115,1992,18.5,1102,65,328,544,240,10,1102,15,4,26.7,5,33.3,526,2815,1448,30,22,3,19,7,599,32,Matches
529,Micky van de Ven,nl NED,DF,Tottenham,24-021,2001,10.6,862,101,442,393,36,9,862,8,4,50.0,4,50.0,599,2790,1388,8,10,1,5,4,629,1,Matches
530,Bart Verbruggen,nl NED,GK,Brighton,22-265,2002,33.0,1304,1034,1291,13,0,0,1304,2,2,100.0,0,0.0,879,3266,1673,0,1,1,2,0,836,0,Matches
531,Jannik Vestergaard,dk DEN,DF,Leicester City,32-280,1992,15.5,1092,196,572,497,28,10,1092,4,4,100.0,0,0.0,672,2932,1458,3,3,0,2,0,757,2,Matches
532,Guglielmo Vicario,it ITA,GK,Tottenham,28-215,1996,23.0,892,599,874,18,0,0,892,1,1,100.0,0,0.0,636,2955,1635,0,0,0,0,0,577,0,Matches
533,Carlos Vinícius,br BRA,"MF,FW",Fulham,30-046,1995,0.2,7,0,1,3,3,2,7,1,1,100.0,0,0.0,7,24,11,1,0,1,1,0,6,3,Matches
534,Kyle Walker,eng ENG,DF,Manchester City,34-347,1990,10.8,892,26,197,473,228,5,892,6,3,50.0,2,33.3,499,2284,1106,12,13,0,9,2,630,11,Matches
535,Kyle Walker-Peters,eng ENG,DF,Southampton,28-027,1997,32.4,2022,151,615,884,540,59,2022,92,38,41.3,39,42.4,1271,7917,4373,114,72,24,32,39,1433,144,Matches
536,Christian Walton,eng ENG,GK,Ipswich Town,29-182,1995,6.0,242,224,241,1,0,0,242,0,0,,0,,122,572,305,0,0,0,0,0,117,0,Matches
537,Aaron Wan-Bissaka,eng ENG,DF,West Ham,27-165,1997,32.0,2039,136,628,877,564,44,2039,108,57,52.8,37,34.3,961,6100,3383,101,59,13,31,21,1174,150,Matches
538,Danny Ward,wls WAL,GK,Leicester City,31-322,1993,1.5,55,40,55,0,0,0,55,1,0,0.0,1,100.0,44,176,107,0,0,0,0,0,35,0,Matches
539,Joel Ward,eng ENG,DF,Crystal Palace,35-193,1989,0.0,2,0,0,2,0,0,2,0,0,,0,,0,0,0,0,0,0,0,0,0,0,Matches
540,James Ward-Prowse,eng ENG,MF,West Ham,30-190,1994,9.0,668,28,142,404,122,5,668,5,2,40.0,3,60.0,321,1548,674,9,13,0,3,6,459,4,Matches
541,James Ward-Prowse,eng ENG,MF,Nott'ham Forest,30-190,1994,4.4,205,13,49,115,45,1,205,0,0,,0,,92,407,170,1,3,0,3,3,115,3,Matches
542,Ollie Watkins,eng ENG,FW,Aston Villa,29-131,1995,25.9,636,18,48,229,368,155,634,38,9,23.7,25,65.8,375,2071,1052,52,21,36,53,46,502,148,Matches
543,Adam Webster,eng ENG,DF,Brighton,30-126,1995,6.9,569,84,279,271,22,8,569,3,1,33.3,2,66.7,326,1927,1142,7,2,0,3,1,384,2,Matches
544,Danny Welbeck,eng ENG,FW,Brighton,34-165,1990,21.6,648,15,50,277,326,90,648,36,12,33.3,21,58.3,395,1807,777,19,20,7,45,25,483,83,Matches
545,Welington,br BRA,"DF,MF",Southampton,24-080,2001,2.4,131,11,46,48,40,2,131,4,3,75.0,0,0.0,47,200,116,3,3,1,6,0,55,10,Matches
546,Timo Werner,de GER,"FW,MF",Tottenham,29-065,1996,5.7,298,8,24,78,203,33,298,19,10,52.6,8,42.1,215,1768,1062,42,24,18,14,6,227,89,Matches
547,Adam Wharton,eng ENG,MF,Crystal Palace,20-342,2004,14.6,871,30,204,462,212,11,871,10,2,20.0,8,80.0,430,2014,1078,14,23,2,17,13,533,11,Matches
548,Ben White,eng ENG,DF,Arsenal,27-214,1997,10.5,633,46,183,289,165,20,633,4,0,0.0,3,75.0,292,1136,622,11,11,3,8,4,375,28,Matches
549,Mats Wieffer,nl NED,"MF,DF",Brighton,25-175,1999,8.3,668,34,157,358,162,14,668,13,6,46.2,6,46.2,393,1914,824,13,15,1,14,8,427,18,Matches
550,Neco Williams,wls WAL,DF,Nott'ham Forest,24-027,2001,25.8,1393,143,504,506,401,38,1393,44,18,40.9,18,40.9,569,3512,1970,60,28,15,29,17,654,86,Matches
Rk,Player,Nation,Pos,Squad,Age,Born,90s,Touches,Def Pen,Def 3rd,Mid 3rd,Att 3rd,Att Pen,Live,Att,Succ,Succ%,Tkld,Tkld%,Carries,TotDist,PrgDist,PrgC,1/3,CPA,Mis,Dis,Rec,PrgR,Matches
551,Willian,br BRA,"FW,MF",Fulham,36-274,1988,2.7,211,1,17,76,122,6,211,6,1,16.7,3,50.0,138,918,460,9,9,2,3,1,168,31,Matches
552,Joe Willock,eng ENG,"MF,FW",Newcastle Utd,25-263,1999,11.4,503,12,73,214,227,51,503,34,12,35.3,16,47.1,302,2082,984,36,27,14,35,23,347,82,Matches
553,Callum Wilson,eng ENG,FW,Newcastle Utd,33-072,1992,3.2,76,1,5,45,29,16,76,6,1,16.7,3,50.0,38,213,93,5,4,5,11,8,45,12,Matches
554,Harry Wilson,wls WAL,"FW,MF",Fulham,28-049,1997,11.1,516,9,67,185,273,48,516,24,9,37.5,10,41.7,299,1589,693,17,18,8,14,5,342,83,Matches
555,Harry Winks,eng ENG,MF,Leicester City,29-097,1996,17.1,1158,49,275,746,151,1,1158,12,3,25.0,8,66.7,696,3268,1522,19,13,0,13,8,827,11,Matches
556,Ben Winterburn,eng ENG,"FW,MF",Bournemouth,20-248,2004,0.3,9,0,2,5,2,1,9,0,0,,0,,6,50,40,2,0,1,0,0,6,2,Matches
557,Yoane Wissa,cd COD,FW,Brentford,28-249,1996,29.4,850,32,130,348,387,147,850,45,13,28.9,23,51.1,497,3104,1452,51,23,28,70,29,599,135,Matches
558,Chris Wood,nz NZL,FW,Nott'ham Forest,33-154,1991,29.9,698,36,84,334,282,89,695,12,4,33.3,7,58.3,339,1178,444,13,10,5,73,24,512,87,Matches
559,Nathan Wood-Gordon,eng ENG,DF,Southampton,22-344,2002,6.9,457,54,219,212,27,2,457,5,3,60.0,1,20.0,253,1150,454,2,6,0,4,1,339,0,Matches
560,Luke Woolfenden,eng ENG,DF,Ipswich Town,26-201,1998,13.2,694,147,407,278,9,3,694,0,0,,0,,368,2118,1249,7,3,0,4,0,442,0,Matches
561,Yehor Yarmoliuk,ua UKR,MF,Brentford,21-070,2004,13.3,794,52,219,411,179,15,794,21,10,47.6,9,42.9,410,2190,748,15,17,3,24,16,493,44,Matches
562,Ryan Yates,eng ENG,MF,Nott'ham Forest,27-170,1997,20.8,1001,77,266,488,257,40,1001,18,9,50.0,5,27.8,408,1961,888,17,18,1,23,18,526,14,Matches
563,Leny Yoro,fr FRA,DF,Manchester Utd,19-178,2005,12.4,847,83,395,385,70,13,847,4,2,50.0,2,50.0,577,2953,1646,19,13,1,3,4,615,4,Matches
564,Ashley Young,eng ENG,"DF,FW",Everton,39-305,1985,18.0,1043,52,316,452,280,9,1043,15,5,33.3,7,46.7,415,2128,1214,20,24,1,8,1,535,27,Matches
565,Illia Zabarnyi,ua UKR,DF,Bournemouth,22-251,2002,31.6,1869,218,860,961,69,13,1869,8,5,62.5,2,25.0,1158,7529,4451,25,20,0,14,3,1168,4,Matches
566,Oleksandr Zinchenko,ua UKR,"DF,MF",Arsenal,28-146,1996,5.1,409,13,75,205,130,18,409,4,3,75.0,0,0.0,233,1147,509,10,5,3,3,4,285,12,Matches
567,Joshua Zirkzee,nl NED,"FW,MF",Manchester Utd,23-353,2001,15.6,587,16,71,303,219,56,587,35,11,31.4,24,68.6,327,1483,523,14,21,4,41,30,418,69,Matches
568,Martin Ødegaard,no NOR,MF,Arsenal,26-144,1998,23.7,1550,7,108,655,801,105,1549,55,23,41.8,30,54.5,1071,6775,3426,82,74,23,33,38,1230,144,Matches
